Age,Attrition,BusinessTravel,DailyRate,Department,DistanceFromHome,Education,EducationField,EmployeeNumber,EnvironmentSatisfaction,Gender,HourlyRate,JobInvolvement,JobLevel,JobRole,JobSatisfaction,MaritalStatus,MonthlyIncome,MonthlyRate,NumCompaniesWorked,OverTime,PercentSalaryHike,PerformanceRating,RelationshipSatisfaction,StockOptionLevel,TotalWorkingYears,TrainingTimesLastYear,WorkLifeBalance,YearsAtCompany,YearsInCurrentRole,YearsSinceLastPromotion,YearsWithCurrManager,Attrition_Flag,Compensation_Ratio,Hike_Band,OverTime_Flag,Overtime_LowHike_Risk,Tenure_Per_Level,Total_Comp_Score,Exp_Pay_Ratio,BusinessTravel_Enc,Department_Enc,EducationField_Enc,Gender_Enc,JobRole_Enc,MaritalStatus_Enc,OverTime_Enc,Hike_Band_Enc
41,Yes,Travel_Rarely,1102,Sales,1,2,Life Sciences,1,2,Female,94,3,2,Sales Executive,4,Single,5993,19479,8,Yes,11,3,1,0,8,0,1,6,4,0,5,1,1.0891854104667595,Low,1,1,2.0,4695.799999999999,665.8888888888889,2,2,1,0,7,2,1,1
49,No,Travel_Frequently,279,Research & Development,8,1,Life Sciences,2,3,Male,61,2,2,Research Scientist,2,Married,5130,24907,1,No,23,4,4,1,10,3,3,10,7,1,7,0,0.9323412574160648,High,0,0,3.3333333333333335,6378.0,466.3636363636364,1,1,1,1,6,1,0,0
37,Yes,Travel_Rarely,1373,Research & Development,2,2,Other,4,4,Male,92,2,1,Laboratory Technician,3,Single,2090,2396,6,Yes,15,3,2,0,7,3,3,0,0,0,0,1,0.749933093018876,High,1,0,0.0,2754.0,261.25,2,1,4,1,2,2,1,0
33,No,Travel_Frequently,1392,Research & Development,3,4,Life Sciences,5,4,Female,56,3,1,Research Scientist,3,Married,2909,23159,1,Yes,11,3,3,0,8,3,3,8,7,3,0,0,1.0438063959769905,Low,1,1,4.0,2845.3999999999996,323.22222222222223,1,1,1,0,6,1,1,1
27,No,Travel_Rarely,591,Research & Development,2,1,Medical,7,1,Male,40,3,1,Laboratory Technician,2,Married,3468,16632,9,No,12,3,4,1,6,3,3,2,2,2,2,0,1.24438658688491,Medium,0,0,1.0,4280.799999999999,495.42857142857144,2,1,3,1,2,1,0,2
32,No,Travel_Frequently,1005,Research & Development,2,2,Life Sciences,8,4,Male,79,3,1,Laboratory Technician,4,Single,3068,11864,0,No,13,3,3,0,8,2,2,7,7,3,6,0,1.100858722192302,Medium,0,0,3.5,3140.8,340.8888888888889,1,1,1,1,2,2,0,2
59,No,Travel_Rarely,1324,Research & Development,3,3,Medical,10,3,Female,81,4,1,Laboratory Technician,1,Married,2670,9964,4,Yes,20,4,1,3,12,3,2,1,0,0,0,0,0.9580484968231574,High,1,0,0.5,6602.0,205.3846153846154,2,1,3,0,2,1,1,0
30,No,Travel_Rarely,1358,Research & Development,24,1,Life Sciences,11,4,Male,67,3,1,Laboratory Technician,3,Divorced,2693,13335,1,No,22,4,2,1,1,2,3,1,0,0,0,0,0.9663013490429824,High,0,0,0.5,4815.8,1346.5,2,1,1,1,2,0,0,0
38,No,Travel_Frequently,216,Research & Development,23,3,Life Sciences,12,4,Male,44,2,3,Manufacturing Director,3,Single,9526,8787,0,No,21,4,2,0,10,2,3,9,7,1,8,0,0.9703326058179735,High,0,0,2.25,7815.599999999999,866.0,1,1,1,1,4,2,0,0
36,No,Travel_Rarely,1299,Research & Development,27,3,Medical,13,3,Male,94,3,2,Healthcare Representative,3,Married,5237,16577,6,No,13,3,2,2,17,3,2,7,7,7,7,0,0.9517877514791289,Medium,0,0,2.3333333333333335,6442.2,290.94444444444446,2,1,3,1,0,1,0,2
35,No,Travel_Rarely,809,Research & Development,16,3,Medical,14,1,Male,84,4,1,Laboratory Technician,2,Married,2426,16479,0,No,13,3,3,1,6,5,3,5,4,0,3,0,0.8704964993606665,Medium,0,0,2.5,3755.6,346.57142857142856,2,1,3,1,2,1,0,2
29,No,Travel_Rarely,153,Research & Development,15,2,Life Sciences,15,4,Female,49,2,2,Laboratory Technician,3,Single,4193,12682,0,Yes,12,3,4,0,10,3,3,9,5,0,8,0,0.7620481271628771,Medium,1,0,3.0,3715.7999999999997,381.1818181818182,2,1,1,0,2,2,1,2
31,No,Travel_Rarely,670,Research & Development,26,1,Life Sciences,16,1,Male,31,3,1,Research Scientist,3,Divorced,2911,15170,1,No,17,3,4,1,5,1,2,5,2,4,3,0,1.0445240353004537,High,0,0,2.5,4446.6,485.1666666666667,2,1,1,1,6,0,0,0
34,No,Travel_Rarely,1346,Research & Development,19,2,Medical,18,2,Male,93,3,1,Laboratory Technician,4,Divorced,2661,8758,0,No,11,3,3,1,3,2,3,2,2,1,2,0,0.9548191198675737,Low,0,0,1.0,3696.6,665.25,2,1,3,1,2,0,0,1
28,Yes,Travel_Rarely,103,Research & Development,24,3,Life Sciences,19,3,Male,50,2,1,Laboratory Technician,3,Single,2028,12947,5,Yes,14,3,2,0,6,4,3,4,2,0,3,1,0.7276862739915217,Medium,1,0,2.0,2616.8,289.7142857142857,2,1,1,1,2,2,1,2
29,No,Travel_Rarely,1389,Research & Development,21,4,Life Sciences,20,2,Female,51,4,3,Manufacturing Director,1,Divorced,9980,10195,1,No,11,3,3,1,10,1,3,10,9,8,8,0,1.0165777247599597,Low,0,0,2.5,8088.0,907.2727272727273,2,1,1,0,4,0,0,1
32,No,Travel_Rarely,334,Research & Development,5,2,Life Sciences,21,1,Male,80,4,1,Research Scientist,2,Divorced,3298,15053,0,Yes,12,3,4,2,7,5,2,6,2,0,5,0,1.1833872443905518,Medium,1,0,3.0,5178.8,412.25,2,1,1,1,6,0,1,2
22,No,Non-Travel,1123,Research & Development,16,2,Medical,22,4,Male,96,4,1,Laboratory Technician,4,Divorced,2935,7324,1,Yes,13,3,2,2,1,2,2,1,0,0,0,0,1.05313570718201,Medium,1,0,0.5,5061.0,1467.5,0,1,3,1,2,0,1,2
53,No,Travel_Rarely,1219,Sales,2,4,Life Sciences,23,1,Female,78,2,4,Manager,4,Married,15427,22021,2,No,16,3,3,0,31,3,3,25,8,3,7,0,0.9950474655911734,High,0,0,5.0,10856.199999999999,482.09375,2,2,1,0,3,1,0,0
38,No,Travel_Rarely,371,Research & Development,2,3,Life Sciences,24,4,Male,45,3,1,Research Scientist,4,Single,3944,4306,5,Yes,11,3,3,0,6,3,3,3,2,1,2,0,1.4151847458691134,Low,1,1,1.5,3466.4,563.4285714285714,2,1,1,1,6,2,1,1
24,No,Non-Travel,673,Research & Development,11,2,Other,26,1,Female,96,4,2,Manufacturing Director,3,Divorced,4011,8232,0,No,18,3,4,1,5,5,2,4,2,1,3,0,0.7289709129621512,High,0,0,1.3333333333333333,5206.6,668.5,0,1,4,0,4,0,0,0
36,Yes,Travel_Rarely,1218,Sales,9,4,Life Sciences,27,3,Male,82,2,1,Sales Representative,1,Single,3407,6986,7,No,23,4,2,0,10,4,3,5,3,0,3,1,1.2224985875192873,High,0,0,2.5,4344.2,309.72727272727275,2,2,1,1,8,2,0,0
34,No,Travel_Rarely,419,Research & Development,7,4,Life Sciences,28,1,Female,53,3,3,Research Director,2,Single,11994,21293,0,No,11,3,3,0,13,4,3,12,6,2,11,0,1.2217267766303563,Low,0,0,3.0,8296.4,856.7142857142857,2,1,1,0,5,2,0,1
21,No,Travel_Rarely,391,Research & Development,15,2,Life Sciences,30,3,Male,96,3,1,Research Scientist,4,Single,1232,19281,1,No,14,3,4,0,0,6,3,0,0,0,0,0,0.4420658232532322,Medium,0,0,0.0,2139.2,1232.0,2,1,1,1,6,2,0,2
34,Yes,Travel_Rarely,699,Research & Development,6,1,Medical,31,2,Male,83,3,1,Research Scientist,1,Single,2960,17102,2,No,11,3,3,0,8,2,3,4,2,1,3,1,1.062106198725298,Low,0,0,2.0,2876.0,328.8888888888889,2,1,3,1,6,2,0,1
53,No,Travel_Rarely,1282,Research & Development,5,3,Other,32,3,Female,58,3,5,Manager,3,Divorced,19094,10735,4,No,11,3,4,1,26,3,2,14,13,4,8,0,0.9949027212672062,Low,0,0,2.3333333333333335,13556.4,707.1851851851852,2,1,4,0,3,0,0,1
32,Yes,Travel_Frequently,1125,Research & Development,16,1,Life Sciences,33,2,Female,72,1,1,Research Scientist,1,Single,3919,4681,1,Yes,22,4,2,0,10,5,3,10,2,6,7,1,1.4062142543258254,High,1,0,5.0,4551.4,356.27272727272725,1,1,1,0,6,2,1,0
42,No,Travel_Rarely,691,Sales,8,4,Marketing,35,3,Male,48,3,2,Sales Executive,2,Married,6825,21173,0,No,11,3,4,1,10,2,3,9,7,4,2,0,1.2403955325272207,Low,0,0,3.0,6195.0,620.4545454545455,2,2,2,1,7,1,0,1
44,No,Travel_Rarely,477,Research & Development,7,4,Medical,36,1,Female,42,2,3,Healthcare Representative,4,Married,10248,2094,3,No,14,3,4,1,24,4,3,22,6,5,17,0,1.0438766055450968,Medium,0,0,5.5,8548.8,409.92,2,1,3,0,0,1,0,2
46,No,Travel_Rarely,705,Sales,2,4,Marketing,38,2,Female,83,3,5,Manager,1,Single,18947,22822,3,No,12,3,4,0,22,2,2,2,2,2,1,0,0.987243210424728,Medium,0,0,0.3333333333333333,12568.199999999999,823.7826086956521,2,2,2,0,3,2,0,2
33,No,Travel_Rarely,924,Research & Development,2,3,Medical,39,3,Male,78,3,1,Laboratory Technician,4,Single,2496,6670,4,No,11,3,4,0,7,3,3,1,1,0,0,0,0.895613875681873,Low,0,0,0.5,2597.6,312.0,2,1,3,1,2,2,0,1
44,No,Travel_Rarely,1459,Research & Development,10,4,Other,40,4,Male,41,3,2,Healthcare Representative,4,Married,6465,19121,2,Yes,13,3,4,0,9,5,4,4,2,1,3,0,1.1749680758664443,Medium,1,0,1.3333333333333333,5179.0,646.5,2,1,4,1,0,1,1,2
30,No,Travel_Rarely,125,Research & Development,9,2,Medical,41,4,Male,83,2,1,Laboratory Technician,3,Single,2206,16117,1,No,13,3,1,0,10,5,3,10,0,1,8,0,0.7915561737797323,Medium,0,0,5.0,2623.6,200.54545454545453,2,1,3,1,2,2,0,2
39,Yes,Travel_Rarely,895,Sales,5,3,Technical Degree,42,4,Male,56,3,2,Sales Representative,4,Married,2086,3335,3,No,14,3,3,1,19,6,4,1,0,0,0,1,0.3791157627621659,Medium,0,0,0.3333333333333333,3651.6,104.3,2,2,5,1,8,1,0,2
24,Yes,Travel_Rarely,813,Research & Development,1,3,Medical,45,2,Male,61,3,1,Research Scientist,4,Married,2293,3020,2,Yes,16,3,1,1,6,2,2,2,0,2,0,1,0.8227734843503745,High,1,0,1.0,3975.8,327.57142857142856,2,1,3,1,6,1,1,0
43,No,Travel_Rarely,1273,Research & Development,2,2,Medical,46,4,Female,72,4,1,Research Scientist,3,Divorced,2645,21923,1,No,12,3,4,2,6,3,2,5,3,1,4,0,0.9490780052798694,Medium,0,0,2.5,4787.0,377.85714285714283,2,1,3,0,6,0,0,2
50,Yes,Travel_Rarely,869,Sales,3,2,Marketing,47,1,Male,86,2,1,Sales Representative,3,Married,2683,3810,1,Yes,14,3,3,0,3,2,3,3,2,0,2,1,0.9627131524256671,Medium,1,0,1.5,3009.8,670.75,2,2,2,1,8,1,1,2
35,No,Travel_Rarely,890,Sales,2,3,Marketing,49,4,Female,97,3,1,Sales Representative,4,Married,2014,9687,1,No,13,3,1,0,2,3,3,2,2,2,2,0,0.7226627987272805,Medium,0,0,1.0,2508.3999999999996,671.3333333333334,2,2,2,0,8,1,0,2
36,No,Travel_Rarely,852,Research & Development,5,4,Life Sciences,51,2,Female,82,2,1,Research Scientist,1,Married,3419,13072,9,Yes,14,3,4,1,6,3,4,1,1,0,0,0,1.2268044234600655,Medium,1,0,0.5,4451.4,488.42857142857144,2,1,1,0,6,1,1,2
33,No,Travel_Frequently,1141,Sales,1,3,Life Sciences,52,3,Female,42,4,2,Sales Executive,1,Married,5376,3193,2,No,19,3,1,2,10,3,3,5,3,1,3,0,0.9770500194675953,High,0,0,1.6666666666666667,7125.6,488.72727272727275,1,2,1,0,7,1,0,0
35,No,Travel_Rarely,464,Research & Development,4,2,Other,53,3,Male,75,3,1,Laboratory Technician,4,Divorced,1951,10910,1,No,12,3,3,1,1,3,3,1,0,0,0,0,0.7000571600381947,Medium,0,0,0.5,3370.6,975.5,2,1,4,1,2,0,0,2
27,No,Travel_Rarely,1240,Research & Development,2,4,Life Sciences,54,4,Female,33,3,1,Laboratory Technician,1,Divorced,2341,19715,1,No,13,3,4,1,1,6,3,1,0,0,0,0,0.8399968281134874,Medium,0,0,0.5,3704.6,1170.5,2,1,1,0,2,0,0,2
26,Yes,Travel_Rarely,1357,Research & Development,25,3,Life Sciences,55,1,Male,48,1,1,Laboratory Technician,3,Single,2293,10558,1,No,12,3,3,0,1,2,2,1,0,0,1,1,0.8227734843503745,Medium,0,0,0.5,2575.8,1146.5,2,1,1,1,2,2,0,2
27,No,Travel_Frequently,994,Sales,8,3,Life Sciences,56,4,Male,37,3,3,Sales Executive,3,Single,8726,2975,1,No,15,3,4,0,9,0,3,9,8,1,7,0,0.8888434094444296,High,0,0,2.25,6735.599999999999,872.6,1,2,1,1,7,2,0,0
30,No,Travel_Frequently,721,Research & Development,1,2,Medical,57,3,Female,58,3,2,Laboratory Technician,4,Single,4011,10781,1,No,23,4,4,0,12,2,3,12,8,3,7,0,0.7289709129621512,High,0,0,4.0,4706.6,308.53846153846155,1,1,3,0,2,2,0,0
41,Yes,Travel_Rarely,1360,Research & Development,12,3,Technical Degree,58,2,Female,49,3,5,Research Director,3,Married,19545,16280,1,No,12,3,4,0,23,0,3,22,15,15,8,1,1.018402308953993,Medium,0,0,3.6666666666666665,12927.0,814.375,2,1,5,0,5,1,0,2
34,No,Non-Travel,1065,Sales,23,4,Marketing,60,2,Male,72,3,2,Sales Executive,3,Single,4568,10034,0,No,20,4,3,0,10,2,3,9,5,8,7,0,0.830201727851186,High,0,0,3.0,4740.799999999999,415.27272727272725,0,2,2,1,7,2,0,0
37,No,Travel_Rarely,408,Research & Development,19,2,Life Sciences,61,2,Male,73,3,1,Research Scientist,2,Married,3022,10227,4,No,21,4,1,0,8,1,3,1,0,0,0,0,1.0843530177526524,High,0,0,0.5,3913.2,335.77777777777777,2,1,1,1,6,1,0,0
46,No,Travel_Frequently,1211,Sales,5,4,Marketing,62,1,Male,98,3,2,Sales Executive,4,Single,5772,20445,4,Yes,21,4,3,0,14,4,3,9,6,0,8,0,1.0490202217944495,High,1,0,3.0,5563.2,384.8,1,2,2,1,7,2,1,0
35,No,Travel_Rarely,1229,Research & Development,8,1,Life Sciences,63,4,Male,36,4,1,Laboratory Technician,4,Married,2269,4892,1,No,19,3,4,0,1,2,3,1,0,0,1,0,0.814161812468818,High,0,0,0.5,3261.3999999999996,1134.5,2,1,1,1,2,1,0,0
48,Yes,Travel_Rarely,626,Research & Development,1,2,Life Sciences,64,1,Male,98,2,3,Laboratory Technician,3,Single,5381,19294,9,Yes,13,3,4,0,23,2,3,1,0,0,0,1,0.5481167071075493,Medium,1,0,0.25,4528.6,224.20833333333334,2,1,1,1,2,2,1,2
28,Yes,Travel_Rarely,1434,Research & Development,5,4,Technical Degree,65,3,Male,50,3,1,Laboratory Technician,3,Single,3441,11179,1,Yes,13,3,3,0,2,3,2,2,2,2,2,1,1.234698456018159,Medium,1,0,1.0,3364.6,1147.0,2,1,5,1,2,2,1,2
44,No,Travel_Rarely,1488,Sales,1,5,Marketing,68,2,Female,75,3,2,Sales Executive,1,Divorced,5454,4009,5,Yes,21,4,3,1,9,2,2,4,3,1,3,0,0.9912259684107636,High,1,0,1.3333333333333333,6372.4,545.4,2,2,2,0,7,0,1,0
35,No,Non-Travel,1097,Research & Development,11,2,Medical,70,3,Male,79,2,3,Healthcare Representative,1,Married,9884,8302,2,Yes,13,3,3,1,10,3,3,4,0,2,3,0,1.0067990211951343,Medium,1,0,1.0,8230.4,898.5454545454545,0,1,3,1,0,1,1,2
26,No,Travel_Rarely,1443,Sales,23,3,Marketing,72,3,Female,47,2,2,Sales Executive,4,Married,4157,21436,7,Yes,19,3,3,1,5,2,2,2,2,0,0,0,0.7555053814967995,High,1,0,0.6666666666666666,5394.2,692.8333333333334,2,2,2,0,7,1,1,0
33,No,Travel_Frequently,515,Research & Development,1,2,Life Sciences,73,1,Female,98,3,3,Research Director,4,Single,13458,15146,1,Yes,12,3,3,0,15,1,3,15,14,8,12,0,1.3708520059939415,Medium,1,0,3.75,9274.8,841.125,1,1,1,0,5,2,1,2
35,No,Travel_Frequently,853,Sales,18,5,Life Sciences,74,2,Male,71,3,3,Sales Executive,1,Married,9069,11031,1,No,22,4,4,1,9,3,2,9,8,1,8,0,0.9237819023895866,High,0,0,2.25,8641.4,906.9,1,2,1,1,7,1,0,0
35,No,Travel_Rarely,1142,Research & Development,23,4,Medical,75,3,Female,30,3,1,Laboratory Technician,1,Married,4014,16002,3,Yes,15,3,3,1,4,3,3,2,2,2,2,0,1.4403021221903198,High,1,0,1.0,4908.4,802.8,2,1,3,0,2,1,1,0
31,No,Travel_Rarely,655,Research & Development,7,4,Life Sciences,76,4,Male,48,3,2,Laboratory Technician,4,Divorced,5915,9528,3,No,22,4,4,1,10,3,2,7,7,1,7,0,1.0750094615235912,High,0,0,2.3333333333333335,6749.0,537.7272727272727,2,1,1,1,2,0,0,0
37,No,Travel_Rarely,1115,Research & Development,1,4,Life Sciences,77,1,Male,51,2,2,Manufacturing Director,3,Divorced,5993,2689,1,No,18,3,3,1,7,2,4,7,5,0,7,0,1.0891854104667595,High,0,0,2.3333333333333335,6395.799999999999,749.125,2,1,1,1,4,0,0,0
32,No,Travel_Rarely,427,Research & Development,1,3,Medical,78,1,Male,33,3,2,Manufacturing Director,4,Married,6162,10877,1,Yes,22,4,2,1,9,3,3,9,8,7,8,0,1.1198999665102907,High,1,0,3.0,6897.2,616.2,2,1,3,1,4,1,1,0
38,No,Travel_Frequently,653,Research & Development,29,5,Life Sciences,79,4,Female,50,3,2,Laboratory Technician,4,Single,2406,5456,1,No,11,3,4,0,10,2,3,10,3,9,9,0,0.4372735020161894,Low,0,0,3.3333333333333335,2543.6,218.72727272727272,1,1,1,0,2,2,0,1
50,No,Travel_Rarely,989,Research & Development,7,2,Medical,80,2,Female,43,2,5,Research Director,3,Divorced,18740,16701,5,Yes,12,3,4,1,29,2,2,27,3,13,8,0,0.9764573686261362,Medium,1,0,4.5,13444.0,624.6666666666666,2,1,3,0,5,0,1,2
59,No,Travel_Rarely,1435,Sales,25,3,Life Sciences,81,1,Female,99,3,3,Sales Executive,1,Single,7637,2354,7,No,11,3,4,0,28,3,2,21,16,7,9,0,0.777916240880943,Low,0,0,5.25,5682.2,263.3448275862069,2,2,1,0,7,2,0,1
36,No,Travel_Rarely,1223,Research & Development,8,3,Technical Degree,83,3,Female,59,3,3,Healthcare Representative,3,Divorced,10096,8202,1,No,13,3,2,3,17,2,3,17,14,12,8,0,1.0283936582341235,Medium,0,0,4.25,10357.599999999999,560.8888888888889,2,1,5,0,0,0,0,2
55,No,Travel_Rarely,836,Research & Development,8,3,Medical,84,4,Female,33,3,4,Manager,3,Divorced,14756,19730,2,Yes,14,3,3,3,21,2,3,5,0,0,2,0,0.9517677061167663,Medium,1,0,1.0,13253.6,670.7272727272727,2,1,3,0,3,0,1,2
36,No,Travel_Frequently,1195,Research & Development,11,3,Life Sciences,85,2,Male,95,2,2,Manufacturing Director,2,Single,6499,22656,1,No,13,3,3,0,6,3,3,6,5,0,3,0,1.1811473356621842,Medium,0,0,2.0,5199.4,928.4285714285714,1,1,1,1,4,2,0,2
45,No,Travel_Rarely,1339,Research & Development,7,3,Life Sciences,86,2,Male,59,3,3,Research Scientist,1,Divorced,9724,18787,2,No,17,3,3,1,25,2,3,1,0,0,0,0,0.9905011819204256,High,0,0,0.25,8534.4,374.0,2,1,1,1,6,0,0,0
35,No,Travel_Frequently,664,Research & Development,1,3,Medical,88,2,Male,79,3,1,Research Scientist,1,Married,2194,5868,4,No,13,3,4,1,5,2,2,3,2,1,2,0,0.787250337838954,Medium,0,0,1.5,3616.3999999999996,365.6666666666667,1,1,3,1,6,1,0,2
36,Yes,Travel_Rarely,318,Research & Development,9,3,Medical,90,4,Male,79,2,1,Research Scientist,3,Married,3388,21777,0,Yes,17,3,1,1,2,0,2,1,0,0,0,1,1.2156810139463885,High,1,0,0.5,4732.8,1129.3333333333333,2,1,3,1,6,1,1,0
59,No,Travel_Frequently,1225,Sales,1,1,Life Sciences,91,1,Female,57,2,2,Sales Executive,3,Single,5473,24668,7,No,11,3,4,0,20,2,2,4,3,1,3,0,0.9946790841789712,Low,0,0,1.3333333333333333,4383.799999999999,260.6190476190476,1,2,1,0,7,2,0,1
29,No,Travel_Rarely,1328,Research & Development,2,3,Life Sciences,94,3,Male,76,3,1,Research Scientist,2,Married,2703,4956,0,No,23,4,4,1,6,3,3,5,4,0,4,0,0.9698895456602975,High,0,0,2.5,4921.8,386.14285714285717,2,1,1,1,6,1,0,0
31,No,Travel_Rarely,1082,Research & Development,1,4,Medical,95,3,Male,87,3,1,Research Scientist,2,Single,2501,18775,1,No,17,3,2,0,1,4,3,1,1,1,0,0,0.8974079739905305,High,0,0,0.5,3200.6,1250.5,2,1,3,1,6,2,0,0
32,No,Travel_Rarely,548,Research & Development,1,3,Life Sciences,96,2,Male,66,3,2,Research Scientist,2,Married,6220,7346,1,No,17,3,2,2,10,3,3,10,4,0,9,0,1.1304410567500824,High,0,0,3.3333333333333335,7432.0,565.4545454545455,2,1,1,1,6,1,0,0
36,No,Travel_Rarely,132,Research & Development,6,3,Life Sciences,97,2,Female,55,4,1,Laboratory Technician,4,Married,3038,22002,3,No,12,3,2,0,5,3,3,1,0,0,0,0,1.0900941323403566,Medium,0,0,0.5,3022.8,506.3333333333333,2,1,1,0,2,1,0,2
31,No,Travel_Rarely,746,Research & Development,8,4,Life Sciences,98,3,Female,61,3,2,Manufacturing Director,4,Single,4424,20682,1,No,23,4,4,0,11,2,3,11,7,1,8,0,0.8040307451868753,High,0,0,3.6666666666666665,4954.4,368.6666666666667,2,1,1,0,4,2,0,0
35,No,Travel_Rarely,776,Sales,1,4,Marketing,100,3,Male,32,2,2,Sales Executive,1,Single,4312,23016,0,No,14,3,2,0,16,2,3,15,13,2,8,0,0.7836755364479671,Medium,0,0,5.0,3987.2,253.64705882352942,2,2,2,1,7,2,0,2
45,No,Travel_Rarely,193,Research & Development,6,4,Other,101,4,Male,52,3,3,Research Director,1,Married,13245,15067,4,Yes,14,3,2,0,17,3,4,0,0,0,0,0,1.3491555074594854,Medium,1,0,0.0,9347.0,735.8333333333334,2,1,4,1,5,1,1,2
37,No,Travel_Rarely,397,Research & Development,7,4,Medical,102,1,Male,30,3,3,Research Director,3,Single,13664,25258,4,No,13,3,1,0,16,3,4,5,2,0,2,0,1.391835474060129,Medium,0,0,1.25,9498.4,803.7647058823529,2,1,3,1,5,2,0,2
46,No,Travel_Rarely,945,Human Resources,5,2,Medical,103,2,Male,80,3,2,Human Resources,2,Divorced,5021,10425,8,Yes,22,4,4,1,16,2,3,4,2,0,2,0,0.9125312774826629,High,1,0,1.3333333333333333,6212.6,295.3529411764706,2,0,3,1,1,0,1,0
30,No,Travel_Rarely,852,Research & Development,1,1,Life Sciences,104,4,Male,55,2,2,Laboratory Technician,4,Married,5126,15998,1,Yes,12,3,3,2,10,1,2,10,8,3,0,0,0.9316142856753894,Medium,1,0,3.3333333333333335,6275.6,466.0,2,1,1,1,2,1,1,2
35,No,Travel_Rarely,1214,Research & Development,1,3,Medical,105,2,Male,30,2,1,Research Scientist,3,Single,2859,26278,1,No,18,3,1,0,6,3,3,6,4,0,4,0,1.0258654128904146,High,0,0,3.0,3515.3999999999996,408.42857142857144,2,1,3,1,6,2,0,0
55,No,Travel_Rarely,111,Sales,1,2,Life Sciences,106,1,Male,70,3,3,Sales Executive,4,Married,10239,18092,3,No,14,3,4,1,24,4,3,1,0,1,0,0,1.0429598520858945,Medium,0,0,0.25,8543.4,409.56,2,2,1,1,7,1,0,2
38,No,Non-Travel,573,Research & Development,6,3,Medical,107,2,Female,79,1,2,Research Scientist,4,Divorced,5329,15717,7,Yes,12,3,4,3,17,3,3,13,11,1,9,0,0.9685081015146606,Medium,1,0,4.333333333333333,7397.4,296.05555555555554,0,1,3,0,6,0,1,2
34,No,Travel_Rarely,1153,Research & Development,1,2,Medical,110,1,Male,94,3,2,Manufacturing Director,2,Married,4325,17736,1,No,15,3,3,0,5,2,3,5,2,1,3,0,0.7860381946051618,High,0,0,1.6666666666666667,4095.0,720.8333333333334,2,1,3,1,4,1,0,0
56,No,Travel_Rarely,1400,Research & Development,7,3,Life Sciences,112,4,Male,49,1,3,Manufacturing Director,4,Single,7260,21698,4,No,11,3,1,0,37,3,2,6,4,0,2,0,0.7395144570899105,Low,0,0,1.5,5456.0,191.05263157894737,2,1,1,1,4,2,0,1
23,No,Travel_Rarely,541,Sales,2,1,Technical Degree,113,3,Male,62,3,1,Sales Representative,1,Divorced,2322,9518,3,No,13,3,3,1,3,3,3,0,0,0,0,0,0.8331792545405885,Medium,0,0,0.0,3693.2,580.5,2,2,5,1,8,0,0,2
51,No,Travel_Rarely,432,Research & Development,9,4,Life Sciences,116,4,Male,96,3,1,Laboratory Technician,4,Married,2075,18725,3,No,23,4,2,2,10,4,3,4,2,0,3,0,0.7445507980929033,High,0,0,2.0,5545.0,188.63636363636363,2,1,1,1,2,1,0,0
30,No,Travel_Rarely,288,Research & Development,2,3,Life Sciences,117,3,Male,99,2,2,Healthcare Representative,4,Married,4152,15830,1,No,19,3,1,3,11,3,3,11,10,10,8,0,0.7545966668209553,High,0,0,3.6666666666666665,7391.2,346.0,2,1,1,1,0,1,0,0
46,Yes,Travel_Rarely,669,Sales,9,2,Medical,118,3,Male,64,2,3,Sales Executive,4,Single,9619,13596,1,No,16,3,4,0,9,3,3,9,8,4,7,1,0.979805724896398,High,0,0,2.25,7371.4,961.9,2,2,3,1,7,2,0,0
40,No,Travel_Frequently,530,Research & Development,1,4,Life Sciences,119,3,Male,78,2,4,Healthcare Representative,2,Married,13503,14115,1,No,22,4,4,1,22,3,2,22,3,11,11,0,0.8709487215840808,High,0,0,4.4,11301.8,587.0869565217391,1,1,1,1,0,1,0,0
51,No,Travel_Rarely,632,Sales,21,4,Marketing,120,3,Male,71,3,2,Sales Executive,4,Single,5441,8423,0,Yes,22,4,4,0,11,2,1,10,7,1,0,0,0.9888633102535689,High,1,0,3.3333333333333335,5464.6,453.4166666666667,2,2,2,1,7,2,1,0
30,No,Travel_Rarely,1334,Sales,4,2,Medical,121,3,Female,63,2,2,Sales Executive,2,Divorced,5209,19760,1,Yes,12,3,2,3,11,4,2,11,8,2,7,0,0.9466989492944018,Medium,1,0,3.6666666666666665,7325.4,434.0833333333333,2,2,3,0,7,0,1,2
46,No,Travel_Frequently,638,Research & Development,1,3,Medical,124,3,Male,40,2,3,Healthcare Representative,1,Married,10673,3142,2,Yes,13,3,3,1,21,5,2,10,9,9,5,0,1.087167741118542,Medium,1,0,2.5,8703.8,485.1363636363636,1,1,3,1,0,1,1,2
32,No,Travel_Rarely,1093,Sales,6,4,Medical,125,2,Male,87,3,2,Sales Executive,3,Single,5010,24301,1,No,16,3,1,0,12,0,3,11,8,5,7,0,0.910532105195806,High,0,0,3.6666666666666665,4606.0,385.38461538461536,2,2,3,1,7,2,0,0
54,No,Travel_Rarely,1217,Research & Development,2,4,Technical Degree,126,1,Female,60,3,3,Research Director,3,Married,13549,24001,9,No,12,3,1,1,16,5,1,4,3,0,3,0,1.3801214020814323,Medium,0,0,1.0,10329.4,797.0,2,1,5,0,5,1,0,2
24,No,Travel_Rarely,1353,Sales,3,2,Other,128,1,Female,33,3,2,Sales Executive,3,Married,4999,17519,0,No,21,4,1,1,4,2,2,3,2,0,2,0,0.9085329329089489,High,0,0,1.0,6099.4,999.8,2,2,4,0,7,1,0,0
28,No,Non-Travel,120,Sales,4,3,Medical,129,2,Male,43,3,2,Sales Executive,3,Married,4221,8863,1,No,15,3,2,0,5,3,4,5,4,0,4,0,0.7671369293476041,High,0,0,1.6666666666666667,4032.6,703.5,0,2,3,1,7,1,0,0
58,No,Travel_Rarely,682,Sales,10,4,Medical,131,4,Male,37,3,4,Sales Executive,3,Single,13872,24409,0,No,13,3,3,0,38,1,2,37,10,1,8,0,0.8947493642756698,Medium,0,0,7.4,9623.199999999999,355.6923076923077,2,2,3,1,7,2,0,2
44,No,Non-Travel,489,Research & Development,23,3,Medical,132,2,Male,67,3,2,Laboratory Technician,2,Married,2042,25043,4,No,12,3,3,1,17,3,4,3,2,1,2,0,0.37111907361473767,Medium,0,0,1.0,3425.2,113.44444444444444,0,1,3,1,2,1,0,2
37,Yes,Travel_Rarely,807,Human Resources,6,4,Human Resources,133,3,Male,63,3,1,Human Resources,1,Divorced,2073,23648,4,Yes,22,4,4,0,7,3,3,3,2,0,2,1,0.7438331587694401,High,1,0,1.5,3443.8,259.125,2,0,0,1,1,0,1,0
32,No,Travel_Rarely,827,Research & Development,1,1,Life Sciences,134,4,Male,71,3,1,Research Scientist,1,Single,2956,15178,1,No,13,3,4,0,1,2,3,1,0,0,0,0,1.060670920078372,Medium,0,0,0.5,3073.6,1478.0,2,1,1,1,6,2,0,2
20,Yes,Travel_Frequently,871,Research & Development,6,3,Life Sciences,137,4,Female,66,2,1,Laboratory Technician,4,Single,2926,19783,1,Yes,18,3,2,0,1,5,3,1,0,1,0,1,1.0499063302264264,High,1,0,0.5,3555.6,1463.0,1,1,1,0,2,2,1,0
34,No,Travel_Rarely,665,Research & Development,6,4,Other,138,1,Female,41,3,2,Research Scientist,3,Single,4809,12482,1,No,14,3,3,0,16,3,3,16,13,2,10,0,0.8740017752268724,Medium,0,0,5.333333333333333,4285.4,282.88235294117646,2,1,4,0,6,2,0,2
37,No,Non-Travel,1040,Research & Development,2,2,Life Sciences,139,3,Male,100,2,2,Healthcare Representative,4,Divorced,5163,15850,5,No,14,3,4,1,17,2,4,1,0,0,0,0,0.9383387742766359,Medium,0,0,0.3333333333333333,5497.799999999999,286.8333333333333,0,1,1,1,0,0,0,2
59,No,Non-Travel,1420,Human Resources,2,4,Human Resources,140,3,Female,32,2,5,Manager,4,Married,18844,21922,9,No,21,4,4,1,30,3,3,3,2,2,2,0,0.9818763422833997,High,0,0,0.5,14406.4,607.8709677419355,0,0,0,0,3,1,0,0
50,No,Travel_Frequently,1115,Research & Development,1,3,Life Sciences,141,1,Female,73,3,5,Research Director,2,Married,18172,9755,3,Yes,19,3,1,0,28,1,2,8,3,0,7,0,0.9468614355749279,High,1,0,1.3333333333333333,12803.199999999999,626.6206896551724,1,1,1,0,5,1,1,0
25,Yes,Travel_Rarely,240,Sales,5,3,Marketing,142,3,Male,46,2,2,Sales Executive,3,Single,5744,26959,1,Yes,11,3,4,0,6,1,3,6,4,0,3,1,1.0439314196097225,Low,1,1,2.0,4546.4,820.5714285714286,2,2,2,1,7,2,1,1
25,No,Travel_Rarely,1280,Research & Development,7,1,Medical,143,4,Male,64,2,1,Research Scientist,4,Married,2889,26897,1,No,11,3,3,2,2,2,3,2,2,2,1,0,1.03663000274236,Low,0,0,1.0,4833.4,963.0,2,1,3,1,6,1,0,1
22,No,Travel_Rarely,534,Research & Development,15,3,Medical,144,2,Female,59,3,1,Laboratory Technician,4,Single,2871,23785,1,No,15,3,3,0,1,5,3,0,0,0,0,0,1.0301712488311927,High,0,0,0.0,3222.6,1435.5,2,1,3,0,2,2,0,0
51,No,Travel_Frequently,1456,Research & Development,1,4,Medical,145,1,Female,30,2,3,Healthcare Representative,1,Single,7484,25796,3,No,20,4,3,0,23,1,2,13,12,12,8,0,0.7623314320745028,High,0,0,3.25,6490.4,311.8333333333333,1,1,3,0,0,2,0,0
34,Yes,Travel_Frequently,658,Research & Development,7,3,Life Sciences,147,1,Male,66,1,2,Laboratory Technician,3,Single,6074,22887,1,Yes,24,4,4,0,9,3,3,9,7,0,6,1,1.1039065882154342,High,1,0,3.0,6044.4,607.4,1,1,1,1,2,2,1,0
54,No,Non-Travel,142,Human Resources,26,3,Human Resources,148,4,Female,30,4,4,Manager,4,Single,17328,13871,2,Yes,12,3,3,0,23,3,3,5,3,4,4,0,1.1176627007042104,Medium,1,0,1.0,11596.8,722.0,0,0,0,0,3,2,1,2
24,No,Travel_Rarely,1127,Research & Development,18,1,Life Sciences,150,2,Male,52,3,1,Laboratory Technician,3,Married,2774,13257,0,No,12,3,3,1,6,2,3,5,3,1,2,0,0.9953657416432354,Medium,0,0,2.5,3864.3999999999996,396.2857142857143,2,1,1,1,2,1,0,2
34,No,Travel_Rarely,1031,Research & Development,6,4,Life Sciences,151,3,Female,45,2,2,Research Scientist,2,Divorced,4505,15000,6,No,15,3,3,1,12,3,3,1,0,0,0,0,0.81875192293555,High,0,0,0.3333333333333333,5203.0,346.53846153846155,2,1,1,0,6,0,0,0
37,No,Travel_Rarely,1189,Sales,3,3,Life Sciences,152,3,Male,87,3,3,Sales Executive,4,Single,7428,14506,2,No,12,3,1,0,12,3,3,5,3,1,3,0,0.7566271883283547,Medium,0,0,1.25,5656.8,571.3846153846154,2,2,1,1,7,2,0,2
34,No,Travel_Rarely,1354,Research & Development,5,3,Medical,153,3,Female,45,2,3,Manager,1,Single,11631,5615,2,No,12,3,4,0,14,6,3,11,10,5,8,0,1.1847510537758608,Medium,0,0,2.75,8178.599999999999,775.4,2,1,3,0,3,2,0,2
36,No,Travel_Frequently,1467,Sales,11,2,Technical Degree,154,2,Female,92,3,3,Sales Executive,4,Married,9738,22952,0,No,14,3,3,1,10,6,3,9,7,2,8,0,0.9919272428569627,Medium,0,0,2.25,8242.8,885.2727272727273,1,2,5,0,7,1,0,2
36,No,Travel_Rarely,922,Research & Development,3,2,Life Sciences,155,1,Female,39,3,1,Laboratory Technician,4,Divorced,2835,2561,5,No,22,4,1,1,7,2,3,1,0,0,0,0,1.017253741008858,High,0,0,0.5,4901.0,354.375,2,1,1,0,2,0,0,0
43,No,Travel_Frequently,394,Sales,26,2,Life Sciences,158,3,Male,92,3,4,Manager,4,Married,16959,19494,1,Yes,12,3,4,2,25,3,4,25,12,4,12,0,1.0938620580126213,Medium,1,0,5.0,13375.4,652.2692307692307,1,2,1,1,3,1,1,2
30,No,Travel_Frequently,1312,Research & Development,23,3,Life Sciences,159,1,Male,96,1,1,Research Scientist,3,Divorced,2613,22310,1,No,25,4,3,3,10,2,2,10,7,0,9,0,0.9375957761044608,High,0,0,5.0,7067.8,237.54545454545453,1,1,1,1,6,0,0,0
33,No,Non-Travel,750,Sales,22,2,Marketing,160,3,Male,95,3,2,Sales Executive,2,Married,6146,15480,0,No,13,3,1,1,8,2,4,7,7,0,7,0,1.1169920795475894,Medium,0,0,2.3333333333333335,5987.6,682.8888888888889,0,2,2,1,7,1,0,2
56,Yes,Travel_Rarely,441,Research & Development,14,4,Life Sciences,161,2,Female,72,3,1,Research Scientist,2,Married,4963,4510,9,Yes,18,3,1,3,7,2,3,5,4,4,3,1,1.7808219811735317,High,1,0,2.5,7777.799999999999,620.375,2,1,1,0,6,1,1,0
51,No,Travel_Rarely,684,Research & Development,6,3,Life Sciences,162,1,Male,51,3,5,Research Director,3,Single,19537,6462,7,No,13,3,3,0,23,5,3,20,18,15,15,0,1.0179854648265114,Medium,0,0,3.3333333333333335,13022.199999999999,814.0416666666666,2,1,1,1,5,2,0,2
31,Yes,Travel_Rarely,249,Sales,6,4,Life Sciences,163,2,Male,76,1,2,Sales Executive,3,Married,6172,20739,4,Yes,18,3,2,0,12,3,2,7,7,7,7,1,1.1217173958619788,High,1,0,2.3333333333333335,5503.2,474.7692307692308,2,2,1,1,7,1,1,0
26,No,Travel_Rarely,841,Research & Development,6,3,Other,164,3,Female,46,2,1,Research Scientist,2,Married,2368,23300,1,No,19,3,3,0,5,3,2,5,4,4,3,0,0.8496849589802384,High,0,0,2.5,3320.8,394.6666666666667,2,1,4,0,6,1,0,0
58,Yes,Travel_Rarely,147,Research & Development,23,4,Medical,165,4,Female,94,3,3,Healthcare Representative,4,Married,10312,3465,1,No,12,3,4,1,40,3,2,40,10,15,6,1,1.0503957412549803,Medium,0,0,10.0,8387.2,251.5121951219512,2,1,3,0,0,1,0,2
19,Yes,Travel_Rarely,528,Sales,22,1,Marketing,167,4,Male,50,3,1,Sales Representative,3,Single,1675,26820,1,Yes,19,3,4,0,0,2,2,0,0,0,0,1,0.6010229334002953,High,1,0,0.0,2905.0,1675.0,2,2,2,1,8,2,1,0
22,No,Travel_Rarely,594,Research & Development,2,1,Technical Degree,169,3,Male,100,3,1,Laboratory Technician,4,Married,2523,19299,0,No,14,3,3,1,3,2,3,2,1,2,1,0,0.905302006548624,Medium,0,0,1.0,3913.8,630.75,2,1,5,1,2,1,0,2
49,No,Travel_Rarely,470,Research & Development,20,4,Medical,170,3,Female,96,3,2,Manufacturing Director,1,Married,6567,5549,1,No,14,3,3,0,16,2,2,15,11,5,11,0,1.1935058552536641,Medium,0,0,5.0,5340.2,386.29411764705884,2,1,3,0,4,1,0,2
43,No,Travel_Frequently,957,Research & Development,28,3,Medical,171,2,Female,72,4,1,Research Scientist,3,Single,4739,16090,4,No,12,3,4,0,18,2,3,3,2,1,2,0,1.7004463769456715,Medium,0,0,1.5,4043.4,249.42105263157896,1,1,3,0,6,2,0,2
50,No,Travel_Frequently,809,Sales,12,3,Marketing,174,3,Female,77,3,3,Sales Executive,4,Single,9208,6645,4,No,11,3,4,0,16,3,3,2,2,2,1,0,0.9379406502594898,Low,0,0,0.5,6624.8,541.6470588235294,1,2,2,0,7,2,0,1
31,Yes,Travel_Rarely,542,Sales,20,3,Life Sciences,175,2,Female,71,1,2,Sales Executive,3,Married,4559,24788,3,Yes,11,3,3,1,4,2,3,2,2,2,2,1,0.8285660414346665,Low,1,1,0.6666666666666666,4835.4,911.8,2,2,1,0,7,1,1,1
41,No,Travel_Rarely,802,Sales,9,1,Life Sciences,176,3,Male,96,3,3,Sales Executive,3,Divorced,8189,21196,3,Yes,13,3,3,1,12,2,3,9,7,0,7,0,0.8341437863786884,Medium,1,0,2.25,7213.4,629.9230769230769,2,2,1,1,7,0,1,2
26,No,Travel_Rarely,1355,Human Resources,25,1,Life Sciences,177,3,Female,61,3,1,Human Resources,3,Married,2942,8916,1,No,23,4,4,1,8,3,3,8,7,5,7,0,1.0556474448141306,High,0,0,4.0,5065.2,326.8888888888889,2,0,1,0,1,1,0,0
36,No,Travel_Rarely,216,Research & Development,6,2,Medical,178,2,Male,84,3,2,Manufacturing Director,2,Divorced,4941,2819,6,No,20,4,4,2,7,0,3,3,2,0,1,0,0.8979918426691571,High,0,0,1.0,6964.6,617.625,2,1,3,1,4,0,0,0
51,Yes,Travel_Frequently,1150,Research & Development,8,4,Life Sciences,179,1,Male,53,1,3,Manufacturing Director,4,Single,10650,25150,2,No,15,3,4,0,18,2,3,4,2,0,3,1,1.0848249267228027,High,0,0,1.0,7890.0,560.5263157894736,1,1,1,1,4,2,0,0
39,No,Travel_Rarely,1329,Sales,4,4,Life Sciences,182,4,Female,47,2,2,Sales Executive,3,Married,5902,14590,4,No,14,3,3,1,17,1,4,15,11,5,9,0,1.0726468033663965,Medium,0,0,5.0,5941.2,327.8888888888889,2,2,1,0,7,1,0,2
25,No,Travel_Rarely,959,Sales,28,3,Life Sciences,183,1,Male,41,2,2,Sales Executive,3,Married,8639,24835,2,No,18,3,4,0,6,3,3,2,2,2,2,0,1.5700772169234665,High,0,0,0.6666666666666666,6983.4,1234.142857142857,2,2,1,1,7,1,0,0
30,No,Travel_Rarely,1240,Human Resources,9,3,Human Resources,184,3,Male,48,3,2,Human Resources,4,Married,6347,13982,0,Yes,19,3,4,0,12,2,1,11,9,4,7,0,1.153522409516523,High,1,0,3.6666666666666665,5708.2,488.2307692307692,2,0,0,1,1,1,1,0
32,Yes,Travel_Rarely,1033,Research & Development,9,3,Medical,190,1,Female,41,3,1,Laboratory Technician,1,Single,4200,10224,7,No,22,4,1,0,10,2,4,5,4,0,4,1,1.5070425792723823,High,0,0,2.5,4720.0,381.8181818181818,2,1,3,0,2,2,0,0
45,No,Travel_Rarely,1316,Research & Development,29,3,Medical,192,3,Male,83,3,1,Research Scientist,4,Single,3452,9752,5,No,13,3,2,0,9,2,2,6,5,0,3,0,1.2386454722972058,Medium,0,0,3.0,3371.2,345.2,2,1,3,1,6,2,0,2
38,No,Travel_Rarely,364,Research & Development,3,5,Technical Degree,193,4,Female,32,3,2,Research Scientist,3,Single,4317,2302,3,Yes,20,4,2,0,19,2,3,3,2,2,2,0,0.7845842511238112,High,1,0,1.0,4590.2,215.85,2,1,5,0,6,2,1,0
30,No,Travel_Rarely,438,Research & Development,18,3,Life Sciences,194,1,Female,75,3,1,Research Scientist,3,Single,2632,23910,1,No,14,3,3,0,5,4,2,5,4,0,4,0,0.9444133496773597,Medium,0,0,2.5,2979.2,438.6666666666667,2,1,1,0,6,2,0,2
32,No,Travel_Frequently,689,Sales,9,2,Medical,195,4,Male,35,1,2,Sales Executive,4,Divorced,4668,22812,0,No,17,3,4,3,9,2,4,8,7,0,7,0,0.8483760213680682,High,0,0,2.6666666666666665,7500.799999999999,466.8,1,2,3,1,7,0,0,0
30,No,Travel_Rarely,201,Research & Development,5,3,Technical Degree,197,4,Female,84,3,1,Research Scientist,1,Divorced,3204,10415,5,No,14,3,4,1,8,3,3,3,2,2,2,0,1.1496581961877888,Medium,0,0,1.5,4322.4,356.0,2,1,5,0,6,0,0,2
30,No,Travel_Rarely,1427,Research & Development,2,1,Medical,198,2,Male,35,2,1,Laboratory Technician,4,Single,2720,11162,0,No,13,3,4,0,6,3,3,5,3,1,2,0,0.9759894799097334,Medium,0,0,2.5,2932.0,388.57142857142856,2,1,3,1,2,2,0,2
41,No,Travel_Frequently,857,Research & Development,10,3,Life Sciences,199,4,Male,91,2,4,Manager,1,Divorced,17181,12888,4,No,13,3,2,1,21,2,2,7,6,7,7,0,1.1081811438595937,Medium,0,0,1.4,12608.6,780.9545454545455,1,1,1,1,3,0,0,2
41,No,Travel_Rarely,933,Research & Development,9,4,Life Sciences,200,3,Male,94,3,1,Laboratory Technician,1,Married,2238,6961,2,No,21,4,4,1,7,2,3,5,0,1,4,0,0.803038402955141,High,0,0,2.5,4442.8,279.75,2,1,1,1,2,1,0,0
19,No,Travel_Rarely,1181,Research & Development,3,1,Medical,201,2,Female,79,3,1,Laboratory Technician,2,Single,1483,16102,1,No,14,3,4,0,1,3,3,1,0,0,0,0,0.5321295583478436,Medium,0,0,0.5,2289.8,741.5,2,1,3,0,2,2,0,2
40,No,Travel_Frequently,1395,Research & Development,26,3,Medical,202,2,Female,54,3,2,Research Scientist,2,Divorced,5605,8504,1,No,11,3,1,1,20,2,3,20,7,2,13,0,1.0186691516212558,Low,0,0,6.666666666666667,5463.0,266.9047619047619,1,1,3,0,6,0,0,1
35,No,Travel_Rarely,662,Sales,1,5,Marketing,204,3,Male,94,3,3,Sales Executive,2,Married,7295,11439,1,No,13,3,1,2,10,3,3,10,8,0,6,0,0.7430796094312531,Medium,0,0,2.5,7677.0,663.1818181818181,2,2,2,1,7,1,0,2
53,No,Travel_Rarely,1436,Sales,6,2,Marketing,205,2,Male,34,3,2,Sales Representative,3,Married,2306,16047,2,Yes,20,4,4,1,13,3,1,7,7,4,5,0,0.4190992084993071,High,1,0,2.3333333333333335,4383.6,164.71428571428572,2,2,2,1,8,1,1,0
45,No,Travel_Rarely,194,Research & Development,9,3,Life Sciences,206,2,Male,60,3,2,Laboratory Technician,2,Divorced,2348,10901,8,No,18,3,3,1,20,2,1,17,9,0,15,0,0.42673241177639765,High,0,0,5.666666666666667,4208.8,111.80952380952381,2,1,1,1,2,0,0,0
32,No,Travel_Frequently,967,Sales,8,3,Marketing,207,2,Female,43,3,3,Sales Executive,4,Single,8998,15589,1,No,14,3,4,0,9,2,3,9,8,3,7,0,0.9165497362114345,Medium,0,0,2.25,6798.8,899.8,1,2,2,0,7,2,0,2
29,No,Non-Travel,1496,Research & Development,1,1,Technical Degree,208,4,Male,41,3,2,Manufacturing Director,3,Married,4319,26283,1,No,13,3,1,1,10,1,3,10,7,0,9,0,0.7849477369941489,Medium,0,0,3.3333333333333335,4891.4,392.6363636363636,0,1,5,1,4,1,0,2
51,No,Travel_Rarely,1169,Research & Development,7,4,Medical,211,2,Male,34,2,2,Manufacturing Director,3,Married,6132,13983,2,No,17,3,3,0,10,2,3,1,0,0,0,0,1.114447678455226,High,0,0,0.3333333333333333,5379.2,557.4545454545455,2,1,3,1,4,1,0,0
58,No,Travel_Rarely,1145,Research & Development,9,3,Medical,214,2,Female,75,2,1,Research Scientist,2,Married,3346,11873,4,Yes,20,4,2,1,9,3,2,1,0,0,0,0,1.2006105881536646,High,1,0,0.5,5007.6,334.6,2,1,3,0,6,1,1,0
40,No,Travel_Rarely,630,Sales,4,4,Marketing,215,3,Male,67,2,3,Sales Executive,4,Married,10855,8552,7,No,11,3,1,1,15,2,2,12,11,2,11,0,1.1057065332935232,Low,0,0,3.0,8613.0,678.4375,2,2,2,1,7,1,0,1
34,No,Travel_Frequently,303,Sales,2,4,Marketing,216,3,Female,75,3,1,Sales Representative,3,Married,2231,11314,6,No,18,3,4,1,6,3,3,4,3,1,2,0,0.8005266653230203,High,0,0,2.0,4138.6,318.7142857142857,1,2,2,0,8,1,0,0
22,No,Travel_Rarely,1256,Research & Development,19,1,Medical,217,3,Male,80,3,1,Research Scientist,4,Married,2323,11992,1,No,24,4,1,2,2,6,3,2,2,2,2,0,0.8335380742023201,High,0,0,1.0,5793.8,774.3333333333334,2,1,3,1,6,1,0,0
27,No,Non-Travel,691,Research & Development,9,3,Medical,218,4,Male,57,3,1,Research Scientist,2,Divorced,2024,5970,6,No,18,3,4,1,6,1,1,2,2,2,2,0,0.7262509953445957,High,0,0,1.0,4014.3999999999996,289.14285714285717,0,1,3,1,6,0,0,0
28,No,Travel_Rarely,440,Research & Development,21,3,Medical,221,3,Male,42,3,1,Research Scientist,4,Married,2713,6672,1,No,11,3,3,1,5,2,1,5,2,0,2,0,0.9734777422776127,Low,0,0,2.5,3727.8,452.1666666666667,2,1,3,1,6,1,0,1
57,No,Travel_Rarely,334,Research & Development,24,2,Life Sciences,223,3,Male,83,4,3,Healthcare Representative,4,Divorced,9439,23402,3,Yes,16,3,2,1,12,2,1,5,3,1,4,0,0.9614706557123506,High,1,0,1.25,8263.4,726.0769230769231,2,1,1,1,0,0,1,0
27,No,Non-Travel,1450,Research & Development,3,3,Medical,224,3,Male,79,2,1,Research Scientist,3,Divorced,2566,25326,1,Yes,15,3,4,1,1,2,2,1,1,0,1,0,0.9207312520030794,High,1,0,0.5,4039.6,1283.0,0,1,3,1,6,0,1,0
50,No,Travel_Rarely,1452,Research & Development,11,3,Life Sciences,226,3,Female,53,3,5,Manager,2,Single,19926,17053,3,No,15,3,2,0,21,5,3,5,4,4,4,0,1.0382545105253143,High,0,0,0.8333333333333334,13455.6,905.7272727272727,2,1,1,0,3,2,0,0
41,No,Travel_Rarely,465,Research & Development,14,3,Life Sciences,227,1,Male,56,3,1,Research Scientist,3,Divorced,2451,4609,4,No,12,3,1,1,13,2,3,9,8,1,8,0,0.8794669909039545,Medium,0,0,4.5,3670.6,175.07142857142858,2,1,1,1,6,0,0,2
30,No,Travel_Rarely,1339,Sales,5,3,Life Sciences,228,2,Female,41,3,3,Sales Executive,4,Married,9419,8053,2,No,12,3,3,1,12,2,3,10,9,7,4,0,0.959433425803012,Medium,0,0,2.5,7851.4,724.5384615384615,2,2,1,0,7,1,0,2
38,No,Travel_Rarely,702,Sales,1,4,Life Sciences,230,1,Female,59,2,2,Sales Executive,4,Single,8686,12930,4,No,22,4,3,0,12,2,4,8,3,0,7,0,1.5786191348764012,High,0,0,2.6666666666666665,7411.599999999999,668.1538461538462,2,2,1,0,7,2,0,0
32,No,Travel_Rarely,120,Research & Development,6,5,Life Sciences,231,3,Male,43,3,1,Research Scientist,3,Single,3038,12430,3,No,20,4,1,0,8,2,3,5,4,1,4,0,1.0900941323403566,High,0,0,2.5,3822.8,337.55555555555554,2,1,1,1,6,2,0,0
27,No,Travel_Rarely,1157,Research & Development,17,3,Technical Degree,233,3,Male,51,3,1,Research Scientist,2,Married,3058,13364,0,Yes,16,3,4,1,6,3,2,5,2,1,1,0,1.097270525574987,High,1,0,2.5,4434.8,436.85714285714283,2,1,5,1,6,1,1,0
19,Yes,Travel_Frequently,602,Sales,1,1,Technical Degree,235,3,Female,100,1,1,Sales Representative,1,Single,2325,20989,0,No,21,4,1,0,1,5,4,0,0,0,0,1,0.8342557135257831,High,0,0,0.0,3495.0,1162.5,1,2,5,0,8,2,0,0
36,No,Travel_Frequently,1480,Research & Development,3,2,Medical,238,4,Male,30,3,1,Laboratory Technician,2,Single,2088,15062,4,No,12,3,3,0,13,3,2,8,7,7,2,0,0.749215453695413,Medium,0,0,4.0,2452.8,149.14285714285714,1,1,3,1,2,2,0,2
30,No,Non-Travel,111,Research & Development,9,3,Medical,239,3,Male,66,3,2,Laboratory Technician,1,Divorced,3072,11012,1,No,11,3,3,2,12,4,3,12,9,6,10,0,0.5583142968386259,Low,0,0,4.0,4943.2,236.30769230769232,0,1,3,1,2,0,0,1
45,No,Travel_Rarely,1268,Sales,4,2,Life Sciences,240,3,Female,30,3,2,Sales Executive,1,Divorced,5006,6319,4,Yes,11,3,1,1,9,3,4,5,4,0,3,0,0.9098051334551306,Low,1,1,1.6666666666666667,5103.6,500.6,2,2,1,0,7,0,1,1
56,No,Travel_Rarely,713,Research & Development,8,3,Life Sciences,241,3,Female,67,3,1,Research Scientist,1,Divorced,4257,13939,4,Yes,18,3,3,1,19,3,3,2,2,2,2,0,1.527495299991079,High,1,0,1.0,5354.2,212.85,2,1,1,0,6,0,1,0
33,No,Travel_Rarely,134,Research & Development,2,3,Life Sciences,242,3,Male,90,3,1,Research Scientist,4,Single,2500,10515,0,No,14,3,1,0,4,2,4,3,1,0,2,0,0.8970491543287991,Medium,0,0,1.5,2900.0,500.0,2,1,1,1,6,2,0,2
19,Yes,Travel_Rarely,303,Research & Development,2,3,Life Sciences,243,2,Male,47,2,1,Laboratory Technician,4,Single,1102,9241,1,No,22,4,3,0,1,3,2,1,0,1,0,1,0.39541926722813464,High,0,0,0.5,2861.2,551.0,2,1,1,1,2,2,0,0
46,No,Travel_Rarely,526,Sales,1,2,Marketing,244,2,Female,92,3,3,Sales Executive,1,Divorced,10453,2137,1,No,25,4,3,3,24,2,3,24,13,15,7,0,1.0647582121158174,High,0,0,6.0,11771.8,418.12,2,2,2,0,7,0,0,0
38,No,Travel_Rarely,1380,Research & Development,9,2,Life Sciences,245,3,Female,75,3,1,Laboratory Technician,4,Single,2288,6319,1,No,12,3,3,0,2,3,3,2,2,2,1,0,0.8209793860417168,Medium,0,0,1.0,2572.8,762.6666666666666,2,1,1,0,2,2,0,2
31,No,Travel_Rarely,140,Research & Development,12,1,Medical,246,3,Female,95,3,1,Research Scientist,4,Married,3929,6984,8,Yes,23,4,3,1,7,0,3,4,2,0,2,0,1.4098024509431406,High,1,0,2.0,5657.4,491.125,2,1,3,0,6,1,1,0
34,No,Travel_Rarely,629,Research & Development,27,2,Medical,247,4,Female,95,3,1,Research Scientist,2,Single,2311,5711,2,No,15,3,4,0,9,3,3,3,2,1,2,0,0.8292322382615418,High,0,0,1.5,2886.6,231.1,2,1,3,0,6,2,0,0
41,Yes,Travel_Rarely,1356,Sales,20,2,Marketing,248,2,Female,70,3,1,Sales Representative,2,Single,3140,21728,1,Yes,22,4,4,0,4,5,2,4,3,0,2,1,1.1266937378369717,High,1,0,2.0,4084.0,628.0,2,2,2,0,8,2,1,0
50,No,Travel_Rarely,328,Research & Development,1,3,Medical,249,3,Male,86,2,1,Laboratory Technician,3,Married,3690,3425,2,No,15,3,4,1,5,2,2,3,2,0,2,0,1.3240445517893074,High,0,0,1.5,4714.0,615.0,2,1,3,1,2,1,0,0
53,No,Travel_Rarely,1084,Research & Development,13,2,Medical,250,4,Female,57,4,2,Manufacturing Director,1,Divorced,4450,26250,1,No,11,3,3,2,5,3,3,4,2,1,3,0,0.8087560615012648,Low,0,0,1.3333333333333333,5770.0,741.6666666666666,2,1,3,0,4,0,0,1
33,No,Travel_Rarely,931,Research & Development,14,3,Medical,252,4,Female,72,3,1,Research Scientist,2,Married,2756,4673,1,No,13,3,4,1,8,5,3,8,7,1,6,0,0.9889069877320681,Medium,0,0,4.0,3953.6,306.22222222222223,2,1,3,0,6,1,0,2
40,No,Travel_Rarely,989,Research & Development,4,1,Medical,253,4,Female,46,3,5,Manager,3,Married,19033,6499,1,No,14,3,2,1,21,2,3,20,8,9,9,0,0.9917242847951574,Medium,0,0,3.3333333333333335,13819.8,865.1363636363636,2,1,3,0,3,1,0,2
55,No,Travel_Rarely,692,Research & Development,14,4,Medical,254,3,Male,61,4,5,Research Director,2,Single,18722,13339,8,No,11,3,4,0,36,3,3,24,15,2,15,0,0.9755194693393021,Low,0,0,4.0,12333.199999999999,506.0,2,1,3,1,5,2,0,1
34,No,Travel_Frequently,1069,Research & Development,2,1,Life Sciences,256,4,Male,45,2,2,Manufacturing Director,3,Married,9547,14074,1,No,17,3,3,0,10,2,2,10,9,1,9,0,1.7350998020567583,High,0,0,3.3333333333333335,7428.2,867.9090909090909,1,1,1,1,4,1,0,0
51,No,Travel_Rarely,313,Research & Development,3,3,Medical,258,4,Female,98,3,4,Healthcare Representative,2,Single,13734,7192,3,No,18,3,3,0,21,6,3,7,7,1,0,0,0.8858483109113356,High,0,0,1.4,10040.4,624.2727272727273,2,1,3,0,0,2,0,0
52,No,Travel_Rarely,699,Research & Development,1,4,Life Sciences,259,3,Male,65,2,5,Manager,3,Married,19999,5678,0,No,14,3,1,1,34,5,3,33,18,11,9,0,1.0420582131885858,Medium,0,0,5.5,14399.4,571.4,2,1,1,1,3,1,0,2
27,No,Travel_Rarely,894,Research & Development,9,3,Medical,260,4,Female,99,3,1,Research Scientist,2,Single,2279,11781,1,No,16,3,4,0,7,2,2,7,7,0,3,0,0.8177500090861332,High,0,0,3.5,2967.3999999999996,284.875,2,1,3,0,6,2,0,0
35,Yes,Travel_Rarely,556,Research & Development,23,2,Life Sciences,261,2,Male,50,2,2,Manufacturing Director,3,Married,5916,15497,3,Yes,13,3,1,0,8,1,3,1,0,0,1,1,1.07519120445876,Medium,1,0,0.3333333333333333,4849.6,657.3333333333334,2,1,1,1,4,1,1,2
43,No,Non-Travel,1344,Research & Development,7,3,Medical,262,4,Male,37,4,1,Research Scientist,4,Divorced,2089,5228,4,No,14,3,4,3,7,3,4,5,4,2,2,0,0.7495742733571444,Medium,0,0,2.5,5653.4,261.125,0,1,3,1,6,0,0,2
45,No,Non-Travel,1195,Research & Development,2,2,Medical,264,1,Male,65,2,4,Manager,4,Married,16792,20462,9,No,23,4,4,1,22,1,3,20,8,11,8,0,1.083090493434043,High,0,0,4.0,13375.199999999999,730.0869565217391,0,1,3,1,3,1,0,0
37,No,Travel_Rarely,290,Research & Development,21,3,Life Sciences,267,2,Male,65,4,1,Research Scientist,1,Married,3564,22977,1,Yes,12,3,1,1,8,3,2,8,7,1,7,0,1.278833274411136,Medium,1,0,4.0,4338.4,396.0,2,1,1,1,6,1,1,2
35,No,Travel_Frequently,138,Research & Development,2,3,Medical,269,2,Female,37,3,2,Laboratory Technician,2,Single,4425,15986,5,No,11,3,4,0,10,5,3,6,2,1,2,0,0.8042124881220442,Low,0,0,2.0,3755.0,402.27272727272725,1,1,3,0,2,2,0,1
42,No,Non-Travel,926,Research & Development,21,2,Medical,270,3,Female,36,3,2,Manufacturing Director,3,Divorced,5265,16439,2,No,16,3,2,1,11,5,3,5,3,0,2,0,0.9568765536638559,High,0,0,1.6666666666666667,5759.0,438.75,0,1,3,0,4,0,0,0
38,No,Travel_Rarely,1261,Research & Development,2,4,Life Sciences,271,4,Male,88,3,2,Manufacturing Director,3,Married,6553,7259,9,No,14,3,2,0,14,3,3,1,0,0,0,0,1.1909614541613007,Medium,0,0,0.3333333333333333,5331.799999999999,436.8666666666667,2,1,1,1,4,1,0,2
38,No,Travel_Rarely,1084,Research & Development,29,3,Technical Degree,273,4,Male,54,3,2,Manufacturing Director,4,Married,6261,4185,3,No,18,3,1,1,9,3,1,7,7,1,7,0,1.1378925170920042,High,0,0,2.3333333333333335,6556.6,626.1,2,1,5,1,4,1,0,0
27,No,Travel_Frequently,472,Research & Development,1,1,Technical Degree,274,3,Male,60,2,2,Manufacturing Director,1,Married,4298,9679,5,No,19,3,3,1,6,1,3,2,2,2,0,0,0.7811311353556035,High,0,0,0.6666666666666666,5478.799999999999,614.0,1,1,5,1,4,1,0,0
49,No,Non-Travel,1002,Research & Development,18,4,Life Sciences,275,4,Male,92,3,2,Manufacturing Director,4,Divorced,6804,23793,1,Yes,15,3,1,2,7,0,3,7,7,1,7,0,1.2365789308886754,High,1,0,2.3333333333333335,7582.4,850.5,0,1,1,1,4,0,1,0
34,No,Travel_Frequently,878,Research & Development,10,4,Medical,277,4,Male,43,3,1,Research Scientist,3,Divorced,3815,5972,1,Yes,17,3,4,1,5,4,4,5,3,2,0,0,1.3688970095057473,High,1,0,2.5,4989.0,635.8333333333334,1,1,3,1,6,0,1,0
40,No,Travel_Rarely,905,Research & Development,19,2,Medical,281,3,Male,99,3,2,Laboratory Technician,4,Married,2741,16523,8,Yes,15,3,3,1,15,2,4,7,2,3,7,0,0.49815738529774534,High,1,0,2.3333333333333335,4144.6,171.3125,2,1,3,1,2,1,1,0
38,Yes,Travel_Rarely,1180,Research & Development,29,1,Medical,282,2,Male,70,3,2,Healthcare Representative,1,Married,6673,11354,7,Yes,19,3,2,0,17,2,3,1,0,0,0,1,1.2127706063815595,High,1,0,0.3333333333333333,5903.799999999999,370.72222222222223,2,1,3,1,0,1,1,0
29,Yes,Travel_Rarely,121,Sales,27,3,Marketing,283,2,Female,35,3,3,Sales Executive,4,Married,7639,24525,1,No,22,4,4,3,10,3,2,10,4,1,9,1,0.778119963871877,High,0,0,2.5,9783.4,694.4545454545455,2,2,2,0,7,1,0,0
22,No,Travel_Rarely,1136,Research & Development,5,3,Life Sciences,284,4,Male,60,4,1,Research Scientist,2,Divorced,2328,12392,1,Yes,16,3,1,1,4,2,2,4,2,2,2,0,0.8353321725109777,High,1,0,2.0,3996.8,465.6,2,1,1,1,6,0,1,0
36,No,Travel_Frequently,635,Research & Development,18,1,Medical,286,2,Female,73,3,1,Laboratory Technician,4,Single,2153,7703,1,No,13,3,1,0,8,2,3,8,1,1,7,0,0.7725387317079617,Medium,0,0,4.0,2591.8,239.22222222222223,1,1,3,0,2,2,0,2
40,No,Non-Travel,1151,Research & Development,9,5,Life Sciences,287,4,Male,63,2,2,Healthcare Representative,4,Married,4876,14242,9,No,14,3,4,1,5,5,1,3,2,0,2,0,0.8861785518831835,Medium,0,0,1.0,5325.6,812.6666666666666,0,1,1,1,0,1,0,2
46,No,Travel_Rarely,644,Research & Development,1,4,Medical,288,4,Male,97,3,3,Healthcare Representative,1,Divorced,9396,12368,7,No,16,3,3,1,17,3,3,4,2,0,3,0,0.9570906114072726,High,0,0,1.0,8237.599999999999,522.0,2,1,3,1,0,0,0,0
32,Yes,Travel_Rarely,1045,Sales,4,4,Medical,291,4,Male,32,1,3,Sales Executive,4,Married,10400,25812,1,No,11,3,3,0,14,2,2,14,8,9,8,1,1.0593595528560702,Low,0,0,3.5,7340.0,693.3333333333334,2,2,3,1,7,1,0,1
30,No,Non-Travel,829,Research & Development,1,1,Life Sciences,292,3,Male,88,2,3,Manufacturing Director,3,Single,8474,20925,1,No,22,4,3,0,12,2,3,11,8,5,8,0,0.8631743125867634,High,0,0,2.75,7284.4,651.8461538461538,0,1,1,1,4,2,0,0
27,No,Travel_Frequently,1242,Sales,20,3,Life Sciences,293,4,Female,90,3,2,Sales Executive,3,Single,9981,12916,1,No,14,3,4,0,7,2,3,7,7,0,7,0,1.8139762359200278,Medium,0,0,2.3333333333333335,7388.599999999999,1247.625,1,2,1,0,7,2,0,2
51,No,Travel_Rarely,1469,Research & Development,8,4,Life Sciences,296,2,Male,81,2,3,Research Director,2,Married,12490,15736,5,No,16,3,4,2,16,5,1,10,9,4,7,0,1.2722500783819535,High,0,0,2.5,11094.0,734.7058823529412,2,1,1,1,5,1,0,0
30,Yes,Travel_Rarely,1005,Research & Development,3,3,Technical Degree,297,4,Female,88,3,1,Research Scientist,1,Single,2657,8556,5,Yes,11,3,3,0,8,5,3,5,2,0,4,1,0.9533838412206476,Low,1,1,2.5,2694.2,295.22222222222223,2,1,5,0,6,2,1,1
41,No,Travel_Rarely,896,Sales,6,3,Life Sciences,298,4,Female,75,3,3,Manager,4,Single,13591,14674,3,Yes,18,3,3,0,16,3,3,1,0,0,0,0,1.3843995848910433,High,1,0,0.25,9954.599999999999,799.4705882352941,2,2,1,0,3,2,1,0
30,Yes,Travel_Frequently,334,Sales,26,4,Marketing,299,3,Female,52,2,2,Sales Executive,1,Single,6696,22967,5,No,15,3,3,0,9,5,2,6,3,0,1,1,1.2169506938904424,High,0,0,2.0,5517.6,669.6,1,2,2,0,7,2,0,0
29,Yes,Travel_Rarely,992,Research & Development,1,3,Technical Degree,300,3,Male,85,3,1,Research Scientist,3,Single,2058,19757,0,No,14,3,4,0,7,1,2,6,2,1,5,1,0.7384508638434674,Medium,0,0,3.0,2634.8,257.25,2,1,5,1,6,2,0,2
45,No,Non-Travel,1052,Sales,6,3,Medical,302,4,Female,57,2,3,Sales Executive,4,Single,8865,16840,6,No,12,3,4,0,23,2,3,19,7,12,8,0,0.9030021573143329,Medium,0,0,4.75,6519.0,369.375,0,2,3,0,7,2,0,2
54,No,Travel_Rarely,1147,Sales,3,3,Marketing,303,4,Female,52,3,2,Sales Executive,1,Married,5940,17011,2,No,14,3,4,1,16,4,3,6,2,0,5,0,1.0795530349028117,Medium,0,0,2.0,5964.0,349.4117647058824,2,2,2,0,7,1,0,2
36,No,Travel_Rarely,1396,Research & Development,5,2,Life Sciences,304,4,Male,62,3,2,Laboratory Technician,2,Single,5914,9945,8,No,16,3,4,0,16,3,4,13,11,3,7,0,1.0748277185884223,High,0,0,4.333333333333333,5148.4,347.88235294117646,2,1,1,1,2,2,0,0
33,No,Travel_Rarely,147,Research & Development,4,4,Medical,305,3,Female,47,2,1,Research Scientist,2,Married,2622,13248,6,No,21,4,4,0,7,3,3,3,2,1,1,0,0.9408251530600444,High,0,0,1.5,3673.2,327.75,2,1,3,0,6,1,0,0
37,No,Travel_Frequently,663,Research & Development,11,3,Other,306,2,Male,47,3,3,Research Director,4,Divorced,12185,10056,1,Yes,14,3,3,3,10,1,3,10,8,0,7,0,1.24118232226454,Medium,1,0,2.5,11711.0,1107.7272727272727,1,1,4,1,5,0,1,2
38,No,Travel_Rarely,119,Sales,3,3,Life Sciences,307,1,Male,76,3,3,Sales Executive,3,Divorced,10609,9647,0,No,12,3,3,2,17,6,2,16,10,5,13,0,1.0806486054086586,Medium,0,0,4.0,9565.4,589.3888888888889,2,2,1,1,7,0,0,2
31,No,Non-Travel,979,Research & Development,1,4,Medical,308,3,Male,90,1,2,Manufacturing Director,3,Married,4345,4381,0,No,12,3,4,1,6,2,3,5,4,1,4,0,0.7896730533085382,Medium,0,0,1.6666666666666667,4807.0,620.7142857142857,0,1,3,1,4,1,0,2
59,No,Travel_Rarely,142,Research & Development,3,3,Life Sciences,309,3,Male,70,2,1,Research Scientist,4,Married,2177,8456,3,No,17,3,1,1,7,6,3,1,0,0,0,0,0.7811504035895181,High,0,0,0.5,4006.2,272.125,2,1,1,1,6,1,0,0
37,No,Travel_Frequently,319,Sales,4,4,Marketing,311,1,Male,41,3,1,Sales Representative,4,Divorced,2793,2539,4,No,17,3,3,1,13,2,3,9,8,5,8,0,1.0021833152161344,High,0,0,4.5,4375.8,199.5,1,2,2,1,8,0,0,0
29,No,Travel_Frequently,1413,Sales,1,1,Medical,312,2,Female,42,3,3,Sales Executive,4,Married,7918,6599,1,No,14,3,4,1,11,5,3,11,10,4,1,0,0.8065393211071503,Medium,0,0,2.75,7150.8,659.8333333333334,1,2,3,0,7,1,0,2
35,No,Travel_Frequently,944,Sales,1,3,Marketing,314,3,Female,92,3,3,Sales Executive,3,Single,8789,9096,1,No,14,3,1,0,10,3,4,10,7,0,8,0,0.8952606836588463,Medium,0,0,2.5,6673.4,799.0,1,2,2,0,7,2,0,2
29,Yes,Travel_Rarely,896,Research & Development,18,1,Medical,315,3,Male,86,2,1,Research Scientist,4,Single,2389,14961,1,Yes,13,3,3,0,4,3,2,4,3,0,1,1,0.8572201718766004,Medium,1,0,2.0,2733.3999999999996,477.8,2,1,3,1,6,2,1,2
52,No,Travel_Rarely,1323,Research & Development,2,3,Life Sciences,316,3,Female,89,2,1,Laboratory Technician,4,Single,3212,3300,7,No,15,3,2,0,6,3,2,2,2,2,2,0,1.152528753481641,High,0,0,1.0,3427.2,458.85714285714283,2,1,1,0,2,2,0,0
42,No,Travel_Rarely,532,Research & Development,4,2,Technical Degree,319,3,Male,58,3,5,Manager,4,Married,19232,4933,1,No,11,3,4,0,22,3,3,22,17,11,15,0,1.0020932824662674,Low,0,0,3.6666666666666665,12639.199999999999,836.1739130434783,2,1,5,1,3,1,0,1
59,No,Travel_Rarely,818,Human Resources,6,2,Medical,321,2,Male,52,3,1,Human Resources,3,Married,2267,25657,8,No,17,3,4,0,7,2,2,2,2,2,2,0,0.813444173145355,High,0,0,1.0,3060.2,283.375,2,0,3,1,1,1,0,0
50,No,Travel_Rarely,854,Sales,1,4,Medical,323,4,Female,68,3,5,Manager,4,Divorced,19517,24118,3,No,11,3,3,1,32,3,2,7,0,0,6,0,1.0169433545078068,Low,0,0,1.1666666666666667,13810.199999999999,591.4242424242424,2,2,3,0,3,0,0,1
33,Yes,Travel_Rarely,813,Research & Development,14,3,Medical,325,3,Male,58,3,1,Laboratory Technician,4,Married,2436,22149,5,Yes,13,3,3,1,8,2,1,5,4,0,4,1,0.8740846959779818,Medium,1,0,2.5,3761.6,270.6666666666667,2,1,3,1,2,1,1,2
43,No,Travel_Rarely,1034,Sales,16,3,Marketing,327,4,Female,80,3,4,Manager,4,Married,16064,7744,5,Yes,22,4,3,1,22,3,3,17,13,1,9,0,1.0361342119178458,High,1,0,3.4,12838.4,698.4347826086956,2,2,2,0,3,1,1,0
33,Yes,Travel_Rarely,465,Research & Development,2,2,Life Sciences,328,1,Female,39,3,1,Laboratory Technician,1,Married,2707,21509,7,No,20,4,1,0,13,3,4,9,7,1,7,1,0.9713248243072236,High,0,0,4.5,3624.2,193.35714285714286,2,1,1,0,2,1,0,0
52,No,Non-Travel,771,Sales,2,4,Life Sciences,329,1,Male,79,2,5,Manager,3,Single,19068,21030,1,Yes,18,3,4,0,33,2,4,33,7,15,12,0,0.9935479778528904,High,1,0,5.5,13240.8,560.8235294117648,0,2,1,1,3,2,1,0
32,No,Travel_Rarely,1401,Sales,4,2,Life Sciences,330,3,Female,56,3,1,Sales Representative,2,Married,3931,20990,2,No,11,3,1,1,6,5,3,4,3,1,2,0,1.4105200902666035,Low,0,0,2.0,4458.6,561.5714285714286,2,2,1,0,8,1,0,1
32,Yes,Travel_Rarely,515,Research & Development,1,3,Life Sciences,331,4,Male,62,2,1,Laboratory Technician,3,Single,3730,9571,0,Yes,14,3,4,0,4,2,1,3,2,1,2,1,1.338397338258568,Medium,1,0,1.5,3638.0,746.0,2,1,1,1,2,2,1,2
39,No,Travel_Rarely,1431,Research & Development,1,4,Medical,332,3,Female,96,3,1,Laboratory Technician,3,Divorced,2232,15417,7,No,14,3,3,3,7,1,3,3,2,1,2,0,0.8008854849847518,Medium,0,0,1.5,5739.2,279.0,2,1,3,0,2,0,0,2
32,No,Non-Travel,976,Sales,26,4,Marketing,333,3,Male,100,3,2,Sales Executive,4,Married,4465,12069,0,No,18,3,1,0,4,2,3,3,2,2,2,0,0.8114822055287971,High,0,0,1.0,4479.0,893.0,0,2,2,1,7,1,0,0
41,No,Travel_Rarely,1411,Research & Development,19,2,Life Sciences,334,3,Male,36,3,2,Research Scientist,1,Divorced,3072,19877,2,No,16,3,1,2,17,2,2,1,0,0,0,0,0.5583142968386259,High,0,0,0.3333333333333333,5443.2,170.66666666666666,2,1,1,1,6,0,0,0
40,No,Travel_Rarely,1300,Research & Development,24,2,Technical Degree,335,1,Male,62,3,2,Research Scientist,4,Divorced,3319,24447,1,No,17,3,1,2,9,3,3,9,8,4,7,0,0.6032048018253253,High,0,0,3.0,5691.4,331.9,2,1,5,1,6,0,0,0
45,No,Travel_Rarely,252,Research & Development,1,3,Other,336,3,Male,70,4,5,Manager,4,Married,19202,15970,0,No,11,3,3,1,25,2,3,24,0,1,7,0,1.0005301169882106,Low,0,0,4.0,13621.199999999999,738.5384615384615,2,1,4,1,3,1,0,1
31,No,Travel_Frequently,1327,Research & Development,3,4,Medical,337,2,Male,73,3,3,Research Director,3,Divorced,13675,13523,9,No,12,3,1,1,9,3,3,2,2,2,2,0,1.3929559505102653,Medium,0,0,0.5,10405.0,1367.5,1,1,3,1,5,0,0,2
33,No,Travel_Rarely,832,Research & Development,5,4,Life Sciences,338,3,Female,63,2,1,Research Scientist,4,Married,2911,14776,1,No,13,3,3,1,2,2,2,2,2,0,2,0,1.0445240353004537,Medium,0,0,1.0,4046.6,970.3333333333334,2,1,1,0,6,1,0,2
34,No,Travel_Rarely,470,Research & Development,2,4,Life Sciences,339,4,Male,84,2,2,Manufacturing Director,1,Married,5957,23687,6,No,13,3,2,1,13,3,3,11,9,5,9,0,1.0826426648006817,Medium,0,0,3.6666666666666665,5874.2,425.5,2,1,1,1,4,1,0,2
37,No,Travel_Rarely,1017,Research & Development,1,2,Medical,340,3,Female,83,2,1,Research Scientist,1,Married,3920,18697,2,No,14,3,1,1,17,2,2,3,1,0,2,0,1.4065730739875568,Medium,0,0,1.5,4752.0,217.77777777777777,2,1,3,0,6,1,0,2
45,No,Travel_Frequently,1199,Research & Development,7,4,Life Sciences,341,1,Male,77,4,2,Manufacturing Director,3,Married,6434,5118,4,No,17,3,4,1,9,1,3,3,2,0,2,0,1.1693340448762106,High,0,0,1.0,6560.4,643.4,1,1,1,1,4,1,0,0
37,Yes,Travel_Frequently,504,Research & Development,10,3,Medical,342,1,Male,61,3,3,Manufacturing Director,3,Divorced,10048,22573,6,No,11,3,2,2,17,5,3,1,0,0,0,1,1.0235043064517109,Low,0,0,0.25,9128.8,558.2222222222222,1,1,3,1,4,0,0,1
39,No,Travel_Frequently,505,Research & Development,2,4,Technical Degree,343,3,Female,64,3,3,Healthcare Representative,3,Single,10938,6420,0,No,25,4,4,0,20,1,3,19,6,11,8,0,1.1141610374172783,High,0,0,4.75,9062.8,520.8571428571429,1,1,5,0,0,2,0,0
29,No,Travel_Rarely,665,Research & Development,15,3,Life Sciences,346,3,Male,60,3,1,Research Scientist,4,Single,2340,22673,1,No,19,3,1,0,6,1,3,6,5,1,5,0,0.8396380084517558,High,0,0,3.0,3304.0,334.2857142857143,2,1,1,1,6,2,0,0
42,No,Travel_Rarely,916,Research & Development,17,2,Life Sciences,347,4,Female,82,4,2,Research Scientist,1,Single,6545,23016,3,Yes,13,3,3,0,10,1,3,3,2,0,2,0,1.18950751067995,Medium,1,0,1.0,5227.0,595.0,2,1,1,0,6,2,1,2
29,No,Travel_Rarely,1247,Sales,20,2,Marketing,349,4,Male,45,3,2,Sales Executive,4,Divorced,6931,10732,2,No,14,3,4,1,10,2,3,3,2,0,2,0,1.2596602836551158,Medium,0,0,1.0,6558.599999999999,630.0909090909091,2,2,2,1,7,0,0,2
25,No,Travel_Rarely,685,Research & Development,1,3,Life Sciences,350,1,Female,62,3,2,Manufacturing Director,3,Married,4898,7505,0,No,12,3,4,2,5,3,3,4,2,1,2,0,0.8901768964568977,Medium,0,0,1.3333333333333333,6138.799999999999,816.3333333333334,2,1,1,0,4,1,0,2
42,No,Travel_Rarely,269,Research & Development,2,3,Medical,351,4,Female,56,2,1,Laboratory Technician,1,Divorced,2593,8007,0,Yes,11,3,3,1,10,4,3,9,6,7,8,0,0.9304193828698304,Low,1,1,4.5,3655.8,235.72727272727272,2,1,3,0,2,0,1,1
40,No,Travel_Rarely,1416,Research & Development,2,2,Medical,352,1,Male,49,3,5,Research Director,3,Divorced,19436,5949,0,No,19,3,4,1,22,5,3,21,7,3,9,0,1.0127228077170536,High,0,0,3.5,14561.6,845.0434782608696,2,1,3,1,5,0,0,0
51,No,Travel_Rarely,833,Research & Development,1,3,Life Sciences,353,3,Male,96,3,1,Research Scientist,4,Married,2723,23231,1,No,11,3,2,0,1,0,2,1,0,0,0,0,0.9770659388949279,Low,0,0,0.5,2733.8,1361.5,2,1,1,1,6,1,0,1
31,Yes,Travel_Frequently,307,Research & Development,29,2,Medical,355,3,Male,71,2,1,Laboratory Technician,2,Single,3479,11652,0,No,11,3,2,0,6,2,4,5,4,1,4,1,1.2483336031639567,Low,0,0,2.5,3187.4,497.0,1,1,3,1,2,2,0,1
32,No,Travel_Frequently,1311,Research & Development,7,3,Life Sciences,359,2,Male,100,4,1,Laboratory Technician,2,Married,2794,26062,1,No,20,4,3,0,5,3,1,5,1,0,3,0,1.0025421348778658,High,0,0,2.5,3676.3999999999996,465.6666666666667,1,1,1,1,2,1,0,0
38,No,Non-Travel,1327,Sales,2,2,Life Sciences,361,4,Male,39,2,2,Sales Executive,4,Married,5249,19682,3,No,18,3,4,1,13,0,3,8,7,7,5,0,0.9539686667011548,High,0,0,2.6666666666666665,5949.4,374.92857142857144,0,2,1,1,7,1,0,0
32,No,Travel_Rarely,128,Research & Development,2,1,Technical Degree,362,4,Male,84,2,2,Laboratory Technician,1,Single,2176,19737,4,No,13,3,4,0,9,5,3,6,2,0,4,0,0.39547262692736,Medium,0,0,2.0,2605.6,217.6,2,1,5,1,2,2,0,2
46,No,Travel_Rarely,488,Sales,2,3,Technical Degree,363,3,Female,75,1,4,Manager,2,Married,16872,14977,3,Yes,12,3,2,1,28,2,2,7,7,7,7,0,1.088250524369889,Medium,1,0,1.4,12323.199999999999,581.7931034482758,2,2,5,0,3,1,1,2
28,Yes,Travel_Rarely,529,Research & Development,2,4,Life Sciences,364,1,Male,79,3,1,Laboratory Technician,3,Single,3485,14935,2,No,11,3,3,0,5,5,1,0,0,0,0,1,1.2504865211343459,Low,0,0,0.0,3191.0,580.8333333333334,2,1,1,1,2,2,0,1
29,No,Travel_Rarely,1210,Sales,2,3,Medical,366,1,Male,78,2,2,Sales Executive,2,Married,6644,3687,2,No,19,3,2,2,10,2,3,0,0,0,0,0,1.2075000612616635,High,0,0,0.0,7886.4,604.0,2,2,3,1,7,1,0,0
31,No,Travel_Rarely,1463,Research & Development,23,3,Medical,367,2,Male,64,2,2,Healthcare Representative,4,Married,5582,14408,0,No,21,4,2,1,10,2,3,9,0,7,8,0,1.014489064112373,High,0,0,3.0,6449.2,507.45454545454544,2,1,3,1,0,1,0,0
25,No,Non-Travel,675,Research & Development,5,2,Life Sciences,369,2,Male,85,4,2,Healthcare Representative,1,Divorced,4000,18384,1,No,12,3,4,2,6,2,3,6,3,1,5,0,0.7269717406752941,Medium,0,0,2.0,5600.0,571.4285714285714,0,1,1,1,0,0,0,2
45,No,Travel_Rarely,1385,Research & Development,20,2,Medical,372,3,Male,79,3,4,Healthcare Representative,4,Married,13496,7501,0,Yes,14,3,2,0,21,2,3,20,7,4,10,0,0.8704972188771942,Medium,1,0,4.0,9497.599999999999,613.4545454545455,2,1,3,1,0,1,1,2
36,No,Travel_Rarely,1403,Research & Development,6,3,Life Sciences,373,4,Male,47,3,1,Laboratory Technician,4,Married,3210,20251,0,No,11,3,3,1,16,4,3,15,13,10,11,0,1.151811114158178,Low,0,0,7.5,4026.0,188.8235294117647,2,1,1,1,2,1,0,1
55,No,Travel_Rarely,452,Research & Development,1,3,Medical,374,4,Male,81,3,5,Manager,1,Single,19045,18938,0,Yes,14,3,3,0,37,2,3,36,10,4,13,0,0.9923495509863801,Medium,1,0,6.0,12827.0,501.1842105263158,2,1,3,1,3,2,1,2
47,Yes,Non-Travel,666,Research & Development,29,4,Life Sciences,376,1,Male,88,3,3,Manager,2,Married,11849,10268,1,Yes,12,3,4,1,10,2,2,10,7,9,9,1,1.2069568597876514,Medium,1,0,2.5,9309.4,1077.1818181818182,0,1,1,1,3,1,1,2
28,No,Travel_Rarely,1158,Research & Development,9,3,Medical,377,4,Male,94,3,1,Research Scientist,4,Married,2070,2613,1,No,23,4,4,1,5,3,2,5,2,0,4,0,0.7427566997842456,High,0,0,2.5,4542.0,345.0,2,1,3,1,6,1,0,0
37,No,Travel_Rarely,228,Sales,6,4,Medical,378,3,Male,98,3,2,Sales Executive,4,Married,6502,22825,4,No,14,3,2,1,7,5,4,5,4,0,1,0,1.1816925644676906,Medium,0,0,1.6666666666666667,6301.2,812.75,2,2,3,1,7,1,0,2
21,No,Travel_Rarely,996,Research & Development,3,2,Medical,379,4,Male,100,2,1,Research Scientist,3,Single,3230,10531,1,No,17,3,1,0,3,4,4,3,2,1,0,0,1.1589875073928084,High,0,0,1.5,3638.0,807.5,2,1,3,1,6,2,0,0
37,No,Non-Travel,728,Research & Development,1,4,Medical,380,1,Female,80,3,3,Research Director,4,Divorced,13603,11677,2,Yes,18,3,1,2,15,2,3,5,2,0,2,0,1.3856219228366464,High,1,0,1.25,11961.8,850.1875,0,1,3,0,5,0,1,0
35,No,Travel_Rarely,1315,Research & Development,22,3,Life Sciences,381,2,Female,71,4,3,Manager,2,Divorced,11996,19100,7,No,18,3,2,1,10,6,2,7,7,6,2,0,1.22193049962129,High,0,0,1.75,9997.599999999999,1090.5454545454545,2,1,1,0,3,0,0,0
38,No,Travel_Rarely,322,Sales,7,2,Medical,382,1,Female,44,4,2,Sales Executive,1,Divorced,5605,19191,1,Yes,24,4,3,1,8,3,3,8,0,7,7,0,1.0186691516212558,High,1,0,2.6666666666666665,6763.0,622.7777777777778,2,2,3,0,7,0,1,0
26,No,Travel_Frequently,1479,Research & Development,1,3,Life Sciences,384,3,Female,84,3,2,Manufacturing Director,2,Divorced,6397,26767,1,No,20,4,1,1,6,6,1,6,5,1,4,0,1.162609556274964,High,0,0,2.0,6838.2,913.8571428571429,1,1,1,0,4,0,0,0
50,No,Travel_Rarely,797,Research & Development,4,1,Life Sciences,385,1,Male,96,3,5,Research Director,2,Divorced,19144,15815,3,No,14,3,1,2,28,4,2,10,4,1,6,0,0.9975079970639675,Medium,0,0,1.6666666666666667,14886.4,660.1379310344828,2,1,1,1,5,0,0,2
53,No,Travel_Rarely,1070,Research & Development,3,4,Medical,386,3,Male,45,3,4,Research Director,3,Married,17584,21016,3,Yes,16,3,4,3,21,5,2,5,3,1,3,0,1.134174799698917,High,1,0,1.0,15150.4,799.2727272727273,2,1,3,1,5,1,1,0
42,No,Travel_Rarely,635,Sales,1,1,Life Sciences,387,2,Male,99,3,2,Sales Executive,3,Married,4907,24532,1,No,25,4,3,0,20,3,3,20,16,11,6,0,0.8918125828734171,High,0,0,6.666666666666667,5444.2,233.66666666666666,2,2,1,1,7,1,0,0
29,No,Travel_Frequently,442,Sales,2,2,Life Sciences,388,2,Male,44,3,2,Sales Executive,4,Single,4554,20260,1,No,18,3,1,0,10,3,2,10,7,0,9,0,0.8276573267588224,High,0,0,3.3333333333333335,4532.4,414.0,1,2,1,1,7,2,0,0
55,No,Travel_Rarely,147,Research & Development,20,2,Technical Degree,389,2,Male,37,3,2,Laboratory Technician,4,Married,5415,15972,3,Yes,19,3,4,1,12,4,3,10,7,0,8,0,0.9841379939391794,High,1,0,3.3333333333333335,6149.0,416.53846153846155,2,1,5,1,2,1,1,0
26,No,Travel_Frequently,496,Research & Development,11,2,Medical,390,1,Male,60,3,2,Healthcare Representative,1,Married,4741,22722,1,Yes,13,3,3,1,5,3,3,5,3,3,3,0,0.8616432556353923,Medium,1,0,1.6666666666666667,5144.6,790.1666666666666,1,1,3,1,0,1,1,2
37,No,Travel_Rarely,1372,Research & Development,1,3,Life Sciences,391,4,Female,42,3,1,Research Scientist,4,Single,2115,15881,1,No,12,3,2,0,17,3,3,17,12,5,7,0,0.758903584562164,Medium,0,0,8.5,2469.0,117.5,2,1,1,0,6,2,0,2
44,Yes,Travel_Frequently,920,Research & Development,24,3,Life Sciences,392,4,Male,43,3,1,Laboratory Technician,3,Divorced,3161,19920,3,Yes,22,4,4,1,19,0,1,1,0,0,0,1,1.1342289507333334,High,1,0,0.5,5096.6,158.05,1,1,1,1,2,0,1,0
38,No,Travel_Rarely,688,Research & Development,23,4,Life Sciences,393,4,Male,82,3,2,Healthcare Representative,4,Divorced,5745,18899,9,No,14,3,2,1,10,2,3,2,2,1,2,0,1.0441131625448912,Medium,0,0,0.6666666666666666,5847.0,522.2727272727273,2,1,1,1,0,0,0,2
26,Yes,Travel_Rarely,1449,Research & Development,16,4,Medical,394,1,Male,45,3,1,Laboratory Technician,2,Divorced,2373,14180,2,Yes,13,3,4,1,5,2,3,3,2,0,2,1,0.8514790572888961,Medium,1,0,1.5,3723.8,395.5,2,1,3,1,2,0,1,2
28,No,Travel_Rarely,1117,Research & Development,8,2,Life Sciences,395,4,Female,66,3,1,Research Scientist,4,Single,3310,4488,1,No,21,4,4,0,5,3,3,5,3,0,2,0,1.18769308033133,High,0,0,2.5,4086.0,551.6666666666666,2,1,1,0,6,2,0,0
49,No,Travel_Frequently,636,Research & Development,10,4,Life Sciences,396,3,Female,35,3,5,Research Director,1,Single,18665,25594,9,Yes,11,3,4,0,22,4,3,3,2,1,2,0,0.9725494549309942,Low,1,1,0.5,12299.0,811.5217391304348,1,1,1,0,5,2,1,1
36,No,Travel_Rarely,506,Research & Development,3,3,Technical Degree,397,3,Male,30,3,2,Research Scientist,2,Single,4485,26285,4,No,12,3,4,0,10,2,3,8,0,7,7,0,0.8151170642321736,Medium,0,0,2.6666666666666665,3891.0,407.72727272727275,2,1,5,1,6,2,0,2
31,No,Travel_Frequently,444,Sales,5,3,Marketing,399,4,Female,84,3,1,Sales Representative,2,Divorced,2789,3909,1,No,11,3,3,1,2,5,2,2,2,2,2,0,1.0007480365692083,Low,0,0,1.0,3773.3999999999996,929.6666666666666,1,2,2,0,8,0,0,1
26,Yes,Travel_Rarely,950,Sales,4,4,Marketing,401,4,Male,48,2,2,Sales Executive,4,Single,5828,8450,1,Yes,12,3,2,0,8,0,3,8,7,7,4,1,1.0591978261639035,Medium,1,0,2.6666666666666665,4696.799999999999,647.5555555555555,2,2,2,1,7,2,1,2
37,No,Travel_Frequently,889,Research & Development,9,3,Medical,403,2,Male,53,3,1,Research Scientist,4,Married,2326,11411,1,Yes,12,3,3,3,4,3,2,4,2,1,2,0,0.8346145331875147,Medium,1,0,2.0,5595.6,465.2,1,1,3,1,6,1,1,2
42,No,Travel_Frequently,555,Sales,26,3,Marketing,404,3,Female,77,3,4,Sales Executive,2,Married,13525,14864,5,No,14,3,4,1,23,2,4,20,4,4,8,0,0.8723677300914384,Medium,0,0,4.0,10515.0,563.5416666666666,1,2,2,0,7,1,0,2
18,Yes,Travel_Rarely,230,Research & Development,3,3,Life Sciences,405,3,Male,54,3,1,Laboratory Technician,3,Single,1420,25233,1,No,13,3,3,0,0,2,3,0,0,0,0,1,0.5095239196587579,Medium,0,0,0.0,2152.0,1420.0,2,1,1,1,2,2,0,2
35,No,Travel_Rarely,1232,Sales,16,3,Marketing,406,3,Male,96,3,3,Sales Executive,2,Married,8020,5100,0,No,15,3,3,2,12,3,2,11,9,6,9,0,0.8169291936447772,High,0,0,2.75,8312.0,616.9230769230769,2,2,2,1,7,1,0,0
36,No,Travel_Frequently,566,Research & Development,18,4,Life Sciences,407,3,Male,81,4,1,Laboratory Technician,4,Married,3688,7122,4,No,18,3,4,2,4,2,3,1,0,0,0,0,1.3233269124658444,High,0,0,0.5,6012.799999999999,737.6,1,1,1,1,2,1,0,0
51,No,Travel_Rarely,1302,Research & Development,2,3,Medical,408,4,Male,84,1,2,Manufacturing Director,2,Divorced,5482,16321,5,No,18,3,4,1,13,3,3,4,1,1,2,0,0.9963147705954907,High,0,0,1.3333333333333333,6089.2,391.57142857142856,2,1,3,1,4,0,0,0
41,No,Travel_Rarely,334,Sales,2,4,Life Sciences,410,4,Male,88,3,4,Manager,2,Single,16015,15896,1,No,19,3,2,0,22,2,3,22,10,0,4,0,1.0329736929696403,High,0,0,4.4,11509.0,696.304347826087,2,2,1,1,3,2,0,0
18,No,Travel_Rarely,812,Sales,10,3,Medical,411,4,Female,69,2,1,Sales Representative,3,Single,1200,9724,1,No,12,3,1,0,0,2,3,0,0,0,0,0,0.43058359407782354,Medium,0,0,0.0,1920.0,1200.0,2,2,3,0,8,2,0,2
28,No,Travel_Rarely,1476,Research & Development,16,2,Medical,412,2,Male,68,4,2,Healthcare Representative,1,Single,5661,4824,0,No,19,3,3,0,9,2,3,8,3,0,7,0,1.02884675599071,High,0,0,2.6666666666666665,5296.6,566.1,2,1,3,1,0,2,0,0
31,No,Travel_Rarely,218,Sales,7,3,Technical Degree,416,2,Male,100,4,2,Sales Executive,4,Married,6929,12241,4,No,11,3,2,1,10,3,2,8,7,7,7,0,1.2592967977847782,Low,0,0,2.6666666666666665,6257.4,629.9090909090909,2,2,5,1,7,1,0,1
39,No,Travel_Rarely,1132,Research & Development,1,3,Medical,417,3,Male,48,4,3,Healthcare Representative,4,Divorced,9613,10942,0,No,17,3,1,3,19,5,2,18,10,3,7,0,0.9791945559235964,High,0,0,4.5,10467.8,480.65,2,1,3,1,0,0,0,0
36,No,Non-Travel,1105,Research & Development,24,4,Life Sciences,419,2,Female,47,3,2,Laboratory Technician,2,Married,5674,6927,7,No,15,3,3,1,11,3,3,9,8,0,8,0,1.0312094141479047,High,0,0,3.0,5904.4,472.8333333333333,0,1,1,0,2,1,0,0
32,No,Travel_Rarely,906,Sales,7,3,Life Sciences,420,4,Male,91,2,2,Sales Executive,3,Married,5484,16985,1,No,14,3,3,1,13,3,2,13,8,4,8,0,0.9966782564658283,Medium,0,0,4.333333333333333,5690.4,391.7142857142857,2,2,1,1,7,1,0,2
38,No,Travel_Rarely,849,Research & Development,25,2,Life Sciences,421,1,Female,81,2,3,Research Director,2,Married,12061,26707,3,No,17,3,3,1,19,2,3,10,8,0,1,0,1.2285514968266407,High,0,0,2.5,9936.599999999999,603.05,2,1,1,0,5,1,0,0
58,No,Non-Travel,390,Research & Development,1,4,Life Sciences,422,4,Male,32,1,2,Healthcare Representative,3,Divorced,5660,17056,2,Yes,13,3,4,1,12,2,3,5,3,1,2,0,1.0286650130555413,Medium,1,0,1.6666666666666667,5696.0,435.38461538461536,0,1,1,1,0,0,1,2
31,No,Travel_Rarely,691,Research & Development,5,4,Technical Degree,423,3,Male,86,3,1,Research Scientist,4,Married,4821,10077,0,Yes,12,3,3,1,6,4,3,5,2,0,3,0,1.729869589207656,Medium,1,0,2.5,5092.6,688.7142857142857,2,1,5,1,6,1,1,2
31,No,Travel_Rarely,106,Human Resources,2,3,Human Resources,424,1,Male,62,2,2,Human Resources,1,Married,6410,17822,3,No,12,3,4,0,9,1,3,2,2,1,0,0,1.1649722144321588,Medium,0,0,0.6666666666666666,5046.0,641.0,2,0,0,1,1,1,0,2
45,No,Travel_Frequently,1249,Research & Development,7,3,Life Sciences,425,1,Male,97,3,3,Laboratory Technician,1,Divorced,5210,20308,1,No,18,3,1,1,24,2,3,24,9,9,11,0,0.5306983913827044,High,0,0,6.0,5926.0,208.4,1,1,1,1,2,0,0,0
31,No,Travel_Rarely,192,Research & Development,2,4,Life Sciences,426,3,Male,32,3,1,Research Scientist,4,Divorced,2695,7747,0,Yes,18,3,2,1,3,2,1,2,2,2,2,0,0.9670189883664454,High,1,0,1.0,4417.0,673.75,2,1,1,1,6,0,1,0
33,No,Travel_Frequently,553,Research & Development,5,4,Life Sciences,428,4,Female,74,3,3,Manager,2,Married,11878,23364,6,No,11,3,2,2,12,2,3,10,6,8,8,0,1.2099108431561925,Low,0,0,2.5,10226.8,913.6923076923077,1,1,1,0,3,1,0,1
39,No,Travel_Rarely,117,Research & Development,10,1,Medical,429,3,Male,99,3,4,Manager,1,Married,17068,5355,1,Yes,14,3,4,0,21,3,3,21,9,11,10,0,1.1008926001627113,Medium,1,0,4.2,11640.8,775.8181818181819,2,1,3,1,3,1,1,2
43,No,Travel_Frequently,185,Research & Development,10,4,Life Sciences,430,3,Female,33,3,1,Laboratory Technician,4,Single,2455,10675,0,No,19,3,1,0,9,5,3,8,7,1,7,0,0.8809022695508807,High,0,0,4.0,3373.0,245.5,1,1,1,0,2,2,0,0
49,No,Travel_Rarely,1091,Research & Development,1,2,Technical Degree,431,3,Female,90,2,4,Healthcare Representative,3,Single,13964,17810,7,Yes,12,3,4,0,25,2,3,7,1,0,7,0,0.9006833998518925,Medium,1,0,1.4,9578.4,537.0769230769231,2,1,5,0,0,2,1,2
52,Yes,Travel_Rarely,723,Research & Development,8,4,Medical,433,3,Male,85,2,2,Research Scientist,2,Married,4941,17747,2,No,15,3,1,0,11,3,2,8,2,7,7,1,0.8979918426691571,High,0,0,2.6666666666666665,4464.6,411.75,2,1,3,1,6,1,0,0
27,No,Travel_Rarely,1220,Research & Development,5,3,Life Sciences,434,3,Female,85,3,1,Research Scientist,2,Single,2478,20938,1,Yes,12,3,2,0,4,2,2,4,3,1,2,0,0.8891551217707057,Medium,1,0,2.0,2686.8,495.6,2,1,1,0,6,2,1,2
32,No,Travel_Rarely,588,Sales,8,2,Technical Degree,436,3,Female,65,2,2,Sales Executive,2,Married,5228,24624,1,Yes,11,3,4,0,13,2,3,13,12,11,9,0,0.9501520650626094,Low,1,1,4.333333333333333,4236.799999999999,373.42857142857144,2,2,5,0,7,1,1,1
27,No,Travel_Rarely,1377,Sales,2,3,Life Sciences,437,4,Male,74,3,2,Sales Executive,3,Single,4478,5242,1,Yes,11,3,1,0,5,3,3,5,4,0,4,0,0.8138448636859917,Low,1,1,1.6666666666666667,3786.7999999999997,746.3333333333334,2,2,1,1,7,2,1,1
31,No,Travel_Rarely,691,Sales,7,3,Marketing,438,4,Male,73,3,2,Sales Executive,4,Divorced,7547,7143,4,No,12,3,4,3,13,3,3,7,7,1,7,0,1.3716139317191112,Medium,0,0,2.3333333333333335,8728.2,539.0714285714286,2,2,2,1,7,0,0,2
32,No,Travel_Rarely,1018,Research & Development,2,4,Medical,439,1,Female,74,4,2,Research Scientist,4,Single,5055,10557,7,No,16,3,3,0,10,0,2,7,7,0,7,0,0.918710537278403,High,0,0,2.3333333333333335,4633.0,459.54545454545456,2,1,3,0,6,2,0,0
28,Yes,Travel_Rarely,1157,Research & Development,2,4,Medical,440,1,Male,84,1,1,Research Scientist,4,Married,3464,24737,5,Yes,13,3,4,0,5,4,2,3,2,2,2,1,1.242951308237984,Medium,1,0,1.5,3378.4,577.3333333333334,2,1,3,1,6,1,1,2
30,No,Travel_Rarely,1275,Research & Development,28,2,Medical,441,4,Female,64,3,2,Research Scientist,4,Married,5775,11934,1,No,13,3,4,2,11,2,3,10,8,1,9,0,1.0495654505999559,Medium,0,0,3.3333333333333335,6765.0,481.25,2,1,3,0,6,1,0,2
31,No,Travel_Frequently,798,Research & Development,7,2,Life Sciences,442,3,Female,48,2,3,Manufacturing Director,3,Married,8943,14034,1,No,24,4,1,1,10,2,3,10,9,8,9,0,0.9109473539607534,High,0,0,2.5,8765.8,813.0,1,1,1,0,4,1,0,0
39,No,Travel_Frequently,672,Research & Development,7,2,Medical,444,3,Male,54,2,5,Manager,4,Married,19272,21141,1,No,15,3,1,1,21,2,3,21,9,13,3,0,1.0041775031036764,High,0,0,3.5,14063.199999999999,876.0,1,1,3,1,3,1,0,0
39,Yes,Travel_Rarely,1162,Sales,3,2,Medical,445,4,Female,41,3,2,Sales Executive,3,Married,5238,17778,4,Yes,18,3,1,0,12,3,2,1,0,0,0,1,0.9519694944142977,High,1,0,0.3333333333333333,4942.799999999999,402.9230769230769,2,2,3,0,7,1,1,0
33,No,Travel_Frequently,508,Sales,10,3,Marketing,446,2,Male,46,2,2,Sales Executive,4,Single,4682,4317,3,No,14,3,3,0,9,6,2,7,7,0,1,0,0.8509204224604318,Medium,0,0,2.3333333333333335,4209.2,468.2,1,2,2,1,7,2,0,2
47,No,Travel_Rarely,1482,Research & Development,5,5,Life Sciences,447,4,Male,42,3,5,Research Director,3,Married,18300,16375,4,No,11,3,2,1,21,2,3,3,2,1,1,0,0.9535309416146367,Low,0,0,0.5,13080.0,831.8181818181819,2,1,1,1,5,1,0,1
43,No,Travel_Frequently,559,Research & Development,10,4,Life Sciences,448,3,Female,82,2,2,Laboratory Technician,3,Divorced,5257,6227,1,No,11,3,2,1,9,3,4,9,7,0,0,0,0.9554226101825053,Low,0,0,3.0,5254.2,525.7,1,1,1,0,2,0,0,1
27,No,Non-Travel,210,Sales,1,1,Marketing,449,3,Male,73,3,2,Sales Executive,2,Married,6349,22107,0,Yes,13,3,4,1,6,0,3,5,4,1,4,0,1.1538858953868607,Medium,1,0,1.6666666666666667,6109.4,907.0,0,2,2,1,7,1,1,2
54,No,Travel_Frequently,928,Research & Development,20,4,Life Sciences,450,4,Female,31,3,2,Research Scientist,3,Single,4869,16885,3,No,12,3,4,0,20,4,2,4,3,0,3,0,0.8849063513370018,Medium,0,0,1.3333333333333333,4121.4,231.85714285714286,1,1,1,0,6,2,0,2
43,No,Travel_Rarely,1001,Research & Development,7,3,Life Sciences,451,3,Female,43,3,3,Healthcare Representative,1,Married,9985,9262,8,No,16,3,1,1,10,1,2,1,0,0,0,0,1.0170870322372942,High,0,0,0.25,8591.0,907.7272727272727,2,1,1,0,0,1,0,0
45,No,Travel_Rarely,549,Research & Development,8,4,Other,452,4,Male,75,3,2,Research Scientist,4,Married,3697,9278,9,No,14,3,1,2,12,3,3,10,9,9,8,0,0.6719036313191407,Medium,0,0,3.3333333333333335,5618.2,284.38461538461536,2,1,4,1,6,1,0,2
40,No,Travel_Rarely,1124,Sales,1,2,Medical,453,2,Male,57,1,2,Sales Executive,4,Married,7457,13273,2,Yes,22,4,3,3,6,2,2,4,3,0,2,0,1.355257067553917,High,1,0,1.3333333333333333,9674.2,1065.2857142857142,2,2,3,1,7,1,1,0
29,Yes,Travel_Rarely,318,Research & Development,8,4,Other,454,2,Male,77,1,1,Laboratory Technician,1,Married,2119,4759,1,Yes,11,3,4,0,7,4,2,7,7,0,7,1,0.76033886320909,Low,1,1,3.5,2371.3999999999996,264.875,2,1,4,1,2,1,1,1
29,No,Travel_Rarely,738,Research & Development,9,5,Other,455,2,Male,30,2,1,Laboratory Technician,4,Single,3983,7621,0,No,17,3,3,0,4,2,3,3,2,2,2,0,1.4291787126766426,High,0,0,1.5,4089.7999999999997,796.6,2,1,4,1,2,2,0,0
30,No,Travel_Rarely,570,Sales,5,3,Marketing,456,4,Female,30,2,2,Sales Executive,3,Divorced,6118,5431,1,No,13,3,3,3,10,2,3,10,9,1,2,0,1.1119032773628623,Medium,0,0,3.3333333333333335,7970.799999999999,556.1818181818181,2,2,2,0,7,0,0,2
27,No,Travel_Rarely,1130,Sales,8,4,Marketing,458,2,Female,56,3,2,Sales Executive,2,Married,6214,3415,1,No,18,3,1,1,8,3,3,8,7,0,7,0,1.1293505991390695,High,0,0,2.6666666666666665,6528.4,690.4444444444445,2,2,2,0,7,1,0,0
37,No,Travel_Rarely,1192,Research & Development,5,2,Medical,460,4,Male,61,3,2,Manufacturing Director,4,Divorced,6347,23177,7,No,16,3,3,2,8,2,2,6,2,0,4,0,1.153522409516523,High,0,0,2.0,7408.2,705.2222222222222,2,1,3,1,4,0,0,0
38,No,Travel_Rarely,343,Research & Development,15,2,Life Sciences,461,3,Male,92,2,3,Research Director,4,Divorced,11510,15682,0,Yes,14,3,2,1,12,3,3,11,10,2,9,0,1.1724258128243623,Medium,1,0,2.75,9306.0,885.3846153846154,2,1,1,1,5,0,1,2
31,No,Travel_Rarely,1232,Research & Development,7,4,Medical,462,3,Female,39,3,3,Manufacturing Director,4,Single,7143,25713,1,Yes,14,3,3,0,11,2,2,11,9,4,10,0,0.7275966621202797,Medium,1,0,2.75,5685.8,595.25,2,1,3,0,4,2,1,2
29,No,Travel_Rarely,144,Sales,10,1,Marketing,463,4,Female,39,2,2,Sales Executive,2,Divorced,8268,11866,1,Yes,14,3,1,2,7,2,3,7,7,1,7,0,1.502650587975833,Medium,1,0,2.3333333333333335,8360.8,1033.5,2,2,2,0,7,0,1,2
35,No,Travel_Rarely,1296,Research & Development,5,4,Technical Degree,464,3,Male,62,3,3,Manufacturing Director,2,Single,8095,18264,0,No,13,3,4,0,17,5,3,16,6,0,13,0,0.824568805804797,Medium,0,0,4.0,6157.0,449.72222222222223,2,1,5,1,4,2,0,2
23,No,Travel_Rarely,1309,Research & Development,26,1,Life Sciences,465,3,Male,83,3,1,Research Scientist,4,Divorced,2904,16092,1,No,12,3,3,2,4,2,2,4,2,0,2,0,1.042012297668333,Medium,0,0,2.0,4942.4,580.8,2,1,1,1,6,0,0,2
41,No,Travel_Rarely,483,Research & Development,6,3,Medical,466,4,Male,95,2,2,Manufacturing Director,2,Single,6032,10110,6,Yes,15,3,4,0,8,3,3,5,4,1,2,0,1.0962733849383435,High,1,0,1.6666666666666667,5119.2,670.2222222222222,2,1,3,1,4,2,1,0
47,No,Travel_Frequently,1309,Sales,4,1,Medical,467,2,Male,99,3,2,Sales Representative,3,Single,2976,25751,3,No,19,3,1,0,5,3,3,0,0,0,0,0,0.5408669750624189,High,0,0,0.0,3685.6,496.0,1,2,3,1,8,2,0,0
42,No,Travel_Rarely,810,Research & Development,23,5,Life Sciences,468,1,Female,44,3,4,Research Director,4,Single,15992,15901,2,No,14,3,2,0,16,2,3,1,0,0,0,0,1.0314901840755846,Medium,0,0,0.2,10995.199999999999,940.7058823529412,2,1,1,0,5,2,0,2
29,No,Non-Travel,746,Sales,2,3,Life Sciences,469,4,Male,61,3,2,Sales Executive,3,Married,4649,16928,1,No,14,3,1,1,4,3,2,4,3,0,2,0,0.8449229055998606,Medium,0,0,1.3333333333333333,5189.4,929.8,0,2,1,1,7,1,0,2
42,No,Travel_Rarely,544,Human Resources,2,1,Technical Degree,470,3,Male,52,3,1,Human Resources,3,Divorced,2696,24017,0,Yes,11,3,3,1,4,5,3,3,2,1,0,0,0.9673778080281769,Low,1,1,1.5,3717.6,539.2,2,0,5,1,1,0,1,1
32,No,Travel_Rarely,1062,Research & Development,2,3,Medical,471,3,Female,75,3,1,Laboratory Technician,2,Married,2370,3956,1,No,13,3,3,1,8,4,3,8,0,0,7,0,0.8504025983037015,Medium,0,0,4.0,3722.0,263.3333333333333,2,1,3,0,2,1,0,2
48,No,Travel_Rarely,530,Sales,29,1,Medical,473,1,Female,91,3,3,Manager,3,Married,12504,23978,3,No,21,4,2,1,15,3,1,0,0,0,0,0,1.2736761393184906,High,0,0,0.0,10602.4,781.5,2,2,3,0,3,1,0,0
37,No,Travel_Rarely,1319,Research & Development,6,3,Medical,474,3,Male,51,4,2,Research Scientist,1,Divorced,5974,17001,4,Yes,13,3,1,2,13,2,3,7,7,6,7,0,1.0857322946985517,Medium,1,0,2.3333333333333335,6884.4,426.7142857142857,2,1,3,1,6,0,1,2
30,No,Non-Travel,641,Sales,25,2,Technical Degree,475,4,Female,85,3,2,Sales Executive,3,Married,4736,6069,7,Yes,12,3,2,1,4,2,4,2,2,2,2,0,0.8607345409595483,Medium,1,0,0.6666666666666666,5041.6,947.2,0,2,5,0,7,1,1,2
26,No,Travel_Rarely,933,Sales,1,3,Life Sciences,476,3,Male,57,3,2,Sales Executive,3,Married,5296,20156,1,No,17,3,2,1,8,3,3,8,7,7,7,0,0.9625105846540895,High,0,0,2.6666666666666665,5877.6,588.4444444444445,2,2,1,1,7,1,0,0
42,No,Travel_Rarely,1332,Research & Development,2,4,Other,477,1,Male,98,2,2,Healthcare Representative,4,Single,6781,17078,3,No,23,4,2,0,14,6,3,1,0,0,0,0,1.2323988433797923,High,0,0,0.3333333333333333,6368.6,452.06666666666666,2,1,4,1,0,2,0,0
21,Yes,Travel_Frequently,756,Sales,1,1,Technical Degree,478,1,Female,99,2,1,Sales Representative,2,Single,2174,9150,1,Yes,11,3,3,0,3,3,3,3,2,1,2,1,0.7800739446043237,Low,1,1,1.5,2404.3999999999996,543.5,1,2,5,0,8,2,1,1
36,No,Non-Travel,845,Sales,1,5,Medical,479,4,Female,45,3,2,Sales Executive,4,Single,6653,15276,4,No,15,3,2,0,7,6,3,1,0,0,0,0,1.209135747678183,High,0,0,0.3333333333333333,5491.799999999999,831.625,0,2,3,0,7,2,0,0
36,No,Travel_Frequently,541,Sales,3,4,Medical,481,1,Male,48,2,3,Sales Executive,4,Married,9699,7246,4,No,11,3,1,1,16,2,3,13,9,1,12,0,0.9879546445337524,Low,0,0,3.25,7919.4,570.5294117647059,1,2,3,1,7,1,0,1
57,No,Travel_Rarely,593,Research & Development,1,4,Medical,482,4,Male,88,3,2,Healthcare Representative,3,Married,6755,2967,2,No,11,3,3,0,15,2,3,3,2,1,2,0,1.227673527065403,Low,0,0,1.0,5153.0,422.1875,2,1,3,1,0,1,0,1
40,No,Travel_Rarely,1171,Research & Development,10,4,Life Sciences,483,4,Female,46,4,1,Laboratory Technician,3,Married,2213,22495,3,Yes,13,3,3,1,10,3,3,7,7,1,7,0,0.794067911411853,Medium,1,0,3.5,3627.8,201.1818181818182,2,1,1,0,2,1,1,2
21,No,Non-Travel,895,Sales,9,2,Medical,484,1,Male,39,3,1,Sales Representative,4,Single,2610,2851,1,No,24,4,3,0,3,3,2,3,2,2,2,0,0.9365193171192662,High,0,0,1.5,3966.0,652.5,0,2,3,1,8,2,0,0
33,Yes,Travel_Rarely,350,Sales,5,3,Marketing,485,4,Female,34,3,1,Sales Representative,3,Single,2851,9150,1,Yes,13,3,2,0,1,2,3,1,0,0,0,1,1.0229948555965624,Medium,1,0,0.5,3010.6,1425.5,2,2,2,0,8,2,1,2
37,No,Travel_Rarely,921,Research & Development,10,3,Medical,486,3,Female,98,3,1,Laboratory Technician,1,Married,3452,17663,6,No,20,4,2,1,17,3,3,5,4,0,3,0,1.2386454722972058,High,0,0,2.5,5071.2,191.77777777777777,2,1,3,0,2,1,0,0
46,No,Non-Travel,1144,Research & Development,7,4,Medical,487,3,Female,30,3,2,Manufacturing Director,3,Married,5258,16044,2,No,14,3,3,0,7,2,4,1,0,0,0,0,0.9556043531176741,Medium,0,0,0.3333333333333333,4554.799999999999,657.25,0,1,3,0,4,1,0,2
41,Yes,Travel_Frequently,143,Sales,4,3,Marketing,488,1,Male,56,3,2,Sales Executive,2,Single,9355,9558,1,No,18,3,3,0,8,5,3,8,7,7,7,1,1.7002051585043443,High,0,0,2.6666666666666665,7413.0,1039.4444444444443,1,2,2,1,7,2,0,0
50,No,Travel_Rarely,1046,Research & Development,10,3,Technical Degree,491,4,Male,100,2,3,Healthcare Representative,4,Single,10496,2755,6,No,15,3,4,0,20,2,3,4,3,1,3,0,1.0691382564208955,High,0,0,1.0,7797.599999999999,499.8095238095238,2,1,5,1,0,2,0,0
40,Yes,Travel_Rarely,575,Sales,22,2,Marketing,492,3,Male,68,2,2,Sales Executive,3,Married,6380,6110,2,Yes,12,3,1,2,8,6,3,6,4,1,0,1,1.1595199263770941,Medium,1,0,2.0,7028.0,708.8888888888889,2,2,2,1,7,1,1,2
31,No,Travel_Rarely,408,Research & Development,9,4,Life Sciences,493,3,Male,42,2,1,Research Scientist,2,Single,2657,7551,0,Yes,16,3,4,0,3,5,3,2,2,2,2,0,0.9533838412206476,High,1,0,1.0,3194.2,664.25,2,1,1,1,6,2,1,0
21,Yes,Travel_Rarely,156,Sales,12,3,Life Sciences,494,3,Female,90,4,1,Sales Representative,2,Single,2716,25422,1,No,15,3,4,0,1,0,3,1,0,0,0,1,0.9745542012628072,High,0,0,0.5,3129.6,1358.0,2,2,1,0,8,2,0,0
29,No,Travel_Rarely,1283,Research & Development,23,3,Life Sciences,495,4,Male,54,3,1,Research Scientist,4,Single,2201,18168,9,No,16,3,4,0,6,4,3,3,2,1,2,0,0.7897620754710747,High,0,0,1.5,2920.6,314.42857142857144,2,1,1,1,6,2,0,0
35,No,Travel_Rarely,755,Research & Development,9,4,Life Sciences,496,3,Male,97,2,2,Healthcare Representative,2,Single,6540,19394,9,No,19,3,3,0,10,5,3,1,1,0,0,0,1.188598796004106,High,0,0,0.3333333333333333,5824.0,594.5454545454545,2,1,1,1,0,2,0,0
27,No,Travel_Rarely,1469,Research & Development,1,2,Medical,497,4,Male,82,3,1,Laboratory Technician,2,Divorced,3816,17881,1,No,11,3,2,1,5,2,3,5,2,0,4,0,1.3692558291674788,Low,0,0,2.5,4389.6,636.0,2,1,3,1,2,0,0,1
28,No,Travel_Rarely,304,Sales,9,4,Life Sciences,498,2,Male,92,3,2,Sales Executive,4,Single,5253,20750,1,No,16,3,4,0,7,1,3,7,5,0,7,0,0.95469563844183,High,0,0,2.3333333333333335,4751.799999999999,656.625,2,2,1,1,7,2,0,0
49,No,Travel_Rarely,1261,Research & Development,7,3,Other,499,2,Male,31,2,3,Healthcare Representative,3,Single,10965,12066,8,No,24,4,3,0,26,2,3,5,2,0,0,0,1.1169112977948856,High,0,0,1.25,8979.0,406.1111111111111,2,1,4,1,0,2,0,0
51,No,Travel_Rarely,1178,Sales,14,2,Life Sciences,500,3,Female,87,3,2,Sales Executive,4,Married,4936,14862,4,No,11,3,3,1,18,2,2,7,7,0,7,0,0.897083127993313,Low,0,0,2.3333333333333335,5061.6,259.7894736842105,2,2,1,0,7,1,0,1
36,No,Travel_Rarely,329,Research & Development,2,3,Life Sciences,501,4,Female,96,3,1,Research Scientist,3,Married,2543,11868,4,No,13,3,2,1,6,3,3,2,2,2,2,0,0.9124783997832544,Medium,0,0,1.0,3825.8,363.2857142857143,2,1,1,0,6,1,0,2
34,Yes,Non-Travel,1362,Sales,19,3,Marketing,502,1,Male,67,4,2,Sales Executive,4,Single,5304,4652,8,Yes,13,3,2,0,9,3,2,5,2,0,4,1,0.96396452813544,Medium,1,0,1.6666666666666667,4482.4,530.4,0,2,2,1,7,2,1,2
55,No,Travel_Rarely,1311,Research & Development,2,3,Life Sciences,505,3,Female,97,3,4,Manager,4,Single,16659,23258,2,Yes,13,3,3,0,30,2,3,5,4,1,2,0,1.0745119420031994,Medium,1,0,1.0,11295.4,537.3870967741935,2,1,1,0,3,2,1,2
24,No,Travel_Rarely,1371,Sales,10,4,Marketing,507,4,Female,77,3,2,Sales Executive,3,Divorced,4260,5915,1,Yes,12,3,4,1,5,2,4,5,2,0,3,0,0.7742249038191883,Medium,1,0,1.6666666666666667,4756.0,710.0,2,2,2,0,7,0,1,2
30,No,Travel_Rarely,202,Sales,2,1,Technical Degree,508,3,Male,72,3,1,Sales Representative,2,Married,2476,17434,1,No,18,3,1,1,1,3,3,1,0,0,0,0,0.8884374824472425,High,0,0,0.5,4285.6,1238.0,2,2,5,1,8,1,0,0
26,Yes,Travel_Frequently,575,Research & Development,3,1,Technical Degree,510,3,Male,73,3,1,Research Scientist,1,Single,3102,6582,0,No,22,4,3,0,7,2,3,6,4,0,4,1,1.1130585906911739,High,0,0,3.0,4061.2,387.75,1,1,5,1,6,2,0,0
22,No,Travel_Rarely,253,Research & Development,11,3,Medical,511,1,Female,43,3,1,Research Scientist,2,Married,2244,24440,1,No,13,3,4,1,2,1,3,2,1,1,2,0,0.80519132092553,Medium,0,0,1.0,3646.3999999999996,748.0,2,1,3,0,6,1,0,2
36,No,Travel_Rarely,164,Sales,2,2,Medical,513,2,Male,61,2,3,Sales Executive,3,Married,7596,3809,1,No,13,3,2,2,10,2,3,10,9,9,0,0,0.773739919566799,Medium,0,0,2.5,7857.599999999999,690.5454545454545,2,2,3,1,7,1,0,2
30,Yes,Travel_Frequently,464,Research & Development,4,3,Technical Degree,514,3,Male,40,3,1,Research Scientist,4,Single,2285,3427,9,Yes,23,4,3,0,3,4,3,1,0,0,0,1,0.8199029270565223,High,1,0,0.5,3671.0,571.25,1,1,5,1,6,2,1,0
37,No,Travel_Rarely,1107,Research & Development,14,3,Life Sciences,515,4,Female,95,3,1,Laboratory Technician,1,Divorced,3034,26914,1,No,12,3,3,1,18,2,2,18,7,12,17,0,1.0886588536934305,Medium,0,0,9.0,4020.3999999999996,159.68421052631578,2,1,1,0,2,0,0,2
40,No,Travel_Rarely,759,Sales,2,2,Marketing,516,4,Female,46,3,2,Sales Executive,2,Divorced,5715,22553,7,No,12,3,3,2,8,5,3,5,4,1,3,0,1.0386608744898265,Medium,0,0,1.6666666666666667,6629.0,635.0,2,2,2,0,7,0,0,2
42,No,Travel_Rarely,201,Research & Development,1,4,Life Sciences,517,2,Female,95,3,1,Laboratory Technician,1,Divorced,2576,20490,3,No,16,3,2,1,8,5,3,5,2,1,2,0,0.9243194486203945,High,0,0,2.5,4145.6,286.22222222222223,2,1,1,0,2,0,0,0
37,No,Travel_Rarely,1305,Research & Development,10,4,Life Sciences,518,3,Male,49,3,2,Manufacturing Director,2,Single,4197,21123,2,Yes,12,3,4,0,18,2,2,1,0,0,1,0,0.7627750989035523,Medium,1,0,0.3333333333333333,3718.2,220.89473684210526,2,1,1,1,4,2,1,2
43,No,Travel_Rarely,982,Research & Development,12,3,Life Sciences,520,1,Male,59,2,4,Research Director,2,Divorced,14336,4345,1,No,11,3,3,1,25,3,3,25,10,3,9,0,0.9246775437035757,Low,0,0,5.0,10701.6,551.3846153846154,2,1,1,1,5,0,0,1
40,No,Travel_Rarely,555,Research & Development,2,3,Medical,521,2,Female,78,2,2,Laboratory Technician,3,Married,3448,13436,6,No,22,4,2,1,20,3,3,1,0,0,0,0,0.6266496404621036,High,0,0,0.3333333333333333,5268.799999999999,164.1904761904762,2,1,3,0,2,1,0,0
54,No,Travel_Rarely,821,Research & Development,5,2,Medical,522,1,Male,86,3,5,Research Director,1,Married,19406,8509,4,No,11,3,3,1,24,4,2,4,2,1,2,0,1.0111596422389968,Low,0,0,0.6666666666666666,13743.6,776.24,2,1,3,1,5,1,0,1
34,No,Non-Travel,1381,Sales,4,4,Marketing,523,3,Female,72,3,2,Sales Executive,3,Married,6538,12740,9,No,15,3,1,1,6,3,3,3,2,1,2,0,1.1882353101337684,High,0,0,1.0,6422.799999999999,934.0,0,2,2,0,7,1,0,0
31,No,Travel_Rarely,480,Research & Development,7,2,Medical,524,2,Female,31,3,2,Manufacturing Director,1,Married,4306,4156,1,No,12,3,2,1,13,5,1,13,10,3,12,0,0.7825850788369542,Medium,0,0,4.333333333333333,4783.6,307.57142857142856,2,1,3,0,4,1,0,2
43,No,Travel_Frequently,313,Research & Development,21,3,Medical,525,4,Male,61,3,1,Laboratory Technician,4,Married,2258,15238,7,No,20,4,1,1,8,1,3,3,2,1,2,0,0.8102147961897713,High,0,0,1.5,4354.8,250.88888888888889,1,1,3,1,2,1,0,0
43,No,Travel_Rarely,1473,Research & Development,8,4,Other,526,3,Female,74,3,2,Healthcare Representative,3,Divorced,4522,2227,4,Yes,14,3,4,0,8,3,3,5,2,0,2,0,0.82184155283342,Medium,1,0,1.6666666666666667,4113.2,502.44444444444446,2,1,4,0,0,0,1,2
25,No,Travel_Rarely,891,Sales,4,2,Life Sciences,527,2,Female,99,2,2,Sales Executive,4,Single,4487,12090,1,Yes,11,3,2,0,5,3,3,5,4,1,3,0,0.8154805501025112,Low,1,1,1.6666666666666667,3792.2,747.8333333333334,2,2,1,0,7,2,1,1
37,No,Non-Travel,1063,Research & Development,25,5,Medical,529,2,Female,72,3,2,Research Scientist,3,Married,4449,23866,3,Yes,15,3,1,2,15,2,3,13,11,10,7,0,0.808574318566096,High,1,0,4.333333333333333,6169.4,278.0625,0,1,3,0,6,1,1,0
31,No,Travel_Rarely,329,Research & Development,1,2,Life Sciences,530,4,Male,98,2,1,Laboratory Technician,1,Married,2218,16193,1,No,12,3,3,1,4,3,3,4,2,3,2,0,0.7958620097205105,Medium,0,0,2.0,3530.8,443.6,2,1,1,1,2,1,0,2
39,No,Travel_Frequently,1218,Research & Development,1,1,Life Sciences,531,2,Male,52,3,5,Manager,3,Divorced,19197,8213,1,Yes,14,3,3,1,21,3,3,21,8,1,6,0,1.0002695894085345,Medium,1,0,3.5,13918.199999999999,872.5909090909091,1,1,1,1,3,0,1,2
56,No,Travel_Frequently,906,Sales,6,3,Life Sciences,532,3,Female,86,4,4,Sales Executive,1,Married,13212,18256,9,No,11,3,4,3,36,0,2,7,7,7,7,0,0.8521791090549415,Low,0,0,1.4,12027.2,357.0810810810811,1,2,1,0,7,1,0,1
30,No,Travel_Rarely,1082,Sales,12,3,Technical Degree,533,2,Female,83,3,2,Sales Executive,3,Single,6577,19558,0,No,11,3,2,0,6,6,3,5,4,4,4,0,1.1953232846053523,Low,0,0,1.6666666666666667,5046.2,939.5714285714286,2,2,5,0,7,2,0,1
41,No,Travel_Rarely,645,Sales,1,3,Marketing,534,2,Male,49,4,3,Sales Executive,1,Married,8392,19566,1,No,16,3,3,1,10,2,3,10,7,0,7,0,0.8548216699584751,High,0,0,2.5,7635.2,762.9090909090909,2,2,2,1,7,1,0,0
28,No,Travel_Rarely,1300,Research & Development,17,2,Medical,536,3,Male,79,3,2,Laboratory Technician,1,Divorced,4558,13535,1,No,12,3,4,1,10,2,3,10,0,1,8,0,0.8283842984994977,Medium,0,0,3.3333333333333335,4934.799999999999,414.3636363636364,2,1,3,1,2,0,0,2
25,Yes,Travel_Rarely,688,Research & Development,3,3,Medical,538,1,Male,91,3,1,Laboratory Technician,1,Married,4031,9396,5,No,13,3,3,1,6,5,3,2,2,0,2,1,1.4464020564397555,Medium,0,0,1.0,4718.6,575.8571428571429,2,1,3,1,2,1,0,2
52,No,Travel_Rarely,319,Research & Development,3,3,Medical,543,4,Male,39,2,3,Manufacturing Director,3,Married,7969,19609,2,Yes,14,3,3,0,28,4,3,5,4,0,4,0,0.8117342573759637,Medium,1,0,1.25,6181.4,274.7931034482759,2,1,3,1,4,1,1,2
45,No,Travel_Rarely,192,Research & Development,10,2,Life Sciences,544,1,Male,69,3,1,Research Scientist,4,Married,2654,9655,3,No,21,4,4,2,8,3,2,2,2,0,2,0,0.9523073822354531,High,0,0,1.0,5692.4,294.8888888888889,2,1,1,1,6,1,0,0
52,No,Travel_Rarely,1490,Research & Development,4,2,Life Sciences,546,4,Female,30,3,4,Manager,4,Married,16555,10310,2,No,13,3,4,0,31,2,1,5,2,1,4,0,1.0678039017866,Medium,0,0,1.0,11233.0,517.34375,2,1,1,0,3,1,0,2
42,No,Travel_Frequently,532,Research & Development,29,2,Life Sciences,547,1,Female,92,3,2,Research Scientist,3,Divorced,4556,12932,2,No,11,3,2,1,19,3,3,5,4,0,2,0,0.82802081262916,Low,0,0,1.6666666666666667,4833.6,227.8,1,1,1,0,6,0,0,1
30,No,Travel_Rarely,317,Research & Development,2,3,Life Sciences,548,3,Female,43,1,2,Manufacturing Director,4,Single,6091,24793,2,No,20,4,3,0,11,2,3,5,4,0,2,0,1.1069962181133042,High,0,0,1.6666666666666667,5654.6,507.5833333333333,2,1,1,0,4,2,0,0
60,No,Travel_Rarely,422,Research & Development,7,3,Life Sciences,549,1,Female,41,3,5,Manager,1,Married,19566,3854,5,No,11,3,4,0,33,5,1,29,8,11,10,0,1.019496524788633,Low,0,0,4.833333333333333,12839.6,575.4705882352941,2,1,1,0,3,1,0,1
46,No,Travel_Rarely,1485,Research & Development,18,3,Medical,550,3,Female,87,3,2,Manufacturing Director,3,Divorced,4810,26314,2,No,14,3,3,1,19,5,2,10,7,0,8,0,0.8741835181620412,Medium,0,0,3.3333333333333335,5286.0,240.5,2,1,3,0,4,0,0,2
42,No,Travel_Frequently,1368,Research & Development,28,4,Technical Degree,551,4,Female,88,2,2,Healthcare Representative,4,Married,4523,4386,0,No,11,3,4,3,7,4,4,6,5,0,4,0,0.8220232957685889,Low,0,0,2.0,6813.799999999999,565.375,1,1,5,0,0,1,0,1
24,Yes,Travel_Rarely,1448,Sales,1,1,Technical Degree,554,1,Female,62,3,1,Sales Representative,2,Single,3202,21972,1,Yes,16,3,2,0,6,4,3,5,3,1,4,1,1.1489405568643258,High,1,0,2.5,3521.2,457.42857142857144,2,2,5,0,8,2,1,0
34,Yes,Travel_Frequently,296,Sales,6,2,Marketing,555,4,Female,33,1,1,Sales Representative,3,Divorced,2351,12253,0,No,16,3,4,1,3,3,2,2,2,1,0,1,0.8435850247308027,High,0,0,1.0,4010.6,587.75,1,2,2,0,8,0,0,0
38,No,Travel_Frequently,1490,Research & Development,2,2,Life Sciences,556,4,Male,42,3,1,Laboratory Technician,4,Married,1702,12106,1,Yes,23,4,3,1,1,3,3,1,0,0,0,0,0.6107110642670464,High,1,0,0.5,4321.2,851.0,1,1,1,1,2,1,1,0
40,No,Travel_Rarely,1398,Sales,2,4,Life Sciences,558,3,Female,79,3,5,Manager,3,Married,18041,13022,0,No,14,3,4,0,21,2,3,20,15,1,12,0,0.9400356129874132,Medium,0,0,3.3333333333333335,12224.6,820.0454545454545,2,2,1,0,3,1,0,2
26,No,Travel_Rarely,1349,Research & Development,23,3,Life Sciences,560,1,Female,90,3,1,Research Scientist,4,Divorced,2886,3032,1,No,22,4,2,2,3,3,1,3,2,0,2,0,1.0355535437571657,High,0,0,1.5,5931.6,721.5,2,1,1,0,6,0,0,0
30,No,Non-Travel,1400,Research & Development,3,3,Life Sciences,562,3,Male,53,3,1,Laboratory Technician,4,Married,2097,16734,4,No,15,3,3,1,9,3,1,5,3,1,4,0,0.7524448306509967,High,0,0,2.5,3758.2,209.7,0,1,1,1,2,1,0,0
29,No,Travel_Rarely,986,Research & Development,3,4,Medical,564,2,Male,93,2,3,Research Director,3,Married,11935,21526,1,No,18,3,3,0,10,2,3,10,2,0,7,0,1.2157169483978074,High,0,0,2.5,8961.0,1085.0,2,1,3,1,5,1,0,0
29,Yes,Travel_Rarely,408,Research & Development,25,5,Technical Degree,565,3,Female,71,2,1,Research Scientist,2,Married,2546,18300,5,No,16,3,2,0,6,2,4,2,2,1,1,1,0.9135548587684489,High,0,0,1.0,3127.6,363.7142857142857,2,1,5,0,6,1,0,0
19,Yes,Travel_Rarely,489,Human Resources,2,2,Technical Degree,566,1,Male,52,2,1,Human Resources,4,Single,2564,18437,1,No,12,3,3,0,1,3,4,1,0,0,0,1,0.9200136126796163,Medium,0,0,0.5,2738.3999999999996,1282.0,2,0,5,1,1,2,0,2
30,No,Non-Travel,1398,Sales,22,4,Other,567,3,Female,69,3,3,Sales Executive,1,Married,8412,2890,0,No,11,3,3,0,10,3,3,9,8,7,8,0,0.8568588998678137,Low,0,0,2.25,6147.2,764.7272727272727,0,2,4,0,7,1,0,1
57,No,Travel_Rarely,210,Sales,29,3,Marketing,568,1,Male,56,2,4,Manager,4,Divorced,14118,22102,3,No,12,3,3,1,32,3,2,1,0,0,0,0,0.9106164594033958,Medium,0,0,0.2,10670.8,427.8181818181818,2,2,2,1,3,0,0,2
50,No,Travel_Rarely,1099,Research & Development,29,4,Life Sciences,569,2,Male,88,2,4,Manager,3,Married,17046,9314,0,No,15,3,2,1,28,2,3,27,10,15,7,0,1.0994735916553537,High,0,0,5.4,12727.6,587.7931034482758,2,1,1,1,3,1,0,0
30,No,Non-Travel,1116,Research & Development,2,3,Medical,571,3,Female,49,3,1,Laboratory Technician,4,Single,2564,7181,0,No,14,3,3,0,12,2,2,11,7,6,7,0,0.9200136126796163,Medium,0,0,5.5,2938.3999999999996,197.23076923076923,0,1,3,0,2,2,0,2
60,No,Travel_Frequently,1499,Sales,28,3,Marketing,573,3,Female,80,2,3,Sales Executive,1,Married,10266,2845,4,No,19,3,4,0,22,5,4,18,13,13,11,0,1.0457101124635015,High,0,0,4.5,8059.599999999999,446.3478260869565,1,2,2,0,7,1,0,0
47,No,Travel_Rarely,983,Research & Development,2,2,Medical,574,1,Female,65,3,2,Manufacturing Director,4,Divorced,5070,7389,5,No,13,3,3,3,20,2,3,5,0,0,4,0,0.9214366813059354,Medium,0,0,1.6666666666666667,7342.0,241.42857142857142,2,1,3,0,4,0,0,2
46,No,Travel_Rarely,1009,Research & Development,2,3,Life Sciences,575,1,Male,51,3,4,Research Director,3,Married,17861,2288,6,No,13,3,3,0,26,2,1,3,2,0,1,0,1.1520414068142832,Medium,0,0,0.6,12016.6,661.5185185185185,2,1,1,1,5,1,0,2
35,No,Travel_Rarely,144,Research & Development,22,3,Life Sciences,577,4,Male,46,1,1,Laboratory Technician,3,Single,4230,19225,0,No,15,3,3,0,6,2,3,5,4,4,3,0,1.517807169124328,High,0,0,2.5,4038.0,604.2857142857143,2,1,1,1,2,2,0,0
54,No,Travel_Rarely,548,Research & Development,8,4,Life Sciences,578,3,Female,42,3,2,Laboratory Technician,3,Single,3780,23428,7,No,11,3,3,0,19,3,3,1,0,0,0,0,0.6869882949381529,Low,0,0,0.3333333333333333,3368.0,189.0,2,1,1,0,2,2,0,1
34,No,Travel_Rarely,1303,Research & Development,2,4,Life Sciences,579,4,Male,62,2,1,Research Scientist,3,Divorced,2768,8416,3,No,12,3,3,1,14,3,3,7,3,5,7,0,0.9932128236728462,Medium,0,0,3.5,3860.8,184.53333333333333,2,1,1,1,6,0,0,2
46,No,Travel_Rarely,1125,Sales,10,3,Marketing,580,3,Female,94,2,3,Sales Executive,4,Married,9071,11563,2,Yes,19,3,3,1,15,3,3,3,2,1,2,0,0.9239856253805204,High,1,0,0.75,8342.599999999999,566.9375,2,2,2,0,7,1,1,0
31,No,Travel_Rarely,1274,Research & Development,9,1,Life Sciences,581,3,Male,33,3,3,Manufacturing Director,2,Divorced,10648,14394,1,No,25,4,4,1,13,6,4,13,8,0,8,0,1.0846212037318688,High,0,0,3.25,9888.8,760.5714285714286,2,1,1,1,4,0,0,0
33,Yes,Travel_Rarely,1277,Research & Development,15,1,Medical,582,2,Male,56,3,3,Manager,3,Married,13610,24619,7,Yes,12,3,4,0,15,2,4,7,6,7,7,1,1.386334953304915,Medium,1,0,1.75,9366.0,850.625,2,1,3,1,3,1,1,2
33,Yes,Travel_Rarely,587,Research & Development,10,1,Medical,584,1,Male,38,1,1,Laboratory Technician,4,Divorced,3408,6705,7,No,13,3,1,3,8,2,3,4,3,1,3,1,1.2228574071810188,Medium,0,0,2.0,6344.8,378.6666666666667,2,1,3,1,2,0,0,2
30,No,Travel_Rarely,413,Sales,7,1,Marketing,585,4,Male,57,3,1,Sales Representative,2,Single,2983,18398,0,No,14,3,1,0,4,3,3,3,2,1,2,0,1.070359050945123,Medium,0,0,1.5,3189.8,596.6,2,2,2,1,8,2,0,2
35,No,Travel_Rarely,1276,Research & Development,16,3,Life Sciences,586,4,Male,72,3,3,Healthcare Representative,3,Married,7632,14295,4,Yes,12,3,3,0,10,2,3,8,7,0,0,0,0.7774069334036084,Medium,1,0,2.0,5779.2,693.8181818181819,2,1,1,1,0,1,1,2
31,Yes,Travel_Frequently,534,Research & Development,20,3,Life Sciences,587,1,Male,66,3,3,Healthcare Representative,3,Married,9824,22908,3,No,12,3,1,0,12,2,3,1,0,0,0,1,1.0006873314671185,Medium,0,0,0.25,7094.4,755.6923076923077,1,1,1,1,0,1,0,2
34,Yes,Travel_Frequently,988,Human Resources,23,3,Human Resources,590,2,Female,43,3,3,Human Resources,1,Divorced,9950,11533,9,Yes,15,3,3,3,11,2,3,3,2,0,2,1,1.0135218798959518,High,1,0,0.75,10470.0,829.1666666666666,1,0,0,0,1,0,1,0
42,No,Travel_Frequently,1474,Research & Development,5,2,Other,591,2,Male,97,3,1,Laboratory Technician,3,Married,2093,9260,4,No,17,3,4,1,8,4,3,2,2,2,0,0,0.7510095520040706,High,0,0,1.0,3955.8,232.55555555555554,1,1,4,1,2,1,0,0
36,No,Non-Travel,635,Sales,10,4,Medical,592,2,Male,32,3,3,Sales Executive,4,Single,9980,15318,1,No,14,3,4,0,10,3,2,10,3,9,7,0,1.0165777247599597,Medium,0,0,2.5,7388.0,907.2727272727273,0,2,3,1,7,2,0,2
22,Yes,Travel_Frequently,1368,Research & Development,4,1,Technical Degree,593,3,Male,99,2,1,Laboratory Technician,3,Single,3894,9129,5,No,16,3,3,0,4,3,3,2,2,1,2,1,1.3972437627825374,High,0,0,1.0,3936.4,778.8,1,1,5,1,2,2,0,0
48,No,Travel_Rarely,163,Sales,2,5,Marketing,595,2,Female,37,3,2,Sales Executive,4,Married,4051,19658,2,No,14,3,1,1,14,2,3,9,7,6,7,0,0.7362406303689042,Medium,0,0,3.0,4830.6,270.06666666666666,2,2,2,0,7,1,0,2
55,No,Travel_Rarely,1117,Sales,18,5,Life Sciences,597,1,Female,83,3,4,Manager,2,Single,16835,9873,3,No,23,4,4,0,37,2,3,10,9,7,7,0,1.0858640100620602,High,0,0,2.0,12401.0,443.0263157894737,2,2,1,0,3,2,0,0
41,No,Non-Travel,267,Sales,10,2,Life Sciences,599,4,Male,56,3,2,Sales Executive,4,Single,6230,13430,7,No,14,3,4,0,16,3,3,14,3,1,10,0,1.1322584861017706,Medium,0,0,4.666666666666667,5138.0,366.47058823529414,0,2,1,1,7,2,0,2
35,No,Travel_Rarely,619,Sales,1,3,Marketing,600,2,Male,85,3,2,Sales Executive,3,Married,4717,18659,9,No,11,3,3,0,15,2,3,11,9,6,9,0,0.8572814251913407,Low,0,0,3.6666666666666665,3930.2,294.8125,2,2,2,1,7,1,0,1
40,No,Travel_Rarely,302,Research & Development,6,3,Life Sciences,601,2,Female,75,3,4,Manufacturing Director,3,Single,13237,20364,7,No,15,3,3,0,22,3,3,20,6,5,13,0,0.8537916187223933,High,0,0,4.0,9442.2,575.5217391304348,2,1,1,0,4,2,0,0
39,No,Travel_Frequently,443,Research & Development,8,1,Life Sciences,602,3,Female,48,3,1,Laboratory Technician,3,Married,3755,17872,1,No,11,3,1,1,8,3,3,8,3,0,7,0,1.347367829801856,Low,0,0,4.0,4353.0,417.22222222222223,1,1,1,0,2,1,0,1
31,No,Travel_Rarely,828,Sales,2,1,Life Sciences,604,2,Male,77,3,2,Sales Executive,4,Single,6582,8346,4,Yes,13,3,3,0,10,2,4,6,5,0,5,0,1.1962319992811965,Medium,1,0,2.0,5249.2,598.3636363636364,2,2,1,1,7,2,1,2
42,No,Travel_Rarely,319,Research & Development,24,3,Medical,605,4,Male,56,3,3,Manufacturing Director,1,Married,7406,6950,1,Yes,21,4,4,1,10,5,2,10,9,5,8,0,0.7543862354280823,High,1,0,2.5,7543.599999999999,673.2727272727273,2,1,3,1,4,1,1,0
45,No,Travel_Rarely,561,Sales,2,3,Other,606,4,Male,61,3,2,Sales Executive,2,Married,4805,16177,0,No,19,3,2,1,9,3,4,8,7,3,7,0,0.8732748034861971,High,0,0,2.6666666666666665,5783.0,480.5,2,2,4,1,7,1,0,0
26,Yes,Travel_Frequently,426,Human Resources,17,4,Life Sciences,608,2,Female,58,3,1,Human Resources,3,Divorced,2741,22808,0,Yes,11,3,2,1,8,2,2,7,7,1,0,1,0.9835246928060952,Low,1,1,3.5,3744.6,304.55555555555554,1,0,1,0,1,0,1,1
29,No,Travel_Rarely,232,Research & Development,19,3,Technical Degree,611,4,Male,34,3,2,Manufacturing Director,4,Divorced,4262,22645,4,No,12,3,2,2,8,2,4,3,2,1,2,0,0.7745883896895259,Medium,0,0,1.0,5757.2,473.55555555555554,2,1,5,1,4,0,0,2
33,No,Travel_Rarely,922,Research & Development,1,5,Medical,612,1,Female,95,4,4,Research Director,3,Divorced,16184,22578,4,No,19,3,3,1,10,2,3,6,1,0,5,0,1.0438742583216147,High,0,0,1.2,12610.4,1471.2727272727273,2,1,3,0,5,0,0,0
31,No,Travel_Rarely,688,Sales,7,3,Life Sciences,613,3,Male,44,2,3,Manager,4,Divorced,11557,25291,9,No,21,4,3,1,10,3,2,5,4,0,1,0,1.177213303111308,High,0,0,1.25,10034.2,1050.6363636363637,2,2,1,1,3,0,0,0
18,Yes,Travel_Frequently,1306,Sales,5,3,Marketing,614,2,Male,69,3,1,Sales Representative,2,Single,1878,8059,1,Yes,14,3,4,0,0,3,3,0,0,0,0,1,0.6738633247317939,Medium,1,0,0.0,2526.8,1878.0,1,2,2,1,8,2,1,2
40,No,Non-Travel,1094,Sales,28,3,Other,615,3,Male,58,1,3,Sales Executive,1,Divorced,10932,11373,3,No,15,3,3,1,20,2,3,1,0,0,1,0,1.113549868444477,High,0,0,0.25,9059.2,520.5714285714286,0,2,4,1,7,0,0,0
41,No,Non-Travel,509,Research & Development,2,4,Other,616,1,Female,62,2,2,Healthcare Representative,3,Single,6811,2112,2,Yes,17,3,1,0,10,3,3,8,7,0,7,0,1.237851131434857,High,1,0,2.6666666666666665,5786.6,619.1818181818181,0,1,4,0,0,2,1,0
26,No,Travel_Rarely,775,Sales,29,2,Medical,618,1,Male,45,3,2,Sales Executive,3,Divorced,4306,4267,5,No,12,3,1,2,8,5,3,0,0,0,0,0,0.7825850788369542,Medium,0,0,0.0,5783.6,478.44444444444446,2,2,3,1,7,0,0,2
35,No,Travel_Rarely,195,Sales,1,3,Medical,620,1,Female,80,3,2,Sales Executive,3,Single,4859,6698,1,No,16,3,4,0,5,3,3,5,4,0,3,0,0.8830889219853135,High,0,0,1.6666666666666667,4515.4,809.8333333333334,2,2,3,0,7,2,0,0
34,No,Travel_Rarely,258,Sales,21,4,Life Sciences,621,4,Male,74,4,2,Sales Executive,4,Single,5337,19921,1,No,12,3,4,0,10,3,3,10,7,5,7,0,0.9699620449960112,Medium,0,0,3.3333333333333335,4402.2,485.1818181818182,2,2,1,1,7,2,0,2
26,Yes,Travel_Rarely,471,Research & Development,24,3,Technical Degree,622,3,Male,66,1,1,Laboratory Technician,4,Single,2340,23213,1,Yes,18,3,2,0,1,3,1,1,0,0,0,1,0.8396380084517558,High,1,0,0.5,3204.0,1170.0,2,1,5,1,2,2,1,0
37,No,Travel_Rarely,799,Research & Development,1,3,Technical Degree,623,2,Female,59,3,3,Manufacturing Director,4,Single,7491,23848,4,No,17,3,4,0,12,3,4,6,5,1,2,0,0.7630444625427714,High,0,0,1.5,6194.599999999999,576.2307692307693,2,1,5,0,4,2,0,0
46,No,Travel_Frequently,1034,Research & Development,18,1,Medical,624,1,Female,86,3,3,Healthcare Representative,3,Married,10527,8984,5,No,11,3,4,0,28,3,2,2,2,1,2,0,1.0722959627803703,Low,0,0,0.5,7416.2,363.0,1,1,3,0,0,1,0,1
41,No,Travel_Rarely,1276,Sales,2,5,Life Sciences,625,2,Female,91,3,4,Manager,1,Married,16595,5626,7,No,16,3,2,1,22,2,3,18,16,11,8,0,1.0703839172545226,High,0,0,3.6,12557.0,721.5217391304348,2,2,1,0,3,1,0,0
37,No,Non-Travel,142,Sales,9,4,Medical,626,1,Male,69,3,3,Sales Executive,2,Divorced,8834,24666,1,No,13,3,4,1,9,6,3,9,5,7,7,0,0.8998444509548581,Medium,0,0,2.25,7600.4,883.4,0,2,3,1,7,0,0,2
52,No,Travel_Rarely,956,Research & Development,6,2,Technical Degree,630,4,Male,78,3,2,Research Scientist,1,Divorced,5577,22087,3,Yes,12,3,2,2,18,3,3,10,9,6,9,0,1.0135803494365287,Medium,1,0,3.3333333333333335,6546.2,293.5263157894737,2,1,5,1,6,0,1,2
32,Yes,Non-Travel,1474,Sales,11,4,Other,631,4,Male,60,4,2,Sales Executive,3,Married,4707,23914,8,No,12,3,4,0,6,2,3,4,2,1,2,1,0.8554639958396524,Medium,0,0,1.3333333333333333,4024.2,672.4285714285714,0,2,4,1,7,1,0,2
24,No,Travel_Frequently,535,Sales,24,3,Medical,632,4,Male,38,3,1,Sales Representative,4,Married,2400,5530,0,No,13,3,3,2,3,3,3,2,2,2,1,0,0.8611671881556471,Medium,0,0,1.0,4740.0,600.0,1,2,3,1,8,1,0,2
38,No,Travel_Rarely,1495,Research & Development,10,3,Medical,634,3,Female,76,3,2,Healthcare Representative,3,Married,9824,22174,3,No,19,3,3,1,18,4,3,1,0,0,0,0,1.7854425950985224,High,0,0,0.3333333333333333,8794.4,517.0526315789474,2,1,3,0,0,1,0,0
37,No,Travel_Rarely,446,Research & Development,1,4,Life Sciences,635,2,Female,65,3,2,Manufacturing Director,2,Married,6447,15701,6,No,12,3,2,1,8,2,2,6,5,4,3,0,1.1716967030334053,Medium,0,0,2.0,6068.2,716.3333333333334,2,1,1,0,4,1,0,2
49,No,Travel_Rarely,1245,Research & Development,18,4,Life Sciences,638,4,Male,58,2,5,Research Director,3,Divorced,19502,2125,1,Yes,17,3,3,1,31,5,3,31,9,0,9,0,1.0161617717687785,High,1,0,5.166666666666667,14401.199999999999,609.4375,2,1,1,1,5,0,1,0
24,No,Travel_Rarely,691,Research & Development,23,3,Medical,639,2,Male,89,4,1,Research Scientist,4,Married,2725,21630,1,Yes,11,3,2,2,6,3,3,6,5,1,4,0,0.9777835782183909,Low,1,1,3.0,4735.0,389.2857142857143,2,1,3,1,6,1,1,1
26,No,Travel_Rarely,703,Sales,28,2,Marketing,641,1,Male,66,3,2,Sales Executive,2,Married,6272,7428,1,No,20,4,4,2,6,5,4,5,3,1,4,0,1.1398916893788613,High,0,0,1.6666666666666667,7763.2,896.0,2,2,2,1,7,1,0,0
24,No,Travel_Rarely,823,Research & Development,17,2,Other,643,4,Male,94,2,1,Laboratory Technician,2,Married,2127,9100,1,No,21,4,4,1,1,2,3,1,0,0,0,0,0.7632094205029423,High,0,0,0.5,4376.2,1063.5,2,1,4,1,2,1,0,0
50,No,Travel_Frequently,1246,Human Resources,3,3,Medical,644,1,Male,99,3,5,Manager,2,Married,18200,7999,1,No,11,3,3,1,32,2,3,32,5,10,7,0,0.9483203900211141,Low,0,0,5.333333333333333,13020.0,551.5151515151515,1,0,3,1,3,1,0,1
25,No,Travel_Rarely,622,Sales,13,1,Medical,645,2,Male,40,3,1,Sales Representative,3,Married,2096,26376,1,No,11,3,3,0,7,1,3,7,4,0,6,0,0.7520860109892651,Low,0,0,3.5,2357.6,262.0,2,2,3,1,8,1,0,1
24,Yes,Travel_Frequently,1287,Research & Development,7,3,Life Sciences,647,1,Female,55,3,1,Laboratory Technician,3,Married,2886,14168,1,Yes,16,3,4,1,6,4,3,6,3,1,2,1,1.0355535437571657,High,1,0,3.0,4331.6,412.2857142857143,1,1,1,0,2,1,1,0
30,Yes,Travel_Frequently,448,Sales,12,4,Life Sciences,648,2,Male,74,2,1,Sales Representative,1,Married,2033,14470,1,No,18,3,3,1,1,2,4,1,0,0,0,1,0.7294803723001794,High,0,0,0.5,4019.8,1016.5,1,2,1,1,8,1,0,0
34,No,Travel_Rarely,254,Research & Development,1,2,Life Sciences,649,2,Male,83,2,1,Research Scientist,4,Married,3622,22794,1,Yes,13,3,4,1,6,3,3,6,5,1,3,0,1.299644814791564,Medium,1,0,3.0,4473.2,517.4285714285714,2,1,1,1,6,1,1,2
31,Yes,Travel_Rarely,1365,Sales,13,4,Medical,650,2,Male,46,3,2,Sales Executive,1,Divorced,4233,11512,2,No,17,3,3,0,9,2,1,3,1,1,2,1,0.76931784456963,High,0,0,1.0,4239.799999999999,423.3,2,2,3,1,7,0,0,0
35,No,Travel_Rarely,538,Research & Development,25,2,Other,652,1,Male,54,2,2,Laboratory Technician,4,Single,3681,14004,4,No,14,3,4,0,9,3,3,3,2,0,2,0,0.6689957443564394,Medium,0,0,1.0,3608.6,368.1,2,1,4,1,2,2,0,2
31,No,Travel_Rarely,525,Sales,6,4,Medical,653,1,Male,66,4,2,Sales Executive,4,Divorced,5460,6219,4,No,22,4,4,2,13,4,4,7,7,5,7,0,0.9923164260217765,High,0,0,2.3333333333333335,7476.0,390.0,2,2,3,1,7,0,0,0
27,No,Travel_Rarely,798,Research & Development,6,4,Medical,655,1,Female,66,2,1,Research Scientist,3,Divorced,2187,5013,0,No,12,3,3,2,6,5,2,5,3,0,3,0,0.7847386002068334,Medium,0,0,2.5,4512.2,312.42857142857144,2,1,3,0,6,0,0,2
37,No,Travel_Rarely,558,Sales,2,3,Marketing,656,4,Male,75,3,2,Sales Executive,3,Married,9602,3010,4,Yes,11,3,3,1,17,3,2,3,0,1,0,0,1.7450956634910435,Low,1,1,1.0,7861.2,533.4444444444445,2,2,2,1,7,1,1,1
20,No,Travel_Rarely,959,Research & Development,1,3,Life Sciences,657,4,Female,83,2,1,Research Scientist,2,Single,2836,11757,1,No,13,3,4,0,1,0,4,1,0,0,0,0,1.0176125606705897,Medium,0,0,0.5,3001.6,1418.0,2,1,1,0,6,2,0,2
42,No,Travel_Rarely,622,Research & Development,2,4,Life Sciences,659,3,Female,81,3,2,Healthcare Representative,4,Married,4089,5718,1,No,13,3,2,2,10,4,3,10,2,2,2,0,0.7431468619053194,Medium,0,0,3.3333333333333335,5753.4,371.72727272727275,2,1,1,0,0,1,0,2
43,No,Travel_Rarely,782,Research & Development,6,4,Other,661,2,Male,50,2,4,Research Director,4,Divorced,16627,2671,4,Yes,14,3,3,1,21,3,2,1,0,0,0,0,1.0724479296288612,Medium,1,0,0.2,12376.199999999999,755.7727272727273,2,1,4,1,5,0,1,2
38,No,Travel_Rarely,362,Research & Development,1,1,Life Sciences,662,3,Female,43,3,1,Research Scientist,1,Single,2619,14561,3,No,17,3,4,0,8,3,2,0,0,0,0,0,0.9397486940748498,High,0,0,0.0,3271.3999999999996,291.0,2,1,1,0,6,2,0,0
43,No,Travel_Frequently,1001,Research & Development,9,5,Medical,663,4,Male,72,3,2,Laboratory Technician,3,Divorced,5679,19627,3,Yes,13,3,2,1,10,3,3,8,7,4,7,0,1.0321181288237489,Medium,1,0,2.6666666666666665,5707.4,516.2727272727273,1,1,3,1,2,0,1,2
48,No,Travel_Rarely,1236,Research & Development,1,4,Life Sciences,664,4,Female,40,2,4,Manager,1,Married,15402,17997,7,No,11,3,1,1,21,3,1,3,2,0,2,0,0.9934349559237216,Low,0,0,0.6,11341.199999999999,700.0909090909091,2,1,1,0,3,1,0,1
44,No,Travel_Rarely,1112,Human Resources,1,4,Life Sciences,665,1,Female,50,2,2,Human Resources,3,Single,5985,26894,4,No,11,3,2,0,10,1,4,2,2,0,2,0,1.0877314669854088,Low,0,0,0.6666666666666666,4691.0,544.0909090909091,2,0,1,0,1,2,0,1
34,No,Travel_Rarely,204,Sales,14,3,Technical Degree,666,3,Female,31,3,1,Sales Representative,3,Divorced,2579,2912,1,Yes,18,3,4,2,8,3,3,8,2,0,6,0,0.9253959076055891,High,1,0,4.0,5347.4,286.55555555555554,2,2,5,0,8,0,1,0
27,Yes,Travel_Rarely,1420,Sales,2,1,Marketing,667,3,Male,85,3,1,Sales Representative,1,Divorced,3041,16346,0,No,11,3,2,1,5,3,3,4,3,0,2,1,1.0911705913255512,Low,0,0,2.0,3924.6,506.8333333333333,2,2,2,1,8,0,0,1
21,No,Travel_Rarely,1343,Sales,22,1,Technical Degree,669,3,Male,49,3,1,Sales Representative,3,Single,3447,24444,1,No,11,3,3,0,3,2,3,3,2,1,2,0,1.236851373988548,Low,0,0,1.5,3168.2,861.75,2,2,5,1,8,2,0,1
44,No,Travel_Rarely,1315,Research & Development,3,4,Other,671,4,Male,35,3,5,Manager,4,Married,19513,9358,4,Yes,12,3,1,1,26,2,4,2,2,0,1,0,1.016734932444066,Medium,1,0,0.3333333333333333,13907.8,722.7037037037037,2,1,4,1,3,1,1,2
22,No,Travel_Rarely,604,Research & Development,6,1,Medical,675,1,Male,69,3,1,Research Scientist,3,Married,2773,12145,0,No,20,4,4,0,3,3,3,2,2,2,2,0,0.9950069219815039,High,0,0,1.0,3663.8,693.25,2,1,3,1,6,1,0,0
33,No,Travel_Rarely,1216,Sales,8,4,Marketing,677,3,Male,39,3,2,Sales Executive,3,Divorced,7104,20431,0,No,12,3,4,0,6,3,3,5,0,1,2,0,1.2911018114393225,Medium,0,0,1.6666666666666667,5462.4,1014.8571428571429,2,2,2,1,7,0,0,2
32,No,Travel_Rarely,646,Research & Development,9,4,Life Sciences,679,1,Female,92,3,2,Research Scientist,4,Married,6322,18089,1,Yes,12,3,4,1,6,2,2,6,4,0,5,0,1.1489788361373023,Medium,1,0,2.0,5993.2,903.1428571428571,2,1,1,0,6,1,1,2
30,No,Travel_Frequently,160,Research & Development,3,3,Medical,680,3,Female,71,3,1,Research Scientist,3,Divorced,2083,22653,1,No,20,4,3,1,1,2,3,1,0,0,0,0,0.7474213553867554,High,0,0,0.5,4249.8,1041.5,1,1,3,0,6,0,0,0
53,No,Travel_Rarely,238,Sales,1,1,Medical,682,4,Female,34,3,2,Sales Executive,1,Single,8381,7507,7,No,20,4,4,0,18,2,4,14,7,8,10,0,1.52318753964991,High,0,0,4.666666666666667,7028.599999999999,441.10526315789474,2,2,3,0,7,2,0,0
34,No,Travel_Rarely,1397,Research & Development,1,5,Life Sciences,683,2,Male,42,3,1,Research Scientist,4,Married,2691,7660,1,No,12,3,4,1,10,4,2,10,9,8,8,0,0.9655837097195192,Medium,0,0,5.0,3814.6,244.63636363636363,2,1,1,1,6,1,0,2
45,Yes,Travel_Frequently,306,Sales,26,4,Life Sciences,684,1,Female,100,3,2,Sales Executive,1,Married,4286,5630,2,No,14,3,4,2,5,4,3,1,1,0,0,1,0.7789502201335776,Medium,0,0,0.3333333333333333,5971.6,714.3333333333334,1,2,1,0,7,1,0,2
26,No,Travel_Rarely,991,Research & Development,6,3,Life Sciences,686,3,Female,71,3,1,Laboratory Technician,4,Married,2659,17759,1,Yes,13,3,3,1,3,2,3,3,2,0,2,0,0.9541014805441107,Medium,1,0,1.5,3895.3999999999996,664.75,2,1,1,0,2,1,1,2
37,No,Travel_Rarely,482,Research & Development,3,3,Other,689,3,Male,36,3,3,Manufacturing Director,3,Married,9434,9606,1,No,15,3,3,1,10,2,3,10,7,7,8,0,0.960961348235016,High,0,0,2.5,8160.4,857.6363636363636,2,1,4,1,4,1,0,0
29,No,Travel_Rarely,1176,Sales,3,2,Medical,690,2,Female,62,3,2,Sales Executive,3,Married,5561,3487,1,No,14,3,1,1,6,5,2,6,0,1,2,0,1.0106724624738277,Medium,0,0,2.0,5736.6,794.4285714285714,2,2,3,0,7,1,0,2
35,No,Travel_Rarely,1017,Research & Development,6,4,Life Sciences,691,2,Male,82,1,2,Research Scientist,4,Single,6646,19368,1,No,13,3,2,0,17,3,3,17,11,11,8,0,1.2078635471320012,Medium,0,0,5.666666666666667,5287.6,369.22222222222223,2,1,1,1,6,2,0,2
33,No,Travel_Frequently,1296,Research & Development,6,3,Life Sciences,692,3,Male,30,3,2,Healthcare Representative,4,Divorced,7725,5335,3,No,23,4,3,1,15,2,1,13,11,4,7,0,1.4039641741791618,High,0,0,4.333333333333333,7935.0,482.8125,1,1,1,1,0,0,0,0
54,No,Travel_Rarely,397,Human Resources,19,4,Medical,698,3,Male,88,3,3,Human Resources,2,Married,10725,6729,2,No,15,3,3,1,16,1,4,9,7,7,1,0,1.0924645388828225,High,0,0,2.25,8935.0,630.8823529411765,2,0,3,1,1,1,0,0
36,No,Travel_Rarely,913,Research & Development,9,2,Medical,699,2,Male,48,2,2,Manufacturing Director,2,Divorced,8847,13934,2,Yes,11,3,3,1,13,2,3,3,2,0,2,0,1.6078797474385818,Low,1,1,1.0,7408.2,631.9285714285714,2,1,3,1,4,0,1,1
27,No,Travel_Rarely,1115,Research & Development,3,4,Medical,700,1,Male,54,2,1,Research Scientist,4,Single,2045,15174,0,No,13,3,4,0,5,0,3,4,2,1,1,0,0.7337862082409576,Medium,0,0,2.0,2527.0,340.8333333333333,2,1,3,1,6,2,0,2
20,Yes,Travel_Rarely,1362,Research & Development,10,1,Medical,701,4,Male,32,3,1,Research Scientist,3,Single,1009,26999,1,Yes,11,3,4,0,1,5,3,1,0,1,1,1,0.3620490386871033,Low,1,1,0.5,1705.4,504.5,2,1,3,1,6,2,1,1
33,Yes,Travel_Frequently,1076,Research & Development,3,3,Life Sciences,702,1,Male,70,3,1,Research Scientist,1,Single,3348,3164,1,Yes,11,3,1,0,10,3,3,10,8,9,7,1,1.2013282274771278,Low,1,1,5.0,3108.8,304.3636363636364,1,1,1,1,6,2,1,1
35,No,Non-Travel,727,Research & Development,3,3,Life Sciences,704,3,Male,41,2,1,Laboratory Technician,3,Married,1281,16900,1,No,18,3,3,2,1,3,3,1,0,0,0,0,0.4596479866780766,High,0,0,0.5,4568.6,640.5,0,1,1,1,2,1,0,0
23,No,Travel_Rarely,885,Research & Development,4,3,Medical,705,1,Male,58,4,1,Research Scientist,1,Married,2819,8544,2,No,16,3,1,1,5,3,4,3,2,0,2,0,1.0115126264211538,High,0,0,1.5,4291.4,469.8333333333333,2,1,3,1,6,1,0,0
25,No,Travel_Rarely,810,Sales,8,3,Life Sciences,707,4,Male,57,4,2,Sales Executive,2,Married,4851,15678,0,No,22,4,3,1,4,4,3,3,2,1,2,0,0.881634978503963,High,0,0,1.0,6110.6,970.2,2,2,1,1,7,1,0,0
38,No,Travel_Rarely,243,Sales,7,4,Marketing,709,4,Female,46,2,2,Sales Executive,4,Single,4028,7791,0,No,20,4,1,0,8,2,3,7,7,0,5,0,0.7320605428600212,High,0,0,2.3333333333333335,4416.799999999999,447.55555555555554,2,2,2,0,7,2,0,0
29,No,Travel_Frequently,806,Research & Development,1,4,Life Sciences,710,2,Male,76,1,1,Research Scientist,4,Divorced,2720,18959,1,No,18,3,4,1,10,5,3,10,7,2,8,0,0.9759894799097334,High,0,0,5.0,4432.0,247.27272727272728,1,1,1,1,6,0,0,0
48,No,Travel_Rarely,817,Sales,2,1,Marketing,712,2,Male,56,4,2,Sales Executive,2,Married,8120,18597,3,No,12,3,4,0,12,3,3,2,2,2,2,0,1.475752633570847,Medium,0,0,0.6666666666666666,6072.0,624.6153846153846,2,2,2,1,7,1,0,2
27,No,Travel_Frequently,1410,Sales,3,1,Medical,714,4,Female,71,4,2,Sales Executive,4,Divorced,4647,16673,1,Yes,20,4,2,2,6,3,3,6,5,0,4,0,0.844559419729523,High,1,0,2.0,6788.2,663.8571428571429,1,2,3,0,7,0,1,0
37,No,Travel_Rarely,1225,Research & Development,10,2,Life Sciences,715,4,Male,80,4,1,Research Scientist,4,Single,4680,15232,3,No,17,3,1,0,4,2,3,1,0,0,0,0,1.6792760169035117,High,0,0,0.5,4508.0,936.0,2,1,1,1,6,2,0,0
50,No,Travel_Rarely,1207,Research & Development,28,1,Medical,716,4,Male,74,4,1,Laboratory Technician,3,Married,3221,3297,1,Yes,11,3,3,3,20,3,3,20,8,3,8,0,1.1557581304372246,Low,1,1,10.0,6032.6,153.38095238095238,2,1,3,1,2,1,1,1
34,No,Travel_Rarely,1442,Research & Development,9,3,Medical,717,4,Female,46,2,3,Healthcare Representative,2,Single,8621,17654,1,No,14,3,2,0,9,3,4,8,7,7,7,0,0.878147952420402,Medium,0,0,2.0,6572.599999999999,862.1,2,1,3,0,0,2,0,2
24,Yes,Travel_Rarely,693,Sales,3,2,Life Sciences,720,1,Female,65,3,2,Sales Executive,3,Single,4577,24785,9,No,14,3,1,0,4,3,3,2,2,2,0,1,0.8318374142677053,Medium,0,0,0.6666666666666666,4146.2,915.4,2,2,1,0,7,2,0,2
39,No,Travel_Rarely,408,Research & Development,2,4,Technical Degree,721,4,Female,80,2,2,Healthcare Representative,3,Single,4553,20978,1,No,11,3,1,0,20,4,3,20,7,11,10,0,0.8274755838236536,Low,0,0,6.666666666666667,3831.7999999999997,216.8095238095238,2,1,5,0,0,2,0,1
32,No,Travel_Rarely,929,Sales,10,3,Marketing,722,4,Male,55,3,2,Sales Executive,4,Single,5396,21703,1,No,12,3,4,0,10,2,2,10,7,0,8,0,0.9806848781709718,Medium,0,0,3.3333333333333335,4437.6,490.54545454545456,2,2,2,1,7,2,0,2
50,Yes,Travel_Frequently,562,Sales,8,2,Technical Degree,723,2,Male,50,3,2,Sales Executive,3,Married,6796,23452,3,Yes,14,3,1,1,18,4,3,4,3,1,3,1,1.2351249874073247,Medium,1,0,1.3333333333333333,6477.6,357.6842105263158,1,2,5,1,7,1,1,2
38,No,Travel_Rarely,827,Research & Development,1,4,Life Sciences,724,2,Female,33,4,2,Healthcare Representative,4,Single,7625,19383,0,No,13,3,3,0,10,4,2,9,7,1,8,0,1.3857898806622795,Medium,0,0,3.0,5875.0,693.1818181818181,2,1,1,0,0,2,0,2
27,No,Travel_Rarely,608,Research & Development,1,2,Life Sciences,725,3,Female,68,3,3,Manufacturing Director,1,Married,7412,6009,1,No,11,3,4,0,9,3,3,9,7,0,7,0,0.7549974044008838,Low,0,0,2.25,5547.2,741.2,2,1,1,0,4,1,0,1
32,No,Travel_Rarely,1018,Research & Development,3,2,Life Sciences,727,3,Female,39,3,3,Research Director,4,Single,11159,19373,3,No,15,3,4,0,10,6,3,7,7,7,7,0,1.1366724279154699,High,0,0,1.75,8195.4,1014.4545454545455,2,1,1,0,5,2,0,0
47,No,Travel_Rarely,703,Sales,14,4,Marketing,728,4,Male,42,3,2,Sales Executive,1,Single,4960,11825,2,No,12,3,4,0,20,2,3,7,7,1,7,0,0.9014449584373647,Medium,0,0,2.3333333333333335,4176.0,236.1904761904762,2,2,2,1,7,2,0,2
40,No,Travel_Frequently,580,Sales,5,4,Life Sciences,729,4,Male,48,2,3,Sales Executive,1,Married,10475,23772,5,Yes,21,4,3,1,20,2,3,18,13,1,12,0,1.06699916501609,High,1,0,4.5,9385.0,498.8095238095238,1,2,1,1,7,1,1,0
53,No,Travel_Rarely,970,Research & Development,7,3,Life Sciences,730,3,Male,59,4,4,Research Director,3,Married,14814,13514,3,No,19,3,3,0,32,3,3,5,1,1,3,0,0.9555087285452546,High,0,0,1.0,10788.4,448.90909090909093,2,1,1,1,5,1,0,0
41,No,Travel_Rarely,427,Human Resources,10,4,Human Resources,731,2,Male,73,2,5,Manager,4,Divorced,19141,8861,3,No,15,3,2,3,23,2,2,21,6,12,6,0,0.9973516805161619,High,0,0,3.5,15984.6,797.5416666666666,2,0,0,1,3,0,0,0
60,No,Travel_Rarely,1179,Sales,16,4,Marketing,732,1,Male,84,3,2,Sales Executive,1,Single,5405,11924,8,No,14,3,4,0,10,1,3,2,2,2,2,0,0.9823205645874912,Medium,0,0,0.6666666666666666,4643.0,491.3636363636364,2,2,2,1,7,2,0,2
27,No,Travel_Frequently,294,Research & Development,10,2,Life Sciences,733,4,Male,32,3,3,Manufacturing Director,1,Divorced,8793,4809,1,No,21,4,3,2,9,4,2,9,7,1,7,0,0.895668129640714,High,0,0,2.25,9375.8,879.3,1,1,1,1,4,0,0,0
41,No,Travel_Rarely,314,Human Resources,1,3,Human Resources,734,4,Male,59,2,5,Manager,3,Married,19189,19562,1,No,12,3,2,1,22,3,3,22,7,2,10,0,0.9998527452810527,Medium,0,0,3.6666666666666665,13713.4,834.304347826087,2,0,0,1,3,1,0,2
50,No,Travel_Rarely,316,Sales,8,4,Marketing,738,4,Male,54,3,1,Sales Representative,2,Married,3875,9983,7,No,15,3,4,1,4,2,3,2,2,2,2,0,1.3904261892096386,High,0,0,1.0,4825.0,775.0,2,2,2,1,8,1,0,0
28,Yes,Travel_Rarely,654,Research & Development,1,2,Life Sciences,741,1,Female,67,1,1,Research Scientist,2,Single,2216,3872,7,Yes,13,3,4,0,10,4,3,7,7,3,7,1,0.7951443703970474,Medium,1,0,3.5,2629.6,201.45454545454547,2,1,1,0,6,2,1,2
36,No,Non-Travel,427,Research & Development,8,3,Life Sciences,742,1,Female,63,4,3,Research Director,1,Married,11713,20335,9,No,14,3,1,1,10,2,3,8,7,0,5,0,1.193103696404149,Medium,0,0,2.0,9427.8,1064.8181818181818,0,1,1,0,5,1,0,2
38,No,Travel_Rarely,168,Research & Development,1,3,Life Sciences,743,3,Female,81,3,3,Manufacturing Director,3,Single,7861,15397,4,Yes,14,3,4,0,10,4,4,1,0,0,0,0,0.8007332158655354,Medium,1,0,0.25,6116.599999999999,714.6363636363636,2,1,1,0,4,2,1,2
44,No,Non-Travel,381,Research & Development,24,3,Medical,744,1,Male,49,1,1,Laboratory Technician,3,Single,3708,2104,2,No,14,3,3,0,9,5,3,5,2,1,4,0,1.3305033057004747,Medium,0,0,2.5,3624.7999999999997,370.8,0,1,3,1,2,2,0,2
47,No,Travel_Frequently,217,Sales,3,3,Medical,746,4,Female,49,3,4,Sales Executive,3,Divorced,13770,10225,9,Yes,12,3,4,2,28,2,2,22,2,11,13,0,0.8881703248324663,Medium,1,0,4.4,11462.0,474.82758620689657,1,2,3,0,7,0,1,2
30,No,Travel_Rarely,501,Sales,27,5,Marketing,747,3,Male,99,3,2,Sales Executive,4,Divorced,5304,25275,7,No,23,4,4,1,10,2,2,8,7,7,7,0,0.96396452813544,High,0,0,2.6666666666666665,6482.4,482.1818181818182,2,2,2,1,7,0,0,0
29,No,Travel_Rarely,1396,Sales,10,3,Life Sciences,749,3,Male,99,3,1,Sales Representative,3,Single,2642,2755,1,No,11,3,3,0,1,6,3,1,0,0,0,0,0.9480015462946748,Low,0,0,0.5,2685.2,1321.0,2,2,1,1,8,2,0,1
42,Yes,Travel_Frequently,933,Research & Development,19,3,Medical,752,3,Male,57,4,1,Research Scientist,3,Divorced,2759,20366,6,Yes,12,3,4,0,7,2,3,2,2,2,2,1,0.9899834467172626,Medium,1,0,1.0,2855.3999999999996,344.875,1,1,3,1,6,0,1,2
43,No,Travel_Frequently,775,Sales,15,3,Life Sciences,754,4,Male,47,2,2,Sales Executive,4,Married,6804,23683,3,No,18,3,3,1,7,5,3,2,2,2,2,0,1.2365789308886754,High,0,0,0.6666666666666666,6882.4,850.5,1,2,1,1,7,1,0,0
34,No,Travel_Rarely,970,Research & Development,8,2,Medical,757,2,Female,96,3,2,Healthcare Representative,3,Single,6142,7360,3,No,11,3,4,0,10,2,3,5,1,4,3,0,1.1162651078069141,Low,0,0,1.6666666666666667,4785.2,558.3636363636364,2,1,3,0,0,2,0,1
23,No,Travel_Rarely,650,Research & Development,9,1,Medical,758,2,Male,37,3,1,Laboratory Technician,1,Married,2500,4344,1,No,14,3,4,1,5,2,4,4,3,0,2,0,0.8970491543287991,Medium,0,0,2.0,3900.0,416.6666666666667,2,1,3,1,2,1,0,2
39,No,Travel_Rarely,141,Human Resources,3,3,Human Resources,760,3,Female,44,4,2,Human Resources,2,Married,6389,18767,9,No,15,3,3,1,12,3,1,8,3,3,6,0,1.1611556127936136,High,0,0,2.6666666666666665,6333.4,491.46153846153845,2,0,0,0,1,1,0,0
56,No,Travel_Rarely,832,Research & Development,9,3,Medical,762,3,Male,81,3,4,Healthcare Representative,4,Married,11103,20420,7,No,11,3,3,0,30,1,2,10,7,1,1,0,0.7161477935087054,Low,0,0,2.0,7761.8,358.16129032258067,2,1,3,1,0,1,0,1
40,No,Travel_Rarely,804,Research & Development,2,1,Medical,763,4,Female,86,2,1,Research Scientist,4,Single,2342,22929,0,Yes,20,4,4,0,5,2,2,4,2,2,3,0,0.840355647775219,High,1,0,2.0,3405.2,390.3333333333333,2,1,3,0,6,2,1,0
27,No,Travel_Rarely,975,Research & Development,7,3,Medical,764,4,Female,55,2,2,Healthcare Representative,1,Single,6811,23398,8,No,19,3,1,0,9,2,1,7,6,0,7,0,1.237851131434857,High,0,0,2.3333333333333335,5986.6,681.1,2,1,3,0,0,2,0,0
29,No,Travel_Rarely,1090,Sales,10,3,Marketing,766,4,Male,83,3,1,Sales Representative,2,Divorced,2297,17967,1,No,14,3,4,2,2,2,3,2,2,2,2,0,0.8242087629973005,Medium,0,0,1.0,4778.2,765.6666666666666,2,2,2,1,8,0,0,2
53,No,Travel_Rarely,346,Research & Development,6,3,Life Sciences,769,4,Male,86,3,2,Laboratory Technician,4,Single,2450,10919,2,No,17,3,4,0,19,4,3,2,2,2,2,0,0.44527019116361766,High,0,0,0.6666666666666666,3170.0,122.5,2,1,1,1,2,2,0,0
35,No,Non-Travel,1225,Research & Development,2,4,Life Sciences,771,4,Female,61,3,2,Healthcare Representative,1,Divorced,5093,4761,2,No,11,3,1,1,16,2,4,1,0,0,0,0,0.9256167688148182,Low,0,0,0.3333333333333333,5155.799999999999,299.5882352941176,0,1,1,0,0,0,0,1
32,No,Travel_Frequently,430,Research & Development,24,4,Life Sciences,772,1,Male,80,3,2,Laboratory Technician,4,Married,5309,21146,1,No,15,3,4,2,10,2,3,10,8,4,7,0,0.9648732428112842,High,0,0,3.3333333333333335,6685.4,482.6363636363636,1,1,1,1,2,1,0,0
38,No,Travel_Rarely,268,Research & Development,2,5,Medical,773,4,Male,92,3,1,Research Scientist,3,Married,3057,20471,6,Yes,13,3,2,1,6,0,1,1,0,0,1,0,1.0969117059132554,Medium,1,0,0.5,4134.2,436.7142857142857,2,1,3,1,6,1,1,2
34,No,Travel_Rarely,167,Research & Development,8,5,Life Sciences,775,2,Female,32,3,2,Manufacturing Director,1,Divorced,5121,4187,3,No,14,3,3,1,7,3,3,0,0,0,0,0,0.9307055709995453,Medium,0,0,0.0,5472.6,640.125,2,1,1,0,4,0,0,2
52,No,Travel_Rarely,621,Sales,3,4,Marketing,776,3,Male,31,2,4,Manager,1,Married,16856,10084,1,No,11,3,1,0,34,3,4,34,6,1,16,0,1.0872185181827199,Low,0,0,6.8,11213.6,481.6,2,2,2,1,3,1,0,1
33,Yes,Travel_Rarely,527,Research & Development,1,4,Other,780,4,Male,63,3,1,Research Scientist,4,Single,2686,5207,1,Yes,13,3,3,0,10,2,2,10,9,7,8,1,0.9637896114108617,Medium,1,0,5.0,2911.6,244.1818181818182,2,1,4,1,6,2,1,2
25,No,Travel_Rarely,883,Sales,26,1,Medical,781,3,Female,32,3,2,Sales Executive,4,Single,6180,22807,1,No,23,4,2,0,6,5,2,6,5,1,4,0,1.1231713393433294,High,0,0,2.0,6008.0,882.8571428571429,2,2,3,0,7,2,0,0
45,No,Travel_Rarely,954,Sales,2,2,Technical Degree,783,2,Male,46,1,2,Sales Representative,3,Single,6632,12388,0,No,13,3,1,0,9,3,3,8,7,3,1,0,1.2053191460396377,Medium,0,0,2.6666666666666665,5279.2,663.2,2,2,5,1,8,2,0,2
23,No,Travel_Rarely,310,Research & Development,10,1,Medical,784,1,Male,79,4,1,Research Scientist,3,Single,3505,19630,1,No,18,3,4,0,2,3,3,2,2,0,2,0,1.2576629143689761,High,0,0,1.0,3903.0,1168.3333333333333,2,1,3,1,6,2,0,0
47,Yes,Travel_Frequently,719,Sales,27,2,Life Sciences,785,2,Female,77,4,2,Sales Executive,3,Single,6397,10339,4,Yes,12,3,4,0,8,2,3,5,4,1,3,1,1.162609556274964,Medium,1,0,1.6666666666666667,5038.2,710.7777777777778,1,2,1,0,7,2,1,2
34,No,Travel_Rarely,304,Sales,2,3,Other,786,4,Male,60,3,2,Sales Executive,4,Single,6274,18686,1,No,22,4,3,0,6,5,3,6,5,1,4,0,1.140255175249199,High,0,0,2.0,5964.4,896.2857142857143,2,2,4,1,7,2,0,0
55,Yes,Travel_Rarely,725,Research & Development,2,3,Medical,787,4,Male,78,3,5,Manager,1,Married,19859,21199,5,Yes,13,3,4,1,24,2,3,5,2,1,4,1,1.0347634409576543,Medium,1,0,0.8333333333333334,14215.4,794.36,2,1,3,1,3,1,1,2
36,No,Non-Travel,1434,Sales,8,4,Life Sciences,789,1,Male,76,2,3,Sales Executive,1,Single,7587,14229,1,No,15,3,2,0,10,1,3,10,7,0,9,0,0.7728231661075966,High,0,0,2.5,6052.2,689.7272727272727,0,2,1,1,7,2,0,0
52,No,Non-Travel,715,Research & Development,19,4,Medical,791,4,Male,41,3,1,Research Scientist,4,Married,4258,26589,0,No,18,3,1,1,5,3,3,4,3,1,2,0,1.5278541196528106,High,0,0,2.0,5354.799999999999,709.6666666666666,0,1,3,1,6,1,0,0
26,No,Travel_Frequently,575,Research & Development,1,2,Life Sciences,792,1,Female,71,1,1,Laboratory Technician,4,Divorced,4364,5288,3,No,14,3,1,1,5,2,3,2,2,2,0,0,1.5658890037963515,Medium,0,0,1.0,5018.4,727.3333333333334,1,1,1,0,2,0,0,2
29,No,Travel_Rarely,657,Research & Development,27,3,Medical,793,2,Female,66,3,2,Healthcare Representative,3,Married,4335,25549,4,No,12,3,1,1,11,3,2,8,7,1,1,0,0.78785562395685,Medium,0,0,2.6666666666666665,4801.0,361.25,2,1,3,0,0,1,0,2
26,Yes,Travel_Rarely,1146,Sales,8,3,Technical Degree,796,4,Male,38,2,2,Sales Executive,1,Single,5326,3064,6,No,17,3,3,0,6,2,2,4,3,1,2,1,0.9679628727091542,High,0,0,1.3333333333333333,4895.6,760.8571428571429,2,2,5,1,7,2,0,0
34,No,Travel_Rarely,182,Research & Development,1,4,Life Sciences,797,2,Female,72,4,1,Research Scientist,4,Single,3280,13551,2,No,16,3,3,0,10,2,3,4,2,1,3,0,1.1769284904793844,High,0,0,2.0,3568.0,298.1818181818182,2,1,1,0,6,2,0,0
54,No,Travel_Rarely,376,Research & Development,19,4,Medical,799,4,Female,95,3,2,Manufacturing Director,1,Divorced,5485,22670,9,Yes,11,3,2,2,9,4,3,5,3,1,4,0,0.9968599994009971,Low,1,1,1.6666666666666667,6391.0,548.5,2,1,3,0,4,0,1,1
27,No,Travel_Frequently,829,Sales,8,1,Marketing,800,3,Male,84,3,2,Sales Executive,4,Married,4342,24008,0,No,19,3,2,1,5,3,3,4,2,1,1,0,0.7891278245030318,High,0,0,1.3333333333333333,5505.2,723.6666666666666,1,2,2,1,7,1,0,0
37,No,Travel_Rarely,571,Research & Development,10,1,Life Sciences,802,4,Female,82,3,1,Research Scientist,1,Divorced,2782,19905,0,Yes,13,3,2,2,6,3,2,5,3,4,3,0,0.9982362989370875,Medium,1,0,2.5,4969.2,397.42857142857144,2,1,1,0,6,0,1,2
38,No,Travel_Frequently,240,Research & Development,2,4,Life Sciences,803,1,Female,75,4,2,Manufacturing Director,1,Single,5980,26085,6,Yes,12,3,4,0,17,2,3,15,7,4,12,0,1.0868227523095648,Medium,1,0,5.0,4788.0,332.22222222222223,1,1,1,0,4,2,1,2
34,No,Travel_Rarely,121,Research & Development,2,4,Medical,804,3,Female,86,2,1,Research Scientist,1,Single,4381,7530,1,No,11,3,3,0,6,3,3,6,5,1,3,0,1.5719889380457874,Low,0,0,3.0,3728.6,625.8571428571429,2,1,3,0,6,2,0,1
35,No,Travel_Rarely,384,Sales,8,4,Life Sciences,805,1,Female,72,3,1,Sales Representative,4,Married,2572,20317,1,No,16,3,2,1,3,1,2,3,2,0,2,0,0.9228841699734684,High,0,0,1.5,4143.2,643.0,2,2,1,0,8,1,0,0
30,No,Travel_Rarely,921,Research & Development,1,3,Life Sciences,806,4,Male,38,1,1,Laboratory Technician,3,Married,3833,24375,3,No,21,4,3,2,7,2,3,2,2,0,2,0,1.3753557634169147,High,0,0,1.0,6399.799999999999,479.125,2,1,1,1,2,1,0,0
40,No,Travel_Frequently,791,Research & Development,2,2,Medical,807,3,Female,38,4,2,Healthcare Representative,2,Married,4244,9931,1,No,24,4,4,1,8,2,3,8,7,3,7,0,0.7713170168564871,High,0,0,2.6666666666666665,5946.4,471.55555555555554,1,1,3,0,0,1,0,0
34,No,Travel_Rarely,1111,Sales,8,2,Life Sciences,808,3,Female,93,3,2,Sales Executive,1,Married,6500,13305,5,No,17,3,2,1,6,1,3,3,2,1,2,0,1.181329078597353,High,0,0,1.0,6600.0,928.5714285714286,2,2,1,0,7,1,0,0
42,No,Travel_Frequently,570,Research & Development,8,3,Life Sciences,809,2,Male,66,3,5,Manager,4,Divorced,18430,16225,1,No,13,3,2,1,24,4,2,24,7,14,9,0,0.9603046586862162,Medium,0,0,4.0,13358.0,737.2,1,1,1,1,3,0,0,2
23,Yes,Travel_Rarely,1243,Research & Development,6,3,Life Sciences,811,3,Male,63,4,1,Laboratory Technician,1,Married,1601,3445,1,Yes,21,4,3,2,1,2,3,0,0,0,0,1,0.5744702784321629,High,1,0,0.0,5060.6,800.5,2,1,1,1,2,1,1,0
24,No,Non-Travel,1092,Research & Development,9,3,Life Sciences,812,3,Male,60,2,1,Laboratory Technician,2,Divorced,2694,26551,1,No,11,3,3,3,1,4,3,1,0,0,0,0,0.9666601687047138,Low,0,0,0.5,5716.4,1347.0,0,1,1,1,2,0,0,1
52,No,Travel_Rarely,1325,Research & Development,11,4,Life Sciences,813,4,Female,82,3,2,Laboratory Technician,3,Married,3149,21821,8,No,20,4,2,1,9,3,3,5,2,1,4,0,0.5723085028466253,High,0,0,1.6666666666666667,4889.4,314.9,2,1,1,0,2,1,0,0
50,No,Travel_Rarely,691,Research & Development,2,3,Medical,815,3,Male,64,3,4,Research Director,3,Married,17639,6881,5,No,16,3,4,0,30,3,3,4,3,0,3,0,1.137722320967311,High,0,0,0.8,12183.4,569.0,2,1,3,1,5,1,0,0
29,Yes,Travel_Rarely,805,Research & Development,1,2,Life Sciences,816,2,Female,36,2,1,Laboratory Technician,1,Married,2319,6689,1,Yes,11,3,4,1,1,1,3,1,0,0,0,1,0.832102795555394,Low,1,1,0.5,3491.3999999999996,1159.5,2,1,1,0,2,1,1,1
33,No,Travel_Rarely,213,Research & Development,7,3,Medical,817,3,Male,49,3,3,Research Director,3,Married,11691,25995,0,No,11,3,4,0,14,3,4,13,9,3,7,0,1.1908627435038766,Low,0,0,3.25,8114.599999999999,779.4,2,1,3,1,5,1,0,1
33,Yes,Travel_Rarely,118,Sales,16,3,Marketing,819,1,Female,69,3,2,Sales Executive,1,Single,5324,26507,5,No,15,3,3,0,6,3,3,3,2,0,2,1,0.9675993868388165,High,0,0,1.0,4694.4,760.5714285714286,2,2,2,0,7,2,0,0
47,No,Travel_Rarely,202,Research & Development,2,2,Other,820,3,Female,33,3,4,Manager,4,Married,16752,12982,1,Yes,11,3,3,1,26,3,2,26,14,3,0,0,1.08051047796612,Low,1,1,5.2,12151.199999999999,620.4444444444445,2,1,4,0,3,1,1,1
36,No,Travel_Rarely,676,Research & Development,1,3,Other,823,3,Female,35,3,2,Manufacturing Director,2,Married,5228,23361,0,No,15,3,1,1,10,2,3,9,7,0,5,0,0.9501520650626094,High,0,0,3.0,5636.799999999999,475.27272727272725,2,1,4,0,4,1,0,0
29,No,Travel_Rarely,1252,Research & Development,23,2,Life Sciences,824,3,Male,81,4,1,Research Scientist,3,Married,2700,23779,1,No,24,4,3,1,10,3,3,10,7,0,7,0,0.9688130866751029,High,0,0,5.0,5020.0,245.45454545454547,2,1,1,1,6,1,0,0
58,Yes,Travel_Rarely,286,Research & Development,2,4,Life Sciences,825,4,Male,31,3,5,Research Director,2,Single,19246,25761,7,Yes,12,3,4,0,40,2,3,31,15,13,8,1,1.0028227596893606,Medium,1,0,5.166666666666667,12747.6,469.4146341463415,2,1,1,1,5,2,1,2
35,No,Travel_Rarely,1258,Research & Development,1,4,Life Sciences,826,4,Female,40,4,1,Research Scientist,3,Single,2506,13301,3,No,13,3,3,0,7,0,3,2,2,2,2,0,0.8992020722991881,Medium,0,0,1.0,2803.6,313.25,2,1,1,0,6,2,0,2
42,No,Travel_Rarely,932,Research & Development,1,2,Life Sciences,827,4,Female,43,2,2,Manufacturing Director,4,Married,6062,4051,9,Yes,13,3,4,1,8,4,3,4,3,0,2,0,1.1017256729934082,Medium,1,0,1.3333333333333333,5937.2,673.5555555555555,2,1,1,0,4,1,1,2
28,Yes,Travel_Rarely,890,Research & Development,2,4,Medical,828,3,Male,46,3,1,Research Scientist,3,Single,4382,16374,6,No,17,3,4,0,5,3,2,2,2,2,1,1,1.572347757707519,High,0,0,1.0,4329.2,730.3333333333334,2,1,3,1,6,2,0,0
36,No,Travel_Rarely,1041,Human Resources,13,3,Human Resources,829,3,Male,36,3,1,Human Resources,2,Married,2143,25527,4,No,13,3,2,1,8,2,3,5,2,0,4,0,0.7689505350906465,Medium,0,0,2.5,3585.8,238.11111111111111,2,0,0,1,1,1,0,2
32,No,Travel_Rarely,859,Research & Development,4,3,Life Sciences,830,3,Female,98,2,2,Manufacturing Director,3,Married,6162,19124,1,No,12,3,3,1,14,3,3,14,13,6,8,0,1.1198999665102907,Medium,0,0,4.666666666666667,5897.2,410.8,2,1,1,0,4,1,0,2
40,No,Travel_Frequently,720,Research & Development,16,4,Medical,832,1,Male,51,2,2,Laboratory Technician,3,Single,5094,11983,6,No,14,3,4,0,10,6,3,1,0,0,0,0,0.9257985117499871,Medium,0,0,0.3333333333333333,4456.4,463.09090909090907,1,1,3,1,2,2,0,2
30,No,Travel_Rarely,946,Research & Development,2,3,Medical,833,3,Female,52,2,2,Manufacturing Director,4,Single,6877,20234,5,Yes,24,4,2,0,12,4,2,0,0,0,0,0,1.2498461651559996,High,1,0,0.0,6526.2,529.0,2,1,3,0,4,2,1,0
45,No,Travel_Rarely,252,Research & Development,2,3,Life Sciences,834,2,Female,95,2,1,Research Scientist,3,Single,2274,6153,1,No,14,3,4,0,1,3,3,1,0,0,0,0,0.8159559107774756,Medium,0,0,0.5,2764.3999999999996,1137.0,2,1,1,0,6,2,0,2
42,No,Travel_Rarely,933,Research & Development,29,3,Life Sciences,836,2,Male,98,3,2,Manufacturing Director,2,Married,4434,11806,1,No,13,3,4,1,10,3,2,9,8,7,8,0,0.8058481745385636,Medium,0,0,3.0,4960.4,403.09090909090907,2,1,1,1,4,1,0,2
38,No,Travel_Frequently,471,Research & Development,12,3,Life Sciences,837,1,Male,45,2,2,Healthcare Representative,1,Divorced,6288,4284,2,No,15,3,3,1,13,3,2,4,3,1,2,0,1.1427995763415624,High,0,0,1.3333333333333333,6272.799999999999,449.14285714285717,1,1,1,1,0,0,0,0
34,No,Travel_Frequently,702,Research & Development,16,4,Life Sciences,838,3,Female,100,2,1,Research Scientist,4,Single,2553,8306,1,No,16,3,3,0,6,3,3,5,2,1,3,0,0.9160665964005695,High,0,0,2.5,3131.8,364.7142857142857,1,1,1,0,6,2,0,0
49,Yes,Travel_Rarely,1184,Sales,11,3,Marketing,840,3,Female,43,3,3,Sales Executive,4,Married,7654,5860,1,No,18,3,1,2,9,3,4,9,8,7,7,1,0.7796478863038809,High,0,0,2.25,8392.4,765.4,2,2,2,0,7,1,0,0
55,Yes,Travel_Rarely,436,Sales,2,1,Medical,842,3,Male,37,3,2,Sales Executive,4,Single,5160,21519,4,No,16,3,3,0,12,3,2,9,7,7,3,1,0.9377935454711295,High,0,0,3.0,4696.0,396.9230769230769,2,2,3,1,7,2,0,0
43,No,Travel_Rarely,589,Research & Development,14,2,Life Sciences,843,2,Male,94,3,4,Research Director,1,Married,17159,5200,6,No,24,4,3,1,22,3,3,4,1,1,0,0,1.1067621353522359,High,0,0,0.8,13695.4,746.0434782608696,2,1,1,1,5,1,0,0
27,No,Travel_Rarely,269,Research & Development,5,1,Technical Degree,844,3,Male,42,2,3,Research Director,4,Divorced,12808,8842,1,Yes,16,3,2,1,9,3,3,9,8,0,8,0,1.3046420339404372,High,1,0,2.25,10284.8,1280.8,2,1,5,1,5,0,1,0
35,No,Travel_Rarely,950,Research & Development,7,3,Other,845,3,Male,59,3,3,Manufacturing Director,3,Single,10221,18869,3,No,21,4,2,0,17,3,4,8,5,1,6,0,1.0411263451674897,High,0,0,2.0,8232.599999999999,567.8333333333334,2,1,4,1,4,2,0,0
28,No,Travel_Rarely,760,Sales,2,4,Marketing,846,2,Female,81,3,2,Sales Executive,2,Married,4779,3698,1,Yes,20,4,1,0,8,2,3,8,7,7,5,0,0.8685494871718077,High,1,0,2.6666666666666665,4867.4,531.0,2,2,2,0,7,1,1,0
34,No,Travel_Rarely,829,Human Resources,3,2,Human Resources,847,3,Male,88,3,1,Human Resources,4,Married,3737,2243,0,No,19,3,3,1,4,1,1,3,2,0,2,0,1.3409090758906888,High,0,0,1.5,5142.2,747.4,2,0,0,1,1,1,0,0
26,Yes,Travel_Frequently,887,Research & Development,5,2,Medical,848,3,Female,88,2,1,Research Scientist,3,Married,2366,20898,1,Yes,14,3,1,1,8,2,3,8,7,1,7,1,0.8489673196567754,Medium,1,0,4.0,3819.6,262.8888888888889,1,1,3,0,6,1,1,2
27,No,Non-Travel,443,Research & Development,3,3,Medical,850,4,Male,50,3,1,Research Scientist,4,Married,1706,16571,1,No,11,3,3,3,0,6,2,0,0,0,0,0,0.6121463429139724,Low,0,0,0.0,5123.6,1706.0,0,1,3,1,6,1,0,1
51,No,Travel_Rarely,1318,Sales,26,4,Marketing,851,1,Female,66,3,4,Manager,3,Married,16307,5594,2,No,14,3,3,1,29,2,2,20,6,4,17,0,1.0518078058854776,Medium,0,0,4.0,12184.199999999999,543.5666666666667,2,2,2,0,3,1,0,2
44,No,Travel_Rarely,625,Research & Development,4,3,Medical,852,4,Male,50,3,2,Healthcare Representative,2,Single,5933,5197,9,No,12,3,4,0,10,2,2,5,2,2,3,0,1.0782808343566301,Medium,0,0,1.6666666666666667,4759.799999999999,539.3636363636364,2,1,3,1,0,2,0,2
25,No,Travel_Rarely,180,Research & Development,2,1,Medical,854,1,Male,65,4,1,Research Scientist,1,Single,3424,21632,7,No,13,3,3,0,6,3,2,4,3,0,1,0,1.2285985217687232,Medium,0,0,2.0,3354.4,489.14285714285717,2,1,3,1,6,2,0,2
33,No,Travel_Rarely,586,Sales,1,3,Medical,855,1,Male,48,4,2,Sales Executive,1,Divorced,4037,21816,1,No,22,4,1,1,9,5,3,9,8,0,8,0,0.7336962292765407,High,0,0,3.0,5622.2,403.7,2,2,3,1,7,0,0,0
35,No,Travel_Rarely,1343,Research & Development,27,1,Medical,856,3,Female,53,2,1,Research Scientist,1,Single,2559,17852,1,No,11,3,4,0,6,3,2,6,5,1,1,0,0.9182195143709587,Low,0,0,3.0,2635.3999999999996,365.57142857142856,2,1,3,0,6,2,0,1
36,No,Travel_Rarely,928,Sales,1,2,Life Sciences,857,2,Male,56,3,2,Sales Executive,4,Married,6201,2823,1,Yes,14,3,4,1,18,1,2,18,14,4,11,0,1.1269879409818748,Medium,1,0,6.0,6120.6,326.36842105263156,2,2,1,1,7,1,1,2
32,No,Travel_Rarely,117,Sales,13,4,Life Sciences,859,2,Male,73,3,2,Sales Executive,4,Divorced,4403,9250,2,No,11,3,3,1,8,3,2,5,2,0,3,0,0.80021414354833,Low,0,0,1.6666666666666667,4741.799999999999,489.22222222222223,2,2,1,1,7,0,0,1
30,No,Travel_Frequently,1012,Research & Development,5,4,Life Sciences,861,2,Male,75,2,1,Research Scientist,4,Divorced,3761,2373,9,No,12,3,2,1,10,3,2,5,4,0,3,0,1.3495207477722453,Medium,0,0,2.5,4456.6,341.90909090909093,1,1,1,1,6,0,0,2
53,No,Travel_Rarely,661,Sales,7,2,Marketing,862,1,Female,78,2,3,Sales Executive,4,Married,10934,20715,7,Yes,18,3,4,1,35,3,3,5,2,0,4,0,1.1137535914354106,High,1,0,1.25,9360.4,303.72222222222223,2,2,2,0,7,1,1,0
45,No,Travel_Rarely,930,Sales,9,3,Marketing,864,4,Male,74,3,3,Sales Executive,1,Divorced,10761,19239,4,Yes,12,3,3,1,18,2,3,5,4,0,2,0,1.0961315527196318,Medium,1,0,1.25,8656.599999999999,566.3684210526316,2,2,2,1,7,0,1,2
32,No,Travel_Rarely,638,Research & Development,8,2,Medical,865,3,Female,91,4,2,Research Scientist,3,Married,5175,22162,5,No,12,3,3,1,9,3,2,5,3,1,3,0,0.9405196894986618,Medium,0,0,1.6666666666666667,5305.0,517.5,2,1,3,0,6,1,0,2
52,No,Travel_Frequently,890,Research & Development,25,4,Medical,867,3,Female,81,2,4,Manufacturing Director,4,Married,13826,19028,3,No,22,4,3,0,31,3,3,9,8,0,0,0,0.8917823464875584,High,0,0,1.8,10495.6,432.0625,1,1,3,0,4,1,0,0
37,No,Travel_Rarely,342,Sales,16,4,Marketing,868,4,Male,66,2,2,Sales Executive,3,Divorced,6334,24558,4,No,19,3,4,2,9,2,3,1,0,0,0,0,1.1511597513593284,High,0,0,0.3333333333333333,7700.4,633.4,2,2,2,1,7,0,0,0
28,No,Travel_Rarely,1169,Human Resources,8,2,Medical,869,2,Male,63,2,1,Human Resources,4,Divorced,4936,23965,1,No,13,3,4,1,6,6,3,5,1,0,4,0,1.7711338503067808,Medium,0,0,2.5,5261.6,705.1428571428571,2,0,3,1,1,0,0,2
22,No,Travel_Rarely,1230,Research & Development,1,2,Life Sciences,872,4,Male,33,2,2,Manufacturing Director,4,Married,4775,19146,6,No,22,4,1,2,4,2,1,2,2,2,2,0,0.8678225154311324,High,0,0,0.6666666666666666,7065.0,955.0,2,1,1,1,4,1,0,0
44,No,Travel_Rarely,986,Research & Development,8,4,Life Sciences,874,1,Male,62,4,1,Laboratory Technician,4,Married,2818,5044,2,Yes,24,4,3,1,10,2,2,3,2,0,2,0,1.0111538067594223,High,1,0,1.5,5090.8,256.1818181818182,2,1,1,1,2,1,1,0
42,No,Travel_Frequently,1271,Research & Development,2,1,Medical,875,2,Male,35,3,1,Research Scientist,4,Single,2515,9068,5,Yes,14,3,4,0,8,2,3,2,1,2,2,0,0.9024314492547718,Medium,1,0,1.0,2909.0,279.44444444444446,1,1,3,1,6,2,1,2
36,No,Travel_Rarely,1278,Human Resources,8,3,Life Sciences,878,1,Male,77,2,1,Human Resources,1,Married,2342,8635,0,No,21,4,3,0,6,3,3,5,4,0,3,0,0.840355647775219,High,0,0,2.5,3505.2,334.57142857142856,2,0,1,1,1,1,0,0
25,No,Travel_Rarely,141,Sales,3,1,Other,879,3,Male,98,3,2,Sales Executive,1,Married,4194,14363,1,Yes,18,3,4,0,5,3,3,5,3,0,3,0,0.7622298700980459,High,1,0,1.6666666666666667,4316.4,699.0,2,2,4,1,7,1,1,0
35,No,Travel_Rarely,607,Research & Development,9,3,Life Sciences,880,4,Female,66,2,3,Manufacturing Director,3,Married,10685,23457,1,Yes,20,4,2,1,17,2,3,17,14,5,15,0,1.0883900790641452,High,1,0,4.25,9411.0,593.6111111111111,2,1,1,0,4,1,1,0
35,Yes,Travel_Frequently,130,Research & Development,25,4,Life Sciences,881,4,Female,96,3,1,Research Scientist,2,Divorced,2022,16612,1,Yes,19,3,1,1,10,3,2,10,2,7,8,1,0.7255333560211327,High,1,0,5.0,4113.2,183.8181818181818,1,1,1,0,6,0,1,0
32,No,Non-Travel,300,Research & Development,1,3,Life Sciences,882,4,Male,61,3,1,Laboratory Technician,4,Divorced,2314,9148,0,No,12,3,2,1,4,2,3,3,0,0,2,0,0.8303086972467364,Medium,0,0,1.5,3588.3999999999996,462.8,0,1,1,1,2,0,0,2
25,No,Travel_Rarely,583,Sales,4,1,Marketing,885,3,Male,87,2,2,Sales Executive,1,Married,4256,18154,1,No,12,3,1,0,5,1,4,5,2,0,3,0,0.7734979320785129,Medium,0,0,1.6666666666666667,3753.6,709.3333333333334,2,2,2,1,7,1,0,2
49,No,Travel_Rarely,1418,Research & Development,1,3,Technical Degree,887,3,Female,36,3,1,Research Scientist,1,Married,3580,10554,2,No,16,3,2,1,7,2,3,4,2,0,2,0,1.2845743889988401,High,0,0,2.0,4748.0,447.5,2,1,5,0,6,1,0,0
24,No,Non-Travel,1269,Research & Development,4,1,Life Sciences,888,1,Male,46,2,1,Laboratory Technician,4,Married,3162,10778,0,No,17,3,4,0,6,2,2,5,2,3,4,0,1.134587770395065,High,0,0,2.5,3597.2,451.7142857142857,0,1,1,1,2,1,0,0
32,No,Travel_Frequently,379,Sales,5,2,Life Sciences,889,2,Male,48,3,2,Sales Executive,2,Married,6524,8891,1,No,14,3,4,1,10,3,3,10,8,5,3,0,1.1856909090414047,Medium,0,0,3.3333333333333335,6314.4,593.0909090909091,1,2,1,1,7,1,0,2
38,No,Travel_Rarely,395,Sales,9,3,Marketing,893,2,Male,98,2,1,Sales Representative,2,Married,2899,12102,0,No,19,3,4,1,3,3,3,2,2,1,2,0,1.0402181993596753,High,0,0,1.0,4639.4,724.75,2,2,2,1,8,1,0,0
42,No,Travel_Rarely,1265,Research & Development,3,3,Life Sciences,894,3,Female,95,4,2,Laboratory Technician,4,Married,5231,23726,2,Yes,13,3,2,1,17,1,2,5,3,1,3,0,0.950697293868116,Medium,1,0,1.6666666666666667,5438.6,290.6111111111111,2,1,1,0,2,1,1,2
31,No,Travel_Rarely,1222,Research & Development,11,4,Life Sciences,895,4,Male,48,3,1,Research Scientist,4,Married,2356,14871,3,Yes,19,3,2,1,8,2,3,6,4,0,2,0,0.8453791230394602,High,1,0,3.0,4313.6,261.77777777777777,2,1,1,1,6,1,1,0
29,Yes,Travel_Rarely,341,Sales,1,3,Medical,896,2,Female,48,2,1,Sales Representative,3,Divorced,2800,23522,6,Yes,19,3,3,3,5,3,3,3,2,0,2,1,1.004695052848255,High,1,0,1.5,6580.0,466.6666666666667,2,2,3,0,8,0,1,0
53,No,Travel_Rarely,868,Sales,8,3,Marketing,897,1,Male,73,3,4,Sales Executive,4,Married,11836,22789,5,No,14,3,3,1,28,3,3,2,0,2,2,0,0.763426576958393,Medium,0,0,0.4,9501.599999999999,408.13793103448273,2,2,2,1,7,1,0,2
35,No,Travel_Rarely,672,Research & Development,25,3,Technical Degree,899,4,Male,78,2,3,Manufacturing Director,2,Married,10903,9129,3,No,16,3,1,0,16,2,3,13,10,4,8,0,1.1105958850759359,High,0,0,3.25,8141.8,641.3529411764706,2,1,5,1,4,1,0,0
37,No,Travel_Frequently,1231,Sales,21,2,Medical,900,3,Female,54,3,1,Sales Representative,4,Married,2973,21222,5,No,15,3,2,1,10,3,3,5,4,0,0,0,1.0667708543278078,High,0,0,2.5,4283.8,270.27272727272725,1,2,3,0,8,1,0,0
53,No,Travel_Rarely,102,Research & Development,23,4,Life Sciences,901,4,Female,72,3,4,Research Director,4,Single,14275,20206,6,No,18,3,3,0,33,0,3,12,9,3,8,0,0.9207430201149932,High,0,0,2.4,10365.0,419.8529411764706,2,1,1,0,5,2,0,0
43,No,Travel_Frequently,422,Research & Development,1,3,Life Sciences,902,4,Female,33,3,2,Healthcare Representative,4,Married,5562,21782,4,No,13,3,2,1,12,2,2,5,2,2,2,0,1.0108542054089964,Medium,0,0,1.6666666666666667,5637.2,427.84615384615387,1,1,1,0,0,1,0,2
47,No,Travel_Rarely,249,Sales,2,2,Marketing,903,3,Female,35,3,2,Sales Executive,4,Married,4537,17783,0,Yes,22,4,1,1,8,2,3,7,6,7,7,0,0.8245676968609523,High,1,0,2.3333333333333335,5922.2,504.1111111111111,2,2,2,0,7,1,1,0
37,No,Non-Travel,1252,Sales,19,2,Medical,904,1,Male,32,3,3,Sales Executive,2,Single,7642,4814,1,Yes,13,3,4,0,10,2,3,10,0,0,9,0,0.7784255483582777,Medium,1,0,2.5,5885.2,694.7272727272727,0,2,3,1,7,2,1,2
50,No,Non-Travel,881,Research & Development,2,4,Life Sciences,905,1,Male,98,3,4,Manager,1,Divorced,17924,4544,1,No,11,3,4,1,31,3,3,31,6,14,7,0,1.156104931176262,Low,0,0,6.2,12854.4,560.125,0,1,1,1,3,0,0,1
39,No,Travel_Rarely,1383,Human Resources,2,3,Life Sciences,909,4,Female,42,2,2,Human Resources,4,Married,5204,7790,8,No,11,3,3,2,13,2,3,5,4,0,4,0,0.9457902346185577,Low,0,0,1.6666666666666667,6222.4,371.7142857142857,2,0,1,0,1,1,0,1
33,No,Travel_Rarely,1075,Human Resources,3,2,Human Resources,910,4,Male,57,3,1,Human Resources,2,Divorced,2277,22650,3,Yes,11,3,3,1,7,4,4,4,3,0,3,0,0.8170323697626701,Low,1,1,2.0,3466.2,284.625,2,0,0,1,1,0,1,1
32,Yes,Travel_Rarely,374,Research & Development,25,4,Life Sciences,911,1,Male,87,3,1,Laboratory Technician,4,Single,2795,18016,1,Yes,24,4,3,0,1,2,1,1,0,0,1,1,1.0029009545395973,High,1,0,0.5,4077.0,1397.5,2,1,1,1,2,2,1,0
29,No,Travel_Rarely,1086,Research & Development,7,1,Medical,912,1,Female,62,2,1,Laboratory Technician,4,Divorced,2532,6054,6,No,14,3,3,3,8,5,3,4,3,0,3,0,0.9085313835042077,Medium,0,0,2.0,5919.2,281.3333333333333,2,1,3,0,2,0,0,2
44,No,Travel_Rarely,661,Research & Development,9,2,Life Sciences,913,2,Male,61,3,1,Research Scientist,1,Married,2559,7508,1,Yes,13,3,4,0,8,0,3,8,7,7,1,0,0.9182195143709587,Medium,1,0,4.0,2835.3999999999996,284.3333333333333,2,1,1,1,6,1,1,2
28,No,Travel_Rarely,821,Sales,5,4,Medical,916,1,Male,98,3,2,Sales Executive,4,Single,4908,24252,1,No,14,3,2,0,4,3,3,4,2,0,2,0,0.891994325808586,Medium,0,0,1.3333333333333333,4344.799999999999,981.6,2,2,3,1,7,2,0,2
58,Yes,Travel_Frequently,781,Research & Development,2,1,Life Sciences,918,4,Male,57,2,1,Laboratory Technician,4,Divorced,2380,13384,9,Yes,14,3,4,1,3,3,2,1,0,0,0,1,0.8539907949210167,Medium,1,0,0.5,3828.0,595.0,1,1,1,1,2,0,1,2
43,No,Travel_Rarely,177,Research & Development,8,3,Life Sciences,920,1,Female,55,3,2,Manufacturing Director,2,Divorced,4765,23814,4,No,21,4,3,1,4,2,4,1,0,0,0,0,0.8660050860794442,High,0,0,0.3333333333333333,5959.0,953.0,2,1,1,0,4,0,0,0
20,Yes,Travel_Rarely,500,Sales,2,3,Medical,922,3,Female,49,2,1,Sales Representative,3,Single,2044,22052,1,No,13,3,4,0,2,3,2,2,2,0,2,1,0.7334273885792261,Medium,0,0,1.0,2526.3999999999996,681.3333333333334,2,2,3,0,8,2,0,2
21,Yes,Travel_Rarely,1427,Research & Development,18,1,Other,923,4,Female,65,3,1,Research Scientist,4,Single,2693,8870,1,No,19,3,1,0,1,3,2,1,0,0,0,1,0.9663013490429824,High,0,0,0.5,3515.8,1346.5,2,1,4,0,6,2,0,0
36,No,Travel_Rarely,1425,Research & Development,14,1,Life Sciences,924,3,Male,68,3,2,Healthcare Representative,4,Married,6586,4821,0,Yes,17,3,1,1,17,2,2,16,8,4,11,0,1.1969589710218718,High,1,0,5.333333333333333,6651.6,365.8888888888889,2,1,1,1,0,1,1,0
47,No,Travel_Rarely,1454,Sales,2,4,Life Sciences,925,4,Female,65,2,1,Sales Representative,4,Single,3294,13137,1,Yes,18,3,1,0,3,3,2,3,2,1,2,0,1.1819519657436257,High,1,0,1.5,3776.3999999999996,823.5,2,2,1,0,8,2,1,0
22,Yes,Travel_Rarely,617,Research & Development,3,1,Life Sciences,926,2,Female,34,3,2,Manufacturing Director,3,Married,4171,10022,0,Yes,19,3,1,1,4,3,4,3,2,0,2,1,0.758049782589163,High,1,0,1.0,5402.6,834.2,2,1,1,0,4,1,1,0
41,Yes,Travel_Rarely,1085,Research & Development,2,4,Life Sciences,927,2,Female,57,1,1,Laboratory Technician,4,Divorced,2778,17725,4,Yes,13,3,3,1,10,1,2,7,7,1,0,1,0.9968010202901615,Medium,1,0,3.5,3966.8,252.54545454545453,2,1,1,0,2,0,1,2
28,No,Travel_Rarely,995,Research & Development,9,3,Medical,930,3,Female,77,3,1,Research Scientist,3,Divorced,2377,9834,5,No,18,3,2,1,6,2,3,2,2,2,2,0,0.8529143359358221,High,0,0,1.0,4226.2,339.57142857142856,2,1,3,0,6,0,0,0
39,Yes,Travel_Rarely,1122,Research & Development,6,3,Medical,932,4,Male,70,3,1,Laboratory Technician,1,Married,2404,4303,7,Yes,21,4,4,0,8,2,1,2,2,2,2,1,0.8626024668025731,High,1,0,1.0,3542.3999999999996,267.1111111111111,2,1,3,1,2,1,1,0
27,No,Travel_Rarely,618,Research & Development,4,3,Life Sciences,933,2,Female,76,3,1,Research Scientist,3,Single,2318,17808,1,No,19,3,3,0,1,2,3,1,1,0,0,0,0.8317439758936624,High,0,0,0.5,3290.8,1159.0,2,1,1,0,6,2,0,0
34,No,Travel_Rarely,546,Research & Development,10,3,Life Sciences,934,2,Male,83,3,1,Laboratory Technician,2,Divorced,2008,6896,1,No,14,3,2,2,1,3,3,1,0,1,0,0,0.7205098807568914,Medium,0,0,0.5,4604.8,1004.0,2,1,1,1,2,0,0,2
42,No,Travel_Rarely,462,Sales,14,2,Medical,936,3,Female,68,2,2,Sales Executive,3,Single,6244,7824,7,No,17,3,1,0,10,6,3,5,4,0,3,0,1.1348028871941342,High,0,0,1.6666666666666667,5446.4,567.6363636363636,2,2,3,0,7,2,0,0
33,No,Travel_Rarely,1198,Research & Development,1,4,Other,939,3,Male,100,2,1,Research Scientist,1,Single,2799,3339,3,Yes,11,3,2,0,6,1,3,3,2,0,2,0,1.0043362331865233,Low,1,1,1.5,2779.3999999999996,399.85714285714283,2,1,4,1,6,2,1,1
58,No,Travel_Rarely,1272,Research & Development,5,3,Technical Degree,940,3,Female,37,2,3,Healthcare Representative,2,Divorced,10552,9255,2,Yes,13,3,4,1,24,3,3,6,0,0,4,0,1.0748425001670434,Medium,1,0,1.5,8631.2,422.08,2,1,5,0,0,0,1,2
31,No,Travel_Rarely,154,Sales,7,4,Life Sciences,941,2,Male,41,2,1,Sales Representative,3,Married,2329,11737,3,No,15,3,2,0,13,2,4,7,7,5,2,0,0.8356909921727091,High,0,0,3.5,2897.3999999999996,166.35714285714286,2,2,1,1,8,1,0,0
35,No,Travel_Rarely,1137,Research & Development,21,1,Life Sciences,942,4,Female,51,3,2,Healthcare Representative,4,Married,4014,19170,1,Yes,25,4,4,1,10,2,1,10,6,0,7,0,0.7295161417676577,High,1,0,3.3333333333333335,5908.4,364.90909090909093,2,1,1,0,0,1,1,0
49,No,Travel_Rarely,527,Research & Development,8,2,Other,944,1,Female,51,3,3,Laboratory Technician,2,Married,7403,22477,4,No,11,3,3,1,29,3,2,26,9,1,7,0,0.7540806509416815,Low,0,0,6.5,6541.8,246.76666666666668,2,1,4,0,2,1,0,1
48,No,Travel_Rarely,1469,Research & Development,20,4,Medical,945,4,Male,51,3,1,Research Scientist,3,Married,2259,5543,4,No,17,3,1,2,13,2,2,0,0,0,0,0,0.8105736158515028,High,0,0,0.0,5055.4,161.35714285714286,2,1,3,1,6,1,0,0
31,No,Non-Travel,1188,Sales,20,2,Marketing,947,4,Female,45,3,2,Sales Executive,3,Married,6932,24406,1,No,13,3,4,1,9,2,2,9,8,0,0,0,1.2598420265902848,Medium,0,0,3.0,6459.2,693.2,0,2,2,0,7,1,0,2
36,No,Travel_Rarely,188,Research & Development,7,4,Other,949,2,Male,65,3,1,Research Scientist,4,Single,4678,23293,2,No,18,3,3,0,8,6,3,6,2,0,1,0,1.6785583775800488,High,0,0,3.0,4606.799999999999,519.7777777777778,2,1,4,1,6,2,0,0
38,No,Travel_Rarely,1333,Research & Development,1,3,Technical Degree,950,4,Female,80,3,3,Research Director,1,Married,13582,16292,1,No,13,3,2,1,15,3,3,15,12,5,11,0,1.3834828314318408,Medium,0,0,3.75,10449.2,848.875,2,1,5,0,5,1,0,2
32,No,Non-Travel,1184,Research & Development,1,3,Life Sciences,951,3,Female,70,2,1,Laboratory Technician,2,Married,2332,3974,6,No,20,4,3,0,5,3,3,3,0,0,2,0,0.8367674511579037,High,0,0,1.5,3399.2,388.6666666666667,0,1,1,0,2,1,0,0
25,Yes,Travel_Rarely,867,Sales,19,2,Marketing,952,3,Male,36,2,1,Sales Representative,2,Married,2413,18798,1,Yes,18,3,3,3,1,2,3,1,0,0,0,1,0.8658318437581568,High,1,0,0.5,6247.8,1206.5,2,2,2,1,8,1,1,0
40,No,Travel_Rarely,658,Sales,10,4,Marketing,954,1,Male,67,2,3,Sales Executive,2,Divorced,9705,20652,2,No,12,3,2,1,11,2,2,1,0,0,0,0,0.9885658135065539,Medium,0,0,0.25,8023.0,808.75,2,2,2,1,7,0,0,2
26,No,Travel_Frequently,1283,Sales,1,3,Medical,956,3,Male,52,2,2,Sales Executive,1,Single,4294,11148,1,No,12,3,2,0,7,2,3,7,7,0,7,0,0.7804041636149283,Medium,0,0,2.3333333333333335,3776.4,536.75,1,2,3,1,7,2,0,2
41,No,Travel_Rarely,263,Research & Development,6,3,Medical,957,4,Male,59,3,1,Laboratory Technician,1,Single,4721,3119,2,Yes,13,3,3,0,20,3,3,18,13,2,17,0,1.6939876230345041,Medium,1,0,9.0,4132.6,224.8095238095238,2,1,3,1,2,2,1,2
36,No,Travel_Rarely,938,Research & Development,2,4,Medical,958,3,Male,79,3,1,Laboratory Technician,3,Single,2519,12287,4,No,21,4,3,0,16,6,3,11,8,3,9,0,0.9038667279016979,High,0,0,5.5,3611.3999999999996,148.1764705882353,2,1,3,1,2,2,0,0
19,Yes,Travel_Rarely,419,Sales,21,3,Other,959,4,Male,37,2,1,Sales Representative,2,Single,2121,9947,1,Yes,13,3,2,0,1,3,4,1,0,0,0,1,0.7610565025325531,Medium,1,0,0.5,2572.6,1060.5,2,2,4,1,8,2,1,2
20,Yes,Travel_Rarely,129,Research & Development,4,3,Technical Degree,960,1,Male,84,3,1,Laboratory Technician,1,Single,2973,13008,1,No,19,3,2,0,1,2,3,1,0,0,0,1,1.0667708543278078,High,0,0,0.5,3683.8,1486.5,2,1,5,1,2,2,0,0
31,No,Travel_Rarely,616,Research & Development,12,3,Medical,961,4,Female,41,3,2,Healthcare Representative,4,Married,5855,17369,0,Yes,11,3,3,2,10,2,1,9,7,8,5,0,1.0641048854134618,Low,1,1,3.0,6613.0,532.2727272727273,2,1,3,0,0,1,1,1
40,No,Travel_Frequently,1469,Research & Development,9,4,Medical,964,4,Male,35,3,1,Research Scientist,2,Divorced,3617,25063,8,Yes,14,3,4,1,3,2,3,1,1,0,0,0,1.2978507164829065,Medium,1,0,0.5,4570.2,904.25,1,1,3,1,6,0,1,2
32,No,Travel_Rarely,498,Research & Development,3,4,Medical,966,3,Female,93,3,2,Manufacturing Director,1,Married,6725,13554,1,No,12,3,3,1,8,2,4,8,7,6,3,0,1.2222212390103382,Medium,0,0,2.6666666666666665,6235.0,747.2222222222222,2,1,3,0,4,1,0,2
36,Yes,Travel_Rarely,530,Sales,3,1,Life Sciences,967,3,Male,51,2,3,Sales Executive,4,Married,10325,5518,1,Yes,11,3,1,1,16,6,3,16,7,3,7,1,1.0517199406960505,Low,1,1,4.0,8295.0,607.3529411764706,2,2,1,1,7,1,1,1
33,No,Travel_Rarely,1069,Research & Development,1,3,Life Sciences,969,2,Female,42,2,2,Healthcare Representative,4,Single,6949,12291,0,No,14,3,1,0,6,3,3,5,0,1,4,0,1.2629316564881548,Medium,0,0,1.6666666666666667,5569.4,992.7142857142857,2,1,1,0,0,2,0,2
37,Yes,Travel_Rarely,625,Sales,1,4,Life Sciences,970,1,Male,46,2,3,Sales Executive,3,Married,10609,14922,5,No,11,3,3,0,17,2,1,14,1,11,7,1,1.0806486054086586,Low,0,0,3.5,7465.4,589.3888888888889,2,2,1,1,7,1,0,1
45,No,Non-Travel,805,Research & Development,4,2,Life Sciences,972,3,Male,57,3,2,Laboratory Technician,2,Married,4447,23163,1,No,12,3,2,0,9,5,2,9,7,0,8,0,0.8082108326957582,Medium,0,0,3.0,3868.2,444.7,0,1,1,1,2,1,0,2
29,No,Travel_Frequently,1404,Sales,20,3,Technical Degree,974,3,Female,84,3,1,Sales Representative,4,Married,2157,18203,1,No,15,3,2,1,3,5,3,3,1,0,2,0,0.7739740103548878,High,0,0,1.5,3794.2,539.25,1,2,5,0,8,1,0,0
35,No,Travel_Rarely,1219,Sales,18,3,Medical,975,3,Female,86,3,2,Sales Executive,3,Married,4601,6179,1,No,16,3,2,0,5,3,3,5,2,1,0,0,0.8361992447117571,High,0,0,1.6666666666666667,4360.6,766.8333333333334,2,2,3,0,7,1,0,0
52,No,Travel_Rarely,1053,Research & Development,1,2,Life Sciences,976,4,Male,70,3,4,Manager,4,Married,17099,13829,2,No,15,3,2,1,26,2,2,9,8,7,8,0,1.1028921121503517,High,0,0,1.8,12759.4,633.2962962962963,2,1,1,1,3,1,0,0
58,Yes,Travel_Rarely,289,Research & Development,2,3,Technical Degree,977,4,Male,51,3,1,Research Scientist,3,Single,2479,26227,4,No,24,4,1,0,7,4,3,1,0,0,0,1,0.8895139414324371,High,0,0,0.5,3887.3999999999996,309.875,2,1,5,1,6,2,0,0
53,No,Travel_Rarely,1376,Sales,2,2,Medical,981,3,Male,45,3,4,Manager,3,Divorced,14852,13938,6,No,13,3,3,1,22,3,4,17,13,15,2,0,0.9579597432397814,Medium,0,0,3.4,11211.199999999999,645.7391304347826,2,2,3,1,3,0,0,2
30,No,Travel_Rarely,231,Sales,8,2,Other,982,3,Male,62,3,3,Sales Executive,3,Divorced,7264,9977,5,No,11,3,1,1,10,2,4,8,4,7,7,0,0.7399219030717783,Low,0,0,2.0,6458.4,660.3636363636364,2,2,4,1,7,0,0,1
38,No,Non-Travel,152,Sales,10,3,Technical Degree,983,3,Female,85,3,2,Sales Executive,4,Single,5666,19899,1,Yes,13,3,2,0,6,1,3,5,3,1,3,0,1.0297554706665542,Medium,1,0,1.6666666666666667,4699.6,809.4285714285714,0,2,5,0,7,2,1,2
35,No,Travel_Rarely,882,Sales,3,4,Life Sciences,984,4,Male,92,3,3,Sales Executive,4,Divorced,7823,6812,6,No,13,3,2,1,12,2,3,10,9,0,8,0,0.7968624790377921,Medium,0,0,2.5,6993.8,601.7692307692307,2,2,1,1,7,0,0,2
39,No,Travel_Rarely,903,Sales,2,5,Life Sciences,985,1,Male,41,4,3,Sales Executive,3,Single,7880,2560,0,No,18,3,4,0,9,3,3,8,7,0,7,0,0.802668584279407,High,0,0,2.0,6528.0,788.0,2,2,1,1,7,2,0,0
40,Yes,Non-Travel,1479,Sales,24,3,Life Sciences,986,2,Female,100,4,4,Sales Executive,2,Single,13194,17071,4,Yes,16,3,4,0,22,2,2,1,0,0,0,1,0.8510181020943762,High,1,0,0.2,9516.4,573.6521739130435,0,2,1,0,7,2,1,0
47,No,Travel_Frequently,1379,Research & Development,16,4,Medical,987,3,Male,64,4,2,Manufacturing Director,3,Divorced,5067,6759,1,Yes,19,3,3,0,20,3,4,19,10,2,7,0,0.9208914525004288,High,1,0,6.333333333333333,4940.2,241.28571428571428,1,1,3,1,4,0,1,0
36,No,Non-Travel,1229,Sales,8,4,Technical Degree,990,1,Male,84,3,2,Sales Executive,4,Divorced,5079,25952,4,No,13,3,4,2,12,3,3,7,7,0,7,0,0.9230723677224547,Medium,0,0,2.3333333333333335,6347.4,390.6923076923077,0,2,5,1,7,0,0,2
31,Yes,Non-Travel,335,Research & Development,9,2,Medical,991,3,Male,46,2,1,Research Scientist,1,Single,2321,10322,0,Yes,22,4,1,0,4,0,3,3,2,1,2,1,0.832820434878857,High,1,0,1.5,3592.6,464.2,0,1,3,1,6,2,1,0
33,No,Non-Travel,722,Sales,17,3,Life Sciences,992,4,Male,38,3,4,Manager,3,Single,17444,20489,1,No,11,3,4,0,10,2,3,10,8,6,0,0,1.1251447455611867,Low,0,0,2.0,11566.4,1585.8181818181818,0,2,1,1,3,2,0,1
29,Yes,Travel_Rarely,906,Research & Development,10,3,Life Sciences,994,4,Female,92,2,1,Research Scientist,1,Single,2404,11479,6,Yes,20,4,3,0,3,5,3,0,0,0,0,1,0.8626024668025731,High,1,0,0.0,3442.3999999999996,601.0,2,1,1,0,6,2,1,0
33,No,Travel_Rarely,461,Research & Development,13,1,Life Sciences,995,2,Female,53,3,1,Research Scientist,4,Single,3452,17241,3,No,18,3,1,0,5,4,3,3,2,0,2,0,1.2386454722972058,High,0,0,1.5,3871.2,575.3333333333334,2,1,1,0,6,2,0,0
45,No,Travel_Rarely,974,Research & Development,1,4,Medical,996,4,Female,91,3,1,Laboratory Technician,4,Divorced,2270,11005,3,No,14,3,4,2,8,2,3,5,3,0,2,0,0.8145206321305495,Medium,0,0,2.5,4762.0,252.22222222222223,2,1,3,0,2,0,0,2
50,No,Travel_Rarely,1126,Research & Development,1,2,Medical,997,4,Male,66,3,4,Research Director,4,Divorced,17399,6615,9,No,22,4,3,1,32,1,2,5,4,1,3,0,1.1222422281597735,High,0,0,1.0,13639.4,527.2424242424242,2,1,3,1,5,0,0,0
33,No,Travel_Frequently,827,Research & Development,1,4,Other,998,3,Female,84,4,2,Healthcare Representative,2,Married,5488,20161,1,Yes,13,3,1,1,6,2,3,6,5,1,2,0,0.9974052282065036,Medium,1,0,2.0,5592.799999999999,784.0,1,1,4,0,0,1,1,2
41,No,Travel_Frequently,840,Research & Development,9,3,Medical,999,1,Male,64,3,5,Research Director,3,Divorced,19419,3735,2,No,17,3,2,1,21,2,4,18,16,0,11,0,1.0118370139461548,High,0,0,3.0,14351.4,882.6818181818181,1,1,3,1,5,0,0,0
27,No,Travel_Rarely,1134,Research & Development,16,4,Technical Degree,1001,3,Female,37,3,1,Laboratory Technician,2,Married,2811,12086,9,No,14,3,2,1,4,2,3,2,2,2,2,0,1.0086420691273017,Medium,0,0,1.0,4086.6,562.2,2,1,5,0,2,1,0,2
45,No,Non-Travel,248,Research & Development,23,2,Life Sciences,1002,4,Male,42,3,2,Laboratory Technician,1,Married,3633,14039,1,Yes,15,3,3,1,9,2,3,9,8,0,8,0,0.6602720834683359,High,1,0,3.0,4679.799999999999,363.3,0,1,1,1,2,1,1,0
47,No,Travel_Rarely,955,Sales,4,2,Life Sciences,1003,4,Female,83,3,2,Sales Executive,4,Single,4163,8571,1,Yes,17,3,3,0,9,0,3,9,0,0,7,0,0.7565958391078124,High,1,0,3.0,4197.799999999999,416.3,2,2,1,0,7,2,1,0
30,Yes,Travel_Rarely,138,Research & Development,22,3,Life Sciences,1004,1,Female,48,3,1,Research Scientist,3,Married,2132,11539,4,Yes,11,3,2,0,7,2,3,5,2,0,1,1,0.7650035188115998,Low,1,1,2.5,2379.2,266.5,2,1,1,0,6,1,1,1
50,No,Travel_Rarely,939,Research & Development,24,3,Life Sciences,1005,4,Male,95,3,4,Manufacturing Director,3,Married,13973,4161,3,Yes,18,3,4,1,22,2,3,12,11,1,5,0,0.9012639033321751,High,1,0,2.4,11183.8,607.5217391304348,2,1,1,1,4,1,1,0
38,No,Travel_Frequently,1391,Research & Development,10,1,Medical,1006,3,Male,66,3,1,Research Scientist,3,Married,2684,12127,0,No,17,3,2,1,3,0,2,2,1,0,2,0,0.9630719720873987,High,0,0,1.0,4310.4,671.0,1,1,3,1,6,1,0,0
46,No,Travel_Rarely,566,Research & Development,7,2,Medical,1007,4,Male,75,3,3,Manufacturing Director,3,Divorced,10845,24208,6,No,13,3,2,1,13,3,3,8,7,0,7,0,1.104687918338854,Medium,0,0,2.0,8807.0,774.6428571428571,2,1,3,1,4,0,0,2
24,No,Travel_Rarely,1206,Research & Development,17,1,Medical,1009,4,Female,41,2,2,Manufacturing Director,3,Divorced,4377,24117,1,No,15,3,2,2,5,6,3,4,2,3,2,0,0.7954888272339407,High,0,0,1.3333333333333333,6126.2,729.5,2,1,3,0,4,0,0,0
35,Yes,Travel_Rarely,622,Research & Development,14,4,Other,1010,3,Male,39,2,1,Laboratory Technician,2,Divorced,3743,10074,1,Yes,24,4,4,1,5,2,1,4,2,0,2,1,1.343061993861078,High,1,0,2.0,5645.799999999999,623.8333333333334,2,1,4,1,2,0,1,0
31,No,Travel_Frequently,853,Research & Development,1,1,Life Sciences,1011,3,Female,96,3,2,Manufacturing Director,1,Married,4148,11275,1,No,12,3,3,1,4,1,3,4,3,0,3,0,0.75386969508028,Medium,0,0,1.3333333333333333,4688.799999999999,829.6,1,1,1,0,4,1,0,2
18,No,Non-Travel,287,Research & Development,5,2,Life Sciences,1012,2,Male,73,3,1,Research Scientist,4,Single,1051,13493,1,No,15,3,4,0,0,2,3,0,0,0,0,0,0.37711946447982714,High,0,0,0.0,2130.6,1051.0,0,1,1,1,6,2,0,0
54,No,Travel_Rarely,1441,Research & Development,17,3,Technical Degree,1013,3,Female,56,3,3,Manufacturing Director,3,Married,10739,13943,8,No,11,3,3,1,22,2,3,10,7,0,8,0,1.0938905998193593,Low,0,0,2.5,8543.4,466.9130434782609,2,1,5,0,4,1,0,1
35,No,Travel_Rarely,583,Research & Development,25,4,Medical,1014,3,Female,57,3,3,Healthcare Representative,3,Divorced,10388,6975,1,Yes,11,3,3,1,16,3,2,16,10,10,1,0,1.058137214910467,Low,1,1,4.0,8332.8,611.0588235294117,2,1,3,0,0,0,1,1
30,No,Travel_Rarely,153,Research & Development,8,2,Life Sciences,1015,2,Female,73,4,3,Research Director,1,Married,11416,17802,0,Yes,12,3,3,3,9,4,2,8,7,1,7,0,1.162850832250471,Medium,1,0,2.0,11049.599999999999,1141.6,2,1,1,0,5,1,1,2
20,Yes,Travel_Rarely,1097,Research & Development,11,3,Medical,1016,4,Female,98,2,1,Research Scientist,1,Single,2600,18275,1,Yes,15,3,1,0,1,2,3,1,0,0,0,1,0.932931120501951,High,1,0,0.5,3060.0,1300.0,2,1,3,0,6,2,1,0
30,Yes,Travel_Frequently,109,Research & Development,5,3,Medical,1017,2,Female,60,3,1,Laboratory Technician,2,Single,2422,25725,0,No,17,3,1,0,4,3,3,3,2,1,2,1,0.8690612207137405,High,0,0,1.5,3153.2,484.4,1,1,3,0,2,2,0,0
26,No,Travel_Rarely,1066,Research & Development,2,2,Medical,1018,4,Male,32,4,2,Manufacturing Director,4,Married,5472,3334,1,No,12,3,2,0,8,2,3,8,7,1,3,0,0.9944973412438024,Medium,0,0,2.6666666666666665,4483.2,608.0,2,1,3,1,4,1,0,2
22,No,Travel_Rarely,217,Research & Development,8,1,Life Sciences,1019,2,Male,94,1,1,Laboratory Technician,1,Married,2451,6881,1,No,15,3,1,1,4,3,2,4,3,1,1,0,0.8794669909039545,High,0,0,2.0,3970.6,490.2,2,1,1,1,2,1,0,0
48,No,Travel_Rarely,277,Research & Development,6,3,Life Sciences,1022,1,Male,97,2,2,Healthcare Representative,3,Single,4240,13119,2,No,13,3,4,0,19,0,3,2,2,2,2,0,0.7705900451158118,Medium,0,0,0.6666666666666666,3844.0,212.0,2,1,1,1,0,2,0,2
48,No,Travel_Rarely,1355,Research & Development,4,4,Life Sciences,1024,3,Male,78,2,3,Healthcare Representative,3,Single,10999,22245,7,No,14,3,2,0,27,3,3,15,11,4,8,0,1.1203745886407612,Medium,0,0,3.75,7999.4,392.82142857142856,2,1,1,1,0,2,0,2
41,No,Travel_Rarely,549,Research & Development,7,2,Medical,1025,4,Female,42,3,2,Manufacturing Director,3,Single,5003,23371,6,No,14,3,2,0,8,6,3,2,2,2,1,0,0.9092599046496241,Medium,0,0,0.6666666666666666,4401.799999999999,555.8888888888889,2,1,3,0,4,2,0,2
39,No,Travel_Rarely,466,Research & Development,1,1,Life Sciences,1026,4,Female,65,2,4,Manufacturing Director,4,Married,12742,7060,1,No,16,3,3,1,21,3,3,21,6,11,8,0,0.8218639273068472,High,0,0,4.2,10245.2,579.1818181818181,2,1,1,0,4,1,0,0
27,No,Travel_Rarely,1055,Research & Development,2,4,Life Sciences,1027,1,Female,47,3,2,Manufacturing Director,4,Married,4227,4658,0,No,18,3,2,1,4,2,3,3,2,2,2,0,0.768227386958617,High,0,0,1.0,5336.2,845.4,2,1,1,0,4,1,0,0
35,No,Travel_Rarely,802,Research & Development,10,3,Other,1028,2,Male,45,3,1,Laboratory Technician,4,Divorced,3917,9541,1,No,20,4,1,1,3,4,2,3,2,1,2,0,1.4054966150023622,High,0,0,1.5,5350.2,979.25,2,1,4,1,2,0,0,0
42,No,Travel_Rarely,265,Sales,5,2,Marketing,1029,4,Male,90,3,5,Manager,3,Married,18303,7770,6,No,13,3,2,0,21,3,4,1,0,0,0,0,0.9536872581624424,Medium,0,0,0.16666666666666666,12281.8,831.9545454545455,2,2,2,1,3,1,0,2
50,No,Travel_Rarely,804,Research & Development,9,3,Life Sciences,1030,1,Male,64,3,1,Laboratory Technician,4,Married,2380,20165,4,No,18,3,2,0,8,5,3,1,0,0,0,0,0.8539907949210167,High,0,0,0.5,3228.0,264.44444444444446,2,1,1,1,2,1,0,0
59,No,Travel_Rarely,715,Research & Development,2,3,Life Sciences,1032,3,Female,69,2,4,Manufacturing Director,4,Single,13726,21829,3,Yes,13,3,1,0,30,4,3,5,3,4,3,0,0.8853323078177511,Medium,1,0,1.0,9535.6,442.7741935483871,2,1,1,0,4,2,1,2
37,Yes,Travel_Rarely,1141,Research & Development,11,2,Medical,1033,1,Female,61,1,2,Healthcare Representative,2,Married,4777,14382,5,No,15,3,1,0,15,2,1,1,0,0,0,1,0.8681860013014701,High,0,0,0.3333333333333333,4366.2,298.5625,2,1,3,0,0,1,0,0
55,No,Travel_Frequently,135,Research & Development,18,4,Medical,1034,3,Male,62,3,2,Healthcare Representative,2,Married,6385,12992,3,Yes,14,3,4,2,17,3,3,8,7,6,7,0,1.1604286410529383,Medium,1,0,2.6666666666666665,7231.0,354.72222222222223,1,1,3,1,0,1,1,2
41,No,Non-Travel,247,Research & Development,7,1,Life Sciences,1035,2,Female,55,1,5,Research Director,3,Divorced,19973,20284,1,No,22,4,2,2,21,3,3,21,16,5,10,0,1.0407034697742699,High,0,0,3.5,16183.8,907.8636363636364,0,1,1,0,5,0,0,0
38,No,Travel_Rarely,1035,Sales,3,4,Life Sciences,1036,2,Male,42,3,2,Sales Executive,4,Single,6861,4981,8,Yes,12,3,3,0,19,1,3,1,0,0,0,0,1.2469382781932983,Medium,1,0,0.3333333333333333,5316.599999999999,343.05,2,2,1,1,7,2,1,2
26,Yes,Non-Travel,265,Sales,29,2,Medical,1037,2,Male,79,1,2,Sales Executive,1,Single,4969,21813,8,No,18,3,4,0,7,6,3,2,2,2,2,1,0.9030806448538842,High,0,0,0.6666666666666666,4781.4,621.125,0,2,3,1,7,2,0,0
52,Yes,Travel_Rarely,266,Sales,2,1,Marketing,1038,1,Female,57,1,5,Manager,4,Married,19845,25846,1,No,15,3,4,1,33,3,3,32,14,6,9,1,1.034033963734561,High,0,0,5.333333333333333,14407.0,583.6764705882352,2,2,2,0,3,1,0,0
44,No,Travel_Rarely,1448,Sales,28,3,Medical,1039,4,Female,53,4,4,Sales Executive,4,Married,13320,11737,3,Yes,18,3,3,1,23,2,3,12,11,11,11,0,0.8591451508183334,High,1,0,2.4,10792.0,555.0,2,2,3,0,7,1,1,0
50,No,Non-Travel,145,Sales,1,3,Life Sciences,1040,4,Female,95,3,2,Sales Executive,3,Married,6347,24920,0,No,12,3,1,1,19,3,3,18,7,0,13,0,1.153522409516523,Medium,0,0,6.0,6008.2,317.35,0,2,1,0,7,1,0,2
36,Yes,Travel_Rarely,885,Research & Development,16,4,Life Sciences,1042,3,Female,43,4,1,Laboratory Technician,1,Single,2743,8269,1,No,16,3,3,0,18,1,3,17,13,15,14,1,0.9842423321295583,High,0,0,8.5,3245.8,144.3684210526316,2,1,1,0,2,2,0,0
39,No,Travel_Frequently,945,Research & Development,22,3,Medical,1043,4,Female,82,3,3,Manufacturing Director,1,Single,10880,5083,1,Yes,13,3,3,0,21,2,3,21,6,2,8,0,1.1082530706801965,Medium,1,0,5.25,7828.0,494.54545454545456,1,1,3,0,4,2,1,2
33,No,Non-Travel,1038,Sales,8,1,Life Sciences,1044,2,Female,88,2,1,Sales Representative,4,Single,2342,21437,0,No,19,3,4,0,3,2,2,2,2,2,2,0,0.840355647775219,High,0,0,1.0,3305.2,585.5,0,2,1,0,8,2,0,0
45,No,Travel_Rarely,1234,Sales,11,2,Life Sciences,1045,4,Female,90,3,4,Manager,4,Married,17650,5404,3,No,13,3,2,1,26,4,4,9,3,1,1,0,1.1384318252209897,Medium,0,0,1.8,12890.0,653.7037037037037,2,2,1,0,3,1,0,2
32,No,Non-Travel,1109,Research & Development,29,4,Medical,1046,4,Female,69,3,1,Laboratory Technician,3,Single,4025,11135,9,No,12,3,2,0,10,2,3,8,7,7,7,0,1.4442491384693665,Medium,0,0,4.0,3615.0,365.90909090909093,0,1,3,0,2,2,0,2
34,No,Travel_Rarely,216,Sales,1,4,Marketing,1047,2,Male,75,4,2,Sales Executive,4,Divorced,9725,12278,0,No,11,3,4,1,16,2,2,15,1,0,9,0,1.7674500445168089,Low,0,0,5.0,7935.0,572.0588235294117,2,2,2,1,7,0,0,1
59,No,Travel_Rarely,1089,Sales,1,2,Technical Degree,1048,2,Male,66,3,3,Manager,4,Married,11904,11038,3,Yes,14,3,3,1,14,1,1,6,4,0,4,0,1.2125592420383327,Medium,1,0,1.5,9542.4,793.6,2,2,5,1,3,1,1,2
45,No,Travel_Rarely,788,Human Resources,24,4,Medical,1049,2,Male,36,3,1,Human Resources,2,Single,2177,8318,1,No,16,3,1,0,6,3,3,6,3,0,4,0,0.7811504035895181,High,0,0,3.0,2906.2,311.0,2,0,3,1,1,2,0,0
53,No,Travel_Frequently,124,Sales,2,3,Marketing,1050,3,Female,38,2,3,Sales Executive,2,Married,7525,23537,2,No,12,3,1,1,30,2,3,15,7,6,12,0,0.766507753388647,Medium,0,0,3.75,6715.0,242.74193548387098,1,2,2,0,7,1,0,2
36,Yes,Travel_Rarely,660,Research & Development,15,3,Other,1052,1,Male,81,3,2,Laboratory Technician,3,Divorced,4834,7858,7,No,14,3,2,1,9,3,2,1,0,0,0,1,0.878545348606093,Medium,0,0,0.3333333333333333,5300.4,483.4,2,1,4,1,2,0,0,2
26,Yes,Travel_Frequently,342,Research & Development,2,3,Life Sciences,1053,1,Male,57,3,1,Research Scientist,1,Married,2042,15346,6,Yes,14,3,2,1,6,2,3,3,2,1,2,1,0.732709749255763,Medium,1,0,1.5,3625.2,291.7142857142857,1,1,1,1,6,1,1,2
34,No,Travel_Rarely,1333,Sales,10,4,Life Sciences,1055,3,Female,87,3,1,Sales Representative,3,Married,2220,18410,1,Yes,19,3,4,1,1,2,3,1,1,0,0,0,0.7965796490439735,High,1,0,0.5,4232.0,1110.0,2,2,1,0,8,1,1,0
28,No,Travel_Rarely,1144,Sales,10,1,Medical,1056,4,Male,74,3,1,Sales Representative,2,Married,1052,23384,1,No,22,4,2,0,1,5,3,1,0,0,0,0,0.37747828414155865,High,0,0,0.5,2831.2,526.0,2,2,3,1,8,1,0,0
38,No,Travel_Frequently,1186,Research & Development,3,4,Other,1060,3,Male,44,3,1,Research Scientist,3,Married,2821,2997,3,No,16,3,1,1,8,2,3,2,2,2,2,0,1.012230265744617,High,0,0,1.0,4292.6,313.44444444444446,1,1,4,1,6,1,0,0
50,No,Travel_Rarely,1464,Research & Development,2,4,Medical,1061,2,Male,62,3,5,Research Director,3,Married,19237,12853,2,Yes,11,3,4,1,29,2,2,8,1,7,7,0,1.0023538100459435,Low,1,1,1.3333333333333333,13642.199999999999,641.2333333333333,2,1,3,1,5,1,1,1
37,No,Travel_Rarely,124,Research & Development,3,3,Other,1062,4,Female,35,3,2,Healthcare Representative,2,Single,4107,13848,3,No,15,3,1,0,8,3,2,4,3,0,1,0,0.7464182347383582,High,0,0,1.3333333333333333,3964.2,456.3333333333333,2,1,4,0,0,2,0,0
40,No,Travel_Rarely,300,Sales,26,3,Marketing,1066,3,Male,74,3,2,Sales Executive,1,Married,8396,22217,1,No,14,3,2,1,8,3,2,7,7,7,5,0,1.5259136836774425,Medium,0,0,2.3333333333333335,7437.599999999999,932.8888888888889,2,2,2,1,7,1,0,2
26,No,Travel_Frequently,921,Research & Development,1,1,Medical,1068,1,Female,66,2,1,Research Scientist,3,Divorced,2007,25265,1,No,13,3,3,2,5,5,3,5,3,1,3,0,0.7201510610951599,Medium,0,0,2.5,4504.2,334.5,1,1,3,0,6,0,0,2
46,No,Travel_Rarely,430,Research & Development,1,4,Medical,1069,4,Male,40,3,5,Research Director,4,Divorced,19627,21445,9,No,17,3,4,2,23,0,3,2,2,2,2,0,1.0226749612606818,High,0,0,0.3333333333333333,15476.199999999999,817.7916666666666,2,1,3,1,5,0,0,0
54,No,Travel_Rarely,1082,Sales,2,4,Life Sciences,1070,3,Female,41,2,3,Sales Executive,3,Married,10686,8392,6,No,11,3,2,1,13,4,3,9,4,7,0,0,1.088491940559612,Low,0,0,2.25,8511.599999999999,763.2857142857143,2,2,1,0,7,1,0,1
56,No,Travel_Frequently,1240,Research & Development,9,3,Medical,1071,1,Female,63,3,1,Research Scientist,3,Married,2942,12154,2,No,19,3,2,1,18,4,3,5,4,0,3,0,1.0556474448141306,High,0,0,2.5,4665.2,154.8421052631579,1,1,3,0,6,1,0,0
36,No,Travel_Rarely,796,Research & Development,12,5,Medical,1073,4,Female,51,2,3,Manufacturing Director,4,Single,8858,15669,0,No,11,3,2,0,15,2,2,14,8,7,8,0,0.9022891268460644,Low,0,0,3.5,6414.8,553.625,2,1,3,0,4,2,0,1
55,No,Non-Travel,444,Research & Development,2,1,Medical,1074,3,Male,40,2,4,Manager,1,Single,16756,17323,7,No,15,3,2,0,31,3,4,9,7,6,2,0,1.0807684795129124,High,0,0,1.8,11553.6,523.625,0,1,3,1,3,2,0,0
43,No,Travel_Rarely,415,Sales,25,3,Medical,1076,3,Male,79,2,3,Sales Executive,4,Divorced,10798,5268,5,No,13,3,3,1,18,5,3,1,0,0,0,0,1.0999004280519082,Medium,0,0,0.25,8778.8,568.3157894736842,2,2,3,1,7,0,0,2
20,Yes,Travel_Frequently,769,Sales,9,3,Marketing,1077,4,Female,54,3,1,Sales Representative,4,Single,2323,17205,1,Yes,14,3,2,0,2,3,3,2,2,0,2,1,0.8335380742023201,Medium,1,0,1.0,2793.8,774.3333333333334,1,2,2,0,8,2,1,2
21,Yes,Travel_Rarely,1334,Research & Development,10,3,Life Sciences,1079,3,Female,36,2,1,Laboratory Technician,1,Single,1416,17258,1,No,13,3,1,0,1,6,2,1,0,1,0,1,0.5080886410118318,Medium,0,0,0.5,2149.6,708.0,2,1,1,0,2,2,0,2
46,No,Travel_Rarely,1003,Research & Development,8,4,Life Sciences,1080,4,Female,74,2,2,Research Scientist,1,Divorced,4615,21029,8,Yes,23,4,1,3,19,2,3,16,13,1,7,0,0.8387436458041206,High,1,0,5.333333333333333,8069.0,230.75,2,1,1,0,6,0,1,0
51,Yes,Travel_Rarely,1323,Research & Development,4,4,Life Sciences,1081,1,Male,34,3,1,Research Scientist,3,Married,2461,10332,9,Yes,12,3,3,3,18,2,4,10,0,2,7,1,0.8830551875212698,Medium,1,0,5.0,5676.6,129.52631578947367,2,1,1,1,6,1,1,2
28,Yes,Non-Travel,1366,Research & Development,24,2,Technical Degree,1082,2,Male,72,2,3,Healthcare Representative,1,Single,8722,12355,1,No,12,3,1,0,10,2,2,10,7,1,9,1,0.8884359634625619,Medium,0,0,2.5,6433.2,792.9090909090909,0,1,5,1,0,2,0,2
26,No,Travel_Rarely,192,Research & Development,1,2,Medical,1083,1,Male,59,2,1,Laboratory Technician,1,Married,3955,11141,1,No,16,3,1,2,6,2,3,5,3,1,3,0,1.41913176214816,High,0,0,2.5,5973.0,565.0,2,1,3,1,2,1,0,0
30,No,Travel_Rarely,1176,Research & Development,20,3,Other,1084,3,Male,85,3,2,Manufacturing Director,1,Married,9957,9096,0,No,15,3,3,1,7,1,2,6,2,0,2,0,1.809614405475976,High,0,0,2.0,8474.2,1244.625,2,1,4,1,4,1,0,0
41,No,Travel_Rarely,509,Research & Development,7,2,Technical Degree,1085,2,Female,43,4,1,Research Scientist,3,Married,3376,18863,1,No,13,3,3,0,10,3,3,10,6,0,8,0,1.2113751780056101,Medium,0,0,5.0,3325.6,306.90909090909093,2,1,5,0,6,1,0,2
38,No,Travel_Rarely,330,Research & Development,17,1,Life Sciences,1088,3,Female,65,2,3,Healthcare Representative,3,Married,8823,24608,0,No,18,3,1,1,20,4,2,19,9,1,9,0,0.8987239745047219,High,0,0,4.75,8093.8,420.14285714285717,2,1,1,0,0,1,0,0
40,No,Travel_Rarely,1492,Research & Development,20,4,Technical Degree,1092,1,Male,61,3,3,Healthcare Representative,4,Married,10322,26542,4,No,20,4,4,1,14,6,3,11,10,11,1,0,1.0514143562096496,High,0,0,2.75,9193.2,688.1333333333333,2,1,5,1,0,1,0,0
27,No,Non-Travel,1277,Research & Development,8,5,Life Sciences,1094,1,Male,87,1,1,Laboratory Technician,3,Married,4621,5869,1,No,19,3,4,3,3,4,3,3,2,1,2,0,1.6581056568613521,High,0,0,1.5,7672.6,1155.25,0,1,1,1,2,1,0,0
55,No,Travel_Frequently,1091,Research & Development,2,1,Life Sciences,1096,4,Male,65,3,3,Manufacturing Director,2,Married,10976,15813,3,No,18,3,2,1,23,4,3,3,2,1,2,0,1.1180317742450216,High,0,0,0.75,9385.599999999999,457.3333333333333,1,1,1,1,4,1,0,0
28,No,Travel_Rarely,857,Research & Development,10,3,Other,1097,3,Female,59,3,2,Research Scientist,3,Single,3660,7909,3,No,13,3,4,0,10,4,4,8,7,1,7,0,0.6651791427178941,Medium,0,0,2.6666666666666665,3496.0,332.72727272727275,2,1,4,0,6,2,0,2
44,Yes,Travel_Rarely,1376,Human Resources,1,2,Medical,1098,2,Male,91,2,3,Human Resources,1,Married,10482,2326,9,No,14,3,4,1,24,1,3,20,6,3,6,1,1.0677121954843585,Medium,0,0,5.0,8689.2,419.28,2,0,3,1,1,1,0,2
33,No,Travel_Rarely,654,Research & Development,5,3,Life Sciences,1099,4,Male,34,2,3,Healthcare Representative,4,Divorced,7119,21214,4,No,15,3,3,1,9,2,3,3,2,1,2,0,0.7251519862290734,High,0,0,0.75,6771.4,711.9,2,1,1,1,0,0,0,0
35,Yes,Travel_Rarely,1204,Sales,4,3,Technical Degree,1100,4,Male,86,3,3,Sales Executive,1,Single,9582,10333,0,Yes,22,4,1,0,9,2,3,8,7,4,7,1,0.9760368495641216,High,1,0,2.0,7949.2,958.2,2,2,5,1,7,2,1,0
33,Yes,Travel_Frequently,827,Research & Development,29,4,Medical,1101,1,Female,54,2,2,Research Scientist,3,Single,4508,3129,1,No,22,4,2,0,14,4,3,13,7,3,8,1,0.8192971517410566,High,0,0,4.333333333333333,4904.799999999999,300.53333333333336,1,1,3,0,6,2,0,0
28,No,Travel_Rarely,895,Research & Development,15,2,Life Sciences,1102,1,Male,50,3,1,Laboratory Technician,3,Divorced,2207,22482,1,No,16,3,4,1,4,5,2,4,2,2,2,0,0.7919149934414638,High,0,0,2.0,3924.2,441.4,2,1,1,1,2,0,0,0
34,No,Travel_Frequently,618,Research & Development,3,1,Life Sciences,1103,1,Male,45,3,2,Healthcare Representative,4,Single,7756,22266,0,No,17,3,3,0,7,1,2,6,2,0,4,0,1.4095982051693954,High,0,0,2.0,6353.599999999999,969.5,1,1,1,1,0,2,0,0
37,No,Travel_Rarely,309,Sales,10,4,Life Sciences,1105,4,Female,88,2,2,Sales Executive,4,Divorced,6694,24223,2,Yes,14,3,3,3,8,5,3,1,0,0,0,0,1.2165872080201048,Medium,1,0,0.3333333333333333,8416.4,743.7777777777778,2,2,1,0,7,0,1,2
25,Yes,Travel_Rarely,1219,Research & Development,4,1,Technical Degree,1106,4,Male,32,3,1,Laboratory Technician,4,Married,3691,4605,1,Yes,15,3,2,1,7,3,4,7,7,5,6,1,1.3244033714510388,High,1,0,3.5,4714.6,461.375,2,1,5,1,2,1,1,0
26,Yes,Travel_Rarely,1330,Research & Development,21,3,Medical,1107,1,Male,37,3,1,Laboratory Technician,3,Divorced,2377,19373,1,No,20,4,3,1,1,0,2,1,1,0,0,1,0.8529143359358221,High,0,0,0.5,4426.2,1188.5,2,1,3,1,2,0,0,0
33,Yes,Travel_Rarely,1017,Research & Development,25,3,Medical,1108,1,Male,55,2,1,Research Scientist,2,Single,2313,2993,4,Yes,20,4,2,0,5,0,3,2,2,2,2,1,0.8299498775850048,High,1,0,1.0,3387.8,385.5,2,1,3,1,6,2,1,0
42,No,Travel_Rarely,469,Research & Development,2,2,Medical,1109,4,Male,35,3,4,Manager,1,Married,17665,14399,0,No,17,3,4,1,23,3,3,22,6,13,7,0,1.139399331021461,High,0,0,4.4,13299.0,736.0416666666666,2,1,3,1,3,1,0,0
28,Yes,Travel_Frequently,1009,Research & Development,1,3,Medical,1111,1,Male,45,2,1,Laboratory Technician,2,Divorced,2596,7160,1,No,15,3,1,2,1,2,3,1,0,0,0,1,0.9314958418550249,High,0,0,0.5,5057.6,1298.0,1,1,3,1,2,0,0,0
50,Yes,Travel_Frequently,959,Sales,1,4,Other,1113,4,Male,81,3,2,Sales Executive,3,Single,4728,17251,3,Yes,14,3,4,0,5,4,3,0,0,0,0,1,0.8592805974781976,Medium,1,0,0.0,4236.799999999999,788.0,1,2,4,1,7,2,1,2
33,No,Travel_Frequently,970,Sales,7,3,Life Sciences,1114,4,Female,30,3,2,Sales Executive,2,Married,4302,13401,0,No,17,3,3,1,4,3,3,3,2,0,2,0,0.7818581070962789,High,0,0,1.0,5281.2,860.4,1,2,1,0,7,1,0,0
34,No,Non-Travel,697,Research & Development,3,4,Life Sciences,1115,3,Male,40,2,1,Research Scientist,4,Married,2979,22478,3,No,17,3,4,3,6,2,3,0,0,0,0,0,1.068923772298197,High,0,0,0.0,6487.4,425.57142857142856,0,1,1,1,6,1,0,0
48,No,Non-Travel,1262,Research & Development,1,4,Medical,1116,1,Male,35,4,4,Manager,4,Single,16885,16154,2,No,22,4,3,0,27,3,2,5,4,2,1,0,1.089089029396964,High,0,0,1.0,12331.0,603.0357142857143,0,1,3,1,3,2,0,0
45,No,Non-Travel,1050,Sales,9,4,Life Sciences,1117,2,Female,65,2,2,Sales Executive,3,Married,5593,17970,1,No,13,3,4,1,15,2,3,15,10,4,12,0,1.01648823639923,Medium,0,0,5.0,5655.799999999999,349.5625,0,2,1,0,7,1,0,2
52,No,Travel_Rarely,994,Research & Development,7,4,Life Sciences,1118,2,Male,87,3,3,Healthcare Representative,2,Single,10445,15322,7,No,19,3,4,0,18,4,3,8,6,4,0,0,1.063943320152082,High,0,0,2.0,8167.0,549.7368421052631,2,1,1,1,0,2,0,0
38,No,Travel_Rarely,770,Sales,10,4,Marketing,1119,3,Male,73,2,3,Sales Executive,3,Divorced,8740,5569,0,Yes,14,3,2,2,9,2,3,8,7,2,7,0,0.8902694703809667,Medium,1,0,2.0,8644.0,874.0,2,2,2,1,7,0,1,2
29,No,Travel_Rarely,1107,Research & Development,28,4,Life Sciences,1120,3,Female,93,3,1,Research Scientist,4,Divorced,2514,26968,4,No,22,4,1,1,11,1,3,7,5,1,7,0,0.9020726295930404,High,0,0,3.5,4708.4,209.5,2,1,1,0,6,0,0,0
28,No,Travel_Rarely,950,Research & Development,3,3,Medical,1121,4,Female,93,3,3,Manufacturing Director,2,Divorced,7655,8039,0,No,17,3,2,3,10,3,2,9,7,1,7,0,0.7797497477993478,High,0,0,2.25,9293.0,695.9090909090909,2,1,3,0,4,0,0,0
46,No,Travel_Rarely,406,Sales,3,1,Marketing,1124,1,Male,52,3,4,Manager,3,Married,17465,15596,3,No,12,3,4,1,23,3,3,12,9,4,9,0,1.1264992536818463,Medium,0,0,2.4,12679.0,727.7083333333334,2,2,2,1,3,1,0,2
38,No,Travel_Rarely,130,Sales,2,2,Marketing,1125,4,Male,32,3,3,Sales Executive,2,Single,7351,20619,7,No,16,3,3,0,10,2,3,1,0,0,0,0,0.7487838531774011,High,0,0,0.25,6010.599999999999,668.2727272727273,2,2,2,1,7,2,0,0
43,No,Travel_Frequently,1082,Research & Development,27,3,Life Sciences,1126,3,Female,83,3,3,Manufacturing Director,1,Married,10820,11535,8,No,11,3,3,1,18,1,3,8,7,0,1,0,1.1021413809521807,Low,0,0,2.0,8592.0,569.4736842105264,1,1,1,0,4,1,0,1
39,Yes,Travel_Frequently,203,Research & Development,2,3,Life Sciences,1127,1,Male,84,3,4,Healthcare Representative,4,Divorced,12169,13547,7,No,11,3,4,3,21,4,3,18,7,11,5,1,0.7849052057288513,Low,0,0,3.6,11401.4,553.1363636363636,1,1,1,1,0,0,0,1
40,No,Travel_Rarely,1308,Research & Development,14,3,Medical,1128,3,Male,44,2,5,Research Director,3,Single,19626,17544,1,No,14,3,1,0,21,2,4,20,7,4,9,0,1.0226228557447465,Medium,0,0,3.3333333333333335,13175.6,892.0909090909091,2,1,3,1,5,2,0,2
21,No,Travel_Rarely,984,Research & Development,1,1,Technical Degree,1131,4,Female,70,2,1,Research Scientist,2,Single,2070,25326,1,Yes,11,3,3,0,2,6,4,2,2,2,2,0,0.7427566997842456,Low,1,1,1.0,2342.0,690.0,2,1,5,0,6,2,1,1
39,No,Non-Travel,439,Research & Development,9,3,Life Sciences,1132,3,Male,70,3,2,Laboratory Technician,2,Single,6782,8770,9,No,15,3,3,0,9,2,2,5,4,0,3,0,1.2325805863149613,High,0,0,1.6666666666666667,5569.2,678.2,0,1,1,1,2,2,0,0
36,No,Non-Travel,217,Research & Development,18,4,Life Sciences,1133,1,Male,78,3,2,Manufacturing Director,4,Single,7779,23238,2,No,20,4,1,0,18,0,3,11,9,0,9,0,1.4137782926782783,High,0,0,3.6666666666666665,6667.4,409.42105263157896,0,1,1,1,4,2,0,0
31,No,Travel_Frequently,793,Sales,20,3,Life Sciences,1135,3,Male,67,4,1,Sales Representative,4,Married,2791,21981,0,No,12,3,1,1,3,4,3,2,2,2,2,0,1.0014656758926712,Medium,0,0,1.0,3874.6,697.75,1,2,1,1,8,1,0,2
28,No,Travel_Rarely,1451,Research & Development,2,1,Life Sciences,1136,1,Male,67,2,1,Research Scientist,2,Married,3201,19911,0,No,17,3,1,0,6,2,1,5,3,0,4,0,1.1485817372025944,High,0,0,2.5,3620.6,457.2857142857143,2,1,1,1,6,1,0,0
35,No,Travel_Frequently,1182,Sales,11,2,Marketing,1137,4,Male,54,3,2,Sales Executive,4,Divorced,4968,18500,1,No,11,3,4,1,5,3,3,5,2,0,2,0,0.9028989019187154,Low,0,0,1.6666666666666667,5080.799999999999,828.0,1,2,2,1,7,0,0,1
49,No,Travel_Rarely,174,Sales,8,4,Technical Degree,1138,4,Male,56,2,4,Sales Executive,2,Married,13120,11879,6,No,17,3,2,1,22,3,3,9,8,2,3,0,0.8462450734787188,High,0,0,1.8,10572.0,570.4347826086956,2,2,5,1,7,1,0,0
34,No,Travel_Frequently,1003,Research & Development,2,2,Life Sciences,1140,4,Male,95,3,2,Manufacturing Director,3,Single,4033,15834,2,No,11,3,4,0,5,3,2,3,2,0,2,0,0.7329692575358653,Low,0,0,1.0,3519.7999999999997,672.1666666666666,1,1,1,1,4,2,0,1
29,No,Travel_Frequently,490,Research & Development,10,3,Life Sciences,1143,4,Female,61,3,1,Research Scientist,2,Divorced,3291,17940,0,No,14,3,4,2,8,2,2,7,5,1,1,0,1.1808755067584311,Medium,0,0,3.5,5374.6,365.6666666666667,1,1,1,0,6,0,0,2
42,No,Travel_Rarely,188,Research & Development,29,3,Medical,1148,2,Male,56,1,2,Laboratory Technician,4,Single,4272,9558,4,No,19,3,1,0,16,3,3,1,0,0,0,0,0.7764058190412142,High,0,0,0.3333333333333333,4463.2,251.2941176470588,2,1,3,1,2,2,0,0
29,No,Travel_Rarely,718,Research & Development,8,1,Medical,1150,2,Male,79,2,2,Manufacturing Director,4,Married,5056,17689,1,Yes,15,3,3,1,10,2,2,10,7,1,2,0,0.9188922802135718,High,1,0,3.3333333333333335,5533.6,459.6363636363636,2,1,3,1,4,1,1,0
38,No,Travel_Rarely,433,Human Resources,1,3,Human Resources,1152,3,Male,37,4,1,Human Resources,3,Married,2844,6004,1,No,13,3,4,1,7,2,4,7,6,5,0,0,1.0204831179644418,Medium,0,0,3.5,4006.3999999999996,355.5,2,0,0,1,1,1,0,2
28,No,Travel_Frequently,773,Research & Development,6,3,Life Sciences,1154,3,Male,39,2,1,Research Scientist,3,Divorced,2703,22088,1,Yes,14,3,4,1,3,2,3,3,1,0,2,0,0.9698895456602975,Medium,1,0,1.5,4021.8,675.75,1,1,1,1,6,0,1,2
18,Yes,Non-Travel,247,Research & Development,8,1,Medical,1156,3,Male,80,3,1,Laboratory Technician,3,Single,1904,13556,1,No,12,3,4,0,0,0,3,0,0,0,0,1,0.6831926359368133,Medium,0,0,0.0,2342.3999999999996,1904.0,0,1,3,1,2,2,0,2
33,Yes,Travel_Rarely,603,Sales,9,4,Marketing,1157,1,Female,77,3,2,Sales Executive,1,Single,8224,18385,0,Yes,17,3,1,0,6,3,3,5,2,0,3,1,1.4946538988284048,High,1,0,1.6666666666666667,6634.4,1174.857142857143,2,2,2,0,7,2,1,0
41,No,Travel_Rarely,167,Research & Development,12,4,Life Sciences,1158,2,Male,46,3,1,Laboratory Technician,4,Married,4766,9051,3,Yes,11,3,1,1,6,4,3,1,0,0,0,0,1.7101345078124224,Low,1,1,0.5,4959.6,680.8571428571429,2,1,1,1,2,1,1,1
31,Yes,Travel_Frequently,874,Research & Development,15,3,Medical,1160,3,Male,72,3,1,Laboratory Technician,3,Married,2610,6233,1,No,12,3,3,1,2,5,2,2,2,2,2,1,0.9365193171192662,Medium,0,0,1.0,3766.0,870.0,1,1,3,1,2,1,0,2
37,No,Travel_Rarely,367,Research & Development,25,2,Medical,1161,3,Female,52,2,2,Healthcare Representative,4,Divorced,5731,17171,7,No,13,3,3,2,9,2,3,6,2,1,3,0,1.0415687614525277,Medium,0,0,2.0,6738.6,573.1,2,1,3,0,0,0,0,2
27,No,Travel_Rarely,199,Research & Development,6,3,Life Sciences,1162,4,Male,55,2,1,Research Scientist,3,Married,2539,7950,1,No,13,3,3,1,4,0,3,4,2,2,2,0,0.9110431211363283,Medium,0,0,2.0,3823.3999999999996,507.8,2,1,1,1,6,1,0,2
34,No,Travel_Rarely,1400,Sales,9,1,Life Sciences,1163,2,Female,70,3,2,Sales Executive,3,Married,5714,5829,1,No,20,4,1,0,6,3,2,6,5,1,3,0,1.0384791315546578,High,0,0,2.0,5428.4,816.2857142857143,2,2,1,0,7,1,0,0
35,No,Travel_Rarely,528,Human Resources,8,4,Technical Degree,1164,3,Male,100,3,1,Human Resources,3,Single,4323,7108,1,No,17,3,2,0,6,2,1,5,4,1,4,0,1.5511773976653593,High,0,0,2.5,4293.799999999999,617.5714285714286,2,0,5,1,1,2,0,0
29,Yes,Travel_Rarely,408,Sales,23,1,Life Sciences,1165,4,Female,45,2,3,Sales Executive,1,Married,7336,11162,1,No,13,3,1,1,11,3,1,11,8,3,10,1,0.7472559307453972,Medium,0,0,2.75,6701.599999999999,611.3333333333334,2,2,1,0,7,1,0,2
40,No,Travel_Frequently,593,Research & Development,9,4,Medical,1166,2,Female,88,3,3,Research Director,3,Single,13499,13782,9,No,17,3,3,0,20,3,2,18,7,2,13,0,1.3750283273080857,High,0,0,4.5,9799.4,642.8095238095239,1,1,3,0,5,2,0,0
42,Yes,Travel_Frequently,481,Sales,12,3,Life Sciences,1167,3,Male,44,3,4,Sales Executive,1,Single,13758,2447,0,Yes,12,3,2,0,22,2,2,21,9,13,14,1,0.8873963201920894,Medium,1,0,4.2,9454.8,598.1739130434783,1,2,1,1,7,2,1,2
42,No,Travel_Rarely,647,Sales,4,4,Marketing,1171,2,Male,45,3,2,Sales Executive,1,Single,5155,2253,7,No,13,3,4,0,9,3,4,6,4,1,5,0,0.9368848307952853,Medium,0,0,2.0,4393.0,515.5,2,2,2,1,7,2,0,2
35,No,Travel_Rarely,982,Research & Development,1,4,Medical,1172,4,Male,58,2,1,Laboratory Technician,3,Married,2258,16340,6,No,12,3,2,1,10,2,3,8,0,1,7,0,0.8102147961897713,Medium,0,0,4.0,3554.8,205.27272727272728,2,1,3,1,2,1,0,2
24,No,Travel_Rarely,477,Research & Development,24,3,Medical,1173,4,Male,49,3,1,Laboratory Technician,2,Single,3597,6409,8,No,22,4,4,0,6,2,3,4,3,1,2,0,1.290674323248276,High,0,0,2.0,4358.2,513.8571428571429,2,1,3,1,2,2,0,0
28,Yes,Travel_Rarely,1485,Research & Development,12,1,Life Sciences,1175,3,Female,79,3,1,Laboratory Technician,4,Married,2515,22955,1,Yes,11,3,4,0,1,4,2,1,1,0,0,1,0.9024314492547718,Low,1,1,0.5,2609.0,1257.5,2,1,1,0,2,1,1,1
26,No,Travel_Rarely,1384,Research & Development,3,4,Medical,1177,1,Male,82,4,1,Laboratory Technician,4,Married,4420,13421,1,No,22,4,2,1,8,2,3,8,7,0,7,0,1.5859829048533167,High,0,0,4.0,5852.0,491.1111111111111,2,1,3,1,2,1,0,0
30,No,Travel_Rarely,852,Sales,10,3,Marketing,1179,3,Male,72,2,2,Sales Executive,3,Married,6578,2706,1,No,18,3,1,1,10,3,3,10,3,1,4,0,1.1955050275405212,High,0,0,3.3333333333333335,6746.799999999999,598.0,2,2,2,1,7,1,0,0
40,No,Travel_Frequently,902,Research & Development,26,2,Medical,1180,3,Female,92,2,2,Research Scientist,4,Married,4422,21203,3,Yes,13,3,4,1,16,3,1,1,1,0,0,0,0.8036672593165377,Medium,1,0,0.3333333333333333,4953.2,260.11764705882354,1,1,3,0,6,1,1,2
35,No,Travel_Rarely,819,Research & Development,2,3,Life Sciences,1182,3,Male,44,2,3,Manufacturing Director,2,Divorced,10274,19588,2,No,18,3,2,1,15,2,4,7,7,6,4,0,1.046525004427237,High,0,0,1.75,8964.4,642.125,2,1,1,1,4,0,0,0
34,No,Travel_Frequently,669,Research & Development,1,3,Medical,1184,4,Male,97,2,2,Healthcare Representative,1,Single,5343,25755,0,No,20,4,3,0,14,3,3,13,9,4,9,0,0.9710525026070241,High,0,0,4.333333333333333,5205.799999999999,356.2,1,1,3,1,0,2,0,0
35,No,Travel_Frequently,636,Research & Development,4,4,Other,1185,4,Male,47,2,1,Laboratory Technician,4,Married,2376,26537,1,No,13,3,2,1,2,2,4,2,2,2,2,0,0.8525555162740907,Medium,0,0,1.0,3725.6,792.0,1,1,4,1,2,1,0,2
43,Yes,Travel_Rarely,1372,Sales,9,3,Marketing,1188,1,Female,85,1,2,Sales Executive,3,Single,5346,9489,8,No,13,3,2,0,7,2,2,4,3,1,3,1,0.9715977314125306,Medium,0,0,1.3333333333333333,4507.6,668.25,2,2,2,0,7,2,0,2
32,No,Non-Travel,862,Sales,2,1,Life Sciences,1190,3,Female,76,3,1,Sales Representative,1,Divorced,2827,14947,1,No,12,3,3,3,1,3,3,1,0,0,0,0,1.014383183715006,Medium,0,0,0.5,5896.2,1413.5,0,2,1,0,8,0,0,2
56,No,Travel_Rarely,718,Research & Development,4,4,Technical Degree,1191,4,Female,92,3,5,Manager,1,Divorced,19943,18575,4,No,13,3,4,1,28,2,3,5,2,4,2,0,1.039140304296213,Medium,0,0,0.8333333333333334,14265.8,687.6896551724138,2,1,5,0,3,0,0,2
29,No,Travel_Rarely,1401,Research & Development,6,1,Medical,1192,2,Female,54,3,1,Laboratory Technician,4,Married,3131,26342,1,No,13,3,1,1,10,5,3,10,8,0,8,0,1.123464360881388,Medium,0,0,5.0,4178.6,284.6363636363636,2,1,3,0,2,1,0,2
19,No,Travel_Rarely,645,Research & Development,9,2,Life Sciences,1193,3,Male,54,3,1,Research Scientist,1,Single,2552,7172,1,No,25,4,3,0,1,4,3,1,1,0,0,0,0.9157077767388381,High,0,0,0.5,4031.2,1276.0,2,1,1,1,6,2,0,0
45,No,Travel_Rarely,1457,Research & Development,7,3,Medical,1195,1,Female,83,3,1,Research Scientist,3,Married,4477,20100,4,Yes,19,3,3,1,7,2,2,3,2,0,2,0,1.6064356255720134,High,1,0,1.5,5586.2,559.625,2,1,3,0,6,1,1,0
37,No,Travel_Rarely,977,Research & Development,1,3,Life Sciences,1196,4,Female,56,2,2,Manufacturing Director,4,Married,6474,9961,1,No,13,3,2,1,14,2,2,14,8,3,11,0,1.1766037622829635,Medium,0,0,4.666666666666667,6184.4,431.6,2,1,1,0,4,1,0,2
20,No,Travel_Rarely,805,Research & Development,3,3,Life Sciences,1198,1,Male,87,2,1,Laboratory Technician,3,Single,3033,12828,1,No,12,3,1,0,2,2,2,2,2,1,2,0,1.088300034031699,Medium,0,0,1.0,3019.8,1011.0,2,1,1,1,2,2,0,2
44,Yes,Travel_Rarely,1097,Research & Development,10,4,Life Sciences,1200,3,Male,96,3,1,Research Scientist,3,Single,2936,10826,1,Yes,11,3,3,0,6,4,3,6,4,0,2,1,1.0534945268437417,Low,1,1,3.0,2861.6,419.42857142857144,2,1,1,1,6,2,1,1
53,No,Travel_Rarely,1223,Research & Development,7,2,Medical,1201,4,Female,50,3,5,Manager,3,Divorced,18606,18640,3,No,18,3,2,1,26,6,3,7,7,4,7,0,0.9694752294908159,High,0,0,1.1666666666666667,13963.6,689.1111111111111,2,1,3,0,3,0,0,0
29,No,Travel_Rarely,942,Research & Development,15,1,Life Sciences,1202,2,Female,69,1,1,Research Scientist,4,Married,2168,26933,0,Yes,18,3,1,1,6,2,2,5,4,1,3,0,0.7779210266339345,High,1,0,2.5,4100.8,309.7142857142857,2,1,1,0,6,1,1,0
22,Yes,Travel_Frequently,1256,Research & Development,3,4,Life Sciences,1203,3,Male,48,2,1,Research Scientist,4,Married,2853,4223,0,Yes,11,3,2,1,1,5,3,0,0,0,0,1,1.0237124949200254,Low,1,1,0.0,3811.8,1426.5,1,1,1,1,6,1,1,1
46,No,Travel_Rarely,1402,Sales,2,3,Marketing,1204,3,Female,69,3,4,Manager,1,Married,17048,24097,8,No,23,4,1,0,28,2,3,26,15,15,9,0,1.0996025924287498,High,0,0,5.2,12528.8,587.8620689655172,2,2,2,0,3,1,0,0
44,No,Non-Travel,111,Research & Development,17,3,Life Sciences,1206,4,Male,74,1,1,Research Scientist,3,Single,2290,4279,2,No,13,3,4,0,6,3,3,0,0,0,0,0,0.82169702536518,Medium,0,0,0.0,2674.0,327.14285714285717,0,1,1,1,6,2,0,2
33,No,Travel_Rarely,147,Human Resources,2,3,Human Resources,1207,2,Male,99,3,1,Human Resources,3,Married,3600,8429,1,No,13,3,4,1,5,2,3,5,4,1,4,0,1.2917507822334706,Medium,0,0,2.5,4460.0,600.0,2,0,0,1,1,1,0,2
41,Yes,Non-Travel,906,Research & Development,5,2,Life Sciences,1210,1,Male,95,2,1,Research Scientist,1,Divorced,2107,20293,6,No,17,3,1,1,5,2,1,1,0,0,0,1,0.7560330272683118,High,0,0,0.5,3964.2,351.1666666666667,0,1,1,1,6,0,0,0
30,No,Travel_Rarely,1329,Sales,29,4,Life Sciences,1211,3,Male,61,3,2,Sales Executive,1,Divorced,4115,13192,8,No,19,3,3,3,8,3,3,4,3,0,3,0,0.7478721782197089,High,0,0,1.3333333333333333,7369.0,457.22222222222223,2,2,1,1,7,0,0,0
40,No,Travel_Frequently,1184,Sales,2,4,Medical,1212,2,Male,62,3,2,Sales Executive,2,Married,4327,25440,5,No,12,3,4,3,5,2,3,0,0,0,0,0,0.7864016804754994,Medium,0,0,0.0,6796.2,721.1666666666666,1,2,3,1,7,1,0,2
50,No,Travel_Frequently,1421,Research & Development,2,3,Medical,1215,4,Female,30,3,4,Manager,1,Married,17856,9490,2,No,22,4,3,1,32,3,3,2,2,2,2,0,1.151718904880793,High,0,0,0.4,13913.6,541.0909090909091,1,1,3,0,3,1,0,0
28,No,Travel_Rarely,1179,Research & Development,19,4,Medical,1216,4,Male,78,2,1,Laboratory Technician,1,Married,3196,12449,1,No,12,3,3,3,6,2,3,6,5,3,3,0,1.1467876388939366,Medium,0,0,3.0,6117.6,456.57142857142856,2,1,3,1,2,1,0,2
46,No,Travel_Rarely,1450,Research & Development,15,2,Life Sciences,1217,4,Male,52,3,5,Research Director,2,Married,19081,10849,5,No,11,3,1,1,25,2,3,4,2,0,3,0,0.9942253495600483,Low,0,0,0.6666666666666666,13548.6,733.8846153846154,2,1,1,1,5,1,0,1
35,No,Travel_Rarely,1361,Sales,17,4,Life Sciences,1218,3,Male,94,3,2,Sales Executive,1,Married,8966,21026,3,Yes,15,3,4,3,15,2,3,7,7,1,7,0,1.6295071567236719,High,1,0,2.3333333333333335,9879.599999999999,560.375,2,2,1,1,7,1,1,0
24,Yes,Travel_Rarely,984,Research & Development,17,2,Life Sciences,1219,4,Female,97,3,1,Laboratory Technician,2,Married,2210,3372,1,No,13,3,1,1,1,3,1,1,0,0,0,1,0.7929914524266584,Medium,0,0,0.5,3626.0,1105.0,2,1,1,0,2,1,0,2
33,No,Travel_Frequently,1146,Sales,25,3,Medical,1220,2,Female,82,3,2,Sales Executive,3,Married,4539,4905,1,No,12,3,1,1,10,3,2,10,7,0,1,0,0.8249311827312901,Medium,0,0,3.3333333333333335,4923.4,412.6363636363636,1,2,3,0,7,1,0,2
36,No,Travel_Rarely,917,Research & Development,6,4,Life Sciences,1221,3,Male,60,1,1,Laboratory Technician,3,Divorced,2741,6865,1,No,14,3,3,1,7,4,3,7,7,1,7,0,0.9835246928060952,Medium,0,0,3.5,4044.6,342.625,2,1,1,1,2,0,0,2
30,No,Travel_Rarely,853,Research & Development,7,4,Life Sciences,1224,3,Male,49,3,2,Laboratory Technician,3,Divorced,3491,11309,1,No,13,3,1,3,10,4,2,10,7,8,9,0,0.634464586674363,Medium,0,0,3.3333333333333335,6394.6,317.3636363636364,2,1,1,1,2,0,0,2
44,No,Travel_Rarely,200,Research & Development,29,4,Other,1225,4,Male,32,3,2,Research Scientist,4,Single,4541,7744,1,No,25,4,2,0,20,3,3,20,11,13,17,0,0.8252946686016277,High,0,0,6.666666666666667,5224.6,216.23809523809524,2,1,4,1,6,2,0,0
20,No,Travel_Rarely,654,Sales,21,3,Marketing,1226,3,Male,43,4,1,Sales Representative,4,Single,2678,5050,1,No,17,3,4,0,2,2,3,2,1,2,2,0,0.9609190541170095,High,0,0,1.0,3306.8,892.6666666666666,2,2,2,1,8,2,0,0
46,No,Travel_Rarely,150,Research & Development,2,4,Technical Degree,1228,4,Male,60,3,2,Manufacturing Director,4,Divorced,7379,17433,2,No,11,3,3,1,12,3,2,6,3,1,4,0,1.341081118610749,Low,0,0,2.0,6527.4,567.6153846153846,2,1,5,1,4,0,0,1
42,No,Non-Travel,179,Human Resources,2,5,Medical,1231,4,Male,79,4,2,Human Resources,1,Married,6272,12858,7,No,16,3,1,1,10,3,4,4,3,0,3,0,1.1398916893788613,High,0,0,1.3333333333333333,6363.2,570.1818181818181,0,0,3,1,1,1,0,0
60,No,Travel_Rarely,696,Sales,7,4,Marketing,1233,2,Male,52,4,2,Sales Executive,4,Divorced,5220,10893,0,Yes,18,3,2,1,12,3,3,11,7,1,9,0,0.9486981215812589,High,1,0,3.6666666666666665,5932.0,401.53846153846155,2,2,2,1,7,0,1,0
32,No,Travel_Frequently,116,Research & Development,13,3,Other,1234,3,Female,77,2,1,Laboratory Technician,2,Married,2743,7331,1,No,20,4,3,1,2,2,3,2,2,2,2,0,0.9842423321295583,High,0,0,1.0,4645.8,914.3333333333334,1,1,4,0,2,1,0,0
32,No,Travel_Frequently,1316,Research & Development,2,2,Life Sciences,1235,4,Female,38,3,2,Research Scientist,3,Single,4998,2338,4,Yes,14,3,4,0,10,2,3,8,7,0,7,0,0.9083511899737801,Medium,1,0,2.6666666666666665,4398.799999999999,454.3636363636364,1,1,1,0,6,2,1,2
36,No,Travel_Rarely,363,Research & Development,1,3,Technical Degree,1237,3,Female,77,1,3,Manufacturing Director,1,Divorced,10252,4235,2,Yes,21,4,3,1,17,2,3,7,7,7,7,0,1.0442840515269645,High,1,0,1.75,9251.2,569.5555555555555,2,1,5,0,4,0,1,0
33,No,Travel_Rarely,117,Research & Development,9,3,Medical,1238,1,Male,60,3,1,Research Scientist,4,Married,2781,6311,0,No,13,3,2,1,15,5,3,14,10,4,10,0,0.9978774792753561,Medium,0,0,7.0,3968.6,173.8125,2,1,3,1,6,1,0,2
40,No,Travel_Rarely,107,Sales,10,3,Technical Degree,1239,2,Female,84,2,2,Sales Executive,2,Divorced,6852,11591,7,No,12,3,2,1,7,2,4,5,1,1,3,0,1.2453025917767788,Medium,0,0,1.6666666666666667,6311.2,856.5,2,2,5,0,7,0,0,2
25,No,Travel_Rarely,1356,Sales,10,4,Life Sciences,1240,3,Male,57,3,2,Sales Executive,4,Single,4950,20623,0,No,14,3,2,0,5,4,3,4,3,1,1,0,0.8996275290856764,Medium,0,0,1.3333333333333333,4370.0,825.0,2,2,1,1,7,2,0,2
30,No,Travel_Rarely,1465,Research & Development,1,3,Medical,1241,4,Male,63,3,1,Research Scientist,2,Married,3579,9369,0,Yes,21,4,1,1,12,2,3,11,9,5,7,0,1.2842155693371087,High,1,0,5.5,5247.4,275.3076923076923,2,1,3,1,6,1,1,0
42,No,Travel_Frequently,458,Research & Development,26,5,Medical,1242,1,Female,60,3,3,Research Director,1,Married,13191,23281,3,Yes,17,3,3,0,20,6,3,1,0,0,0,0,1.3436549867042713,High,1,0,0.25,9614.599999999999,628.1428571428571,1,1,3,0,5,1,1,0
35,No,Non-Travel,1212,Sales,8,2,Marketing,1243,3,Female,78,2,3,Sales Executive,4,Married,10377,13755,4,Yes,11,3,2,1,16,6,2,13,2,4,12,0,1.0570167384603308,Low,1,1,3.25,8326.2,610.4117647058823,0,2,2,0,7,1,1,1
27,No,Travel_Rarely,1103,Research & Development,14,3,Life Sciences,1244,1,Male,42,3,1,Research Scientist,1,Married,2235,14377,1,Yes,14,3,4,2,9,3,2,9,7,6,8,0,0.8019619439699464,Medium,1,0,4.5,4741.0,223.5,2,1,1,1,6,1,1,2
54,No,Travel_Frequently,966,Research & Development,1,4,Life Sciences,1245,4,Female,53,3,3,Manufacturing Director,3,Divorced,10502,9659,7,No,17,3,1,1,33,2,1,5,4,1,4,0,1.069749425393697,High,0,0,1.25,9001.2,308.88235294117646,1,1,1,0,4,0,0,0
44,No,Travel_Rarely,1117,Research & Development,2,1,Life Sciences,1246,1,Female,72,4,1,Research Scientist,4,Married,2011,19982,1,No,13,3,4,1,10,5,3,10,5,7,7,0,0.721586339742086,Medium,0,0,5.0,3506.6,182.8181818181818,2,1,1,0,6,1,0,2
19,Yes,Non-Travel,504,Research & Development,10,3,Medical,1248,1,Female,96,2,1,Research Scientist,2,Single,1859,6148,1,Yes,25,4,2,0,1,2,4,1,1,0,0,1,0.667045751158895,High,1,0,0.5,3615.3999999999996,929.5,0,1,3,0,6,2,1,0
29,No,Travel_Rarely,1010,Research & Development,1,3,Life Sciences,1249,1,Female,97,3,1,Research Scientist,4,Divorced,3760,5598,1,No,15,3,1,3,3,5,3,3,2,1,2,0,1.3491619281105138,High,0,0,1.5,6756.0,940.0,2,1,1,0,6,0,0,0
54,No,Travel_Rarely,685,Research & Development,3,3,Life Sciences,1250,4,Male,85,3,4,Research Director,4,Married,17779,23474,3,No,14,3,1,0,36,2,3,10,9,0,9,0,1.1467523751050412,Medium,0,0,2.0,12067.4,480.5135135135135,2,1,1,1,5,1,0,2
31,No,Travel_Rarely,1332,Research & Development,11,2,Medical,1251,3,Male,80,3,2,Healthcare Representative,1,Married,6833,17089,1,Yes,12,3,4,0,6,2,2,6,5,0,1,0,1.2418494760085712,Medium,1,0,2.0,5299.8,976.1428571428571,2,1,3,1,0,1,1,2
31,No,Travel_Rarely,1062,Research & Development,24,3,Medical,1252,3,Female,96,2,2,Healthcare Representative,1,Single,6812,17198,1,No,19,3,2,0,10,2,3,10,9,1,8,0,1.238032874370026,High,0,0,3.3333333333333335,5987.2,619.2727272727273,2,1,3,0,0,2,0,0
59,No,Travel_Rarely,326,Sales,3,3,Life Sciences,1254,3,Female,48,2,2,Sales Executive,4,Single,5171,16490,5,No,17,3,4,0,13,2,3,6,1,0,5,0,0.9397927177579865,High,0,0,2.0,4802.6,369.35714285714283,2,2,1,0,7,2,0,0
43,No,Travel_Rarely,920,Research & Development,3,3,Life Sciences,1255,3,Male,96,1,5,Research Director,4,Married,19740,18625,3,No,14,3,2,1,25,2,3,8,7,0,7,0,1.0285628845613624,Medium,0,0,1.3333333333333333,14244.0,759.2307692307693,2,1,1,1,5,1,0,2
49,No,Travel_Rarely,1098,Research & Development,4,2,Medical,1256,1,Male,85,2,5,Manager,3,Married,18711,12124,2,No,13,3,3,1,23,2,4,1,0,0,0,0,0.9749463086640147,Medium,0,0,0.16666666666666666,13526.6,779.625,2,1,3,1,3,1,0,2
36,No,Travel_Frequently,469,Research & Development,3,3,Technical Degree,1257,3,Male,46,3,1,Research Scientist,2,Married,3692,9256,1,No,12,3,3,0,12,2,2,11,10,0,7,0,1.3247621911127705,Medium,0,0,5.5,3415.2,284.0,1,1,5,1,6,1,0,2
48,No,Travel_Rarely,969,Research & Development,2,2,Technical Degree,1258,4,Male,76,4,1,Laboratory Technician,2,Single,2559,16620,5,No,11,3,3,0,7,4,2,1,0,0,0,0,0.9182195143709587,Low,0,0,0.5,2635.3999999999996,319.875,2,1,5,1,2,2,0,1
27,No,Travel_Rarely,1167,Research & Development,4,2,Life Sciences,1259,1,Male,76,3,1,Research Scientist,3,Divorced,2517,3208,1,No,11,3,2,3,5,2,3,5,3,0,3,0,0.9031490885782348,Low,0,0,2.5,5610.2,419.5,2,1,1,1,6,0,0,1
29,No,Travel_Rarely,1329,Research & Development,7,3,Life Sciences,1260,3,Male,82,3,2,Healthcare Representative,4,Divorced,6623,4204,1,Yes,11,3,2,2,6,2,3,6,0,1,0,0,1.2036834596231183,Low,1,1,2.0,7073.799999999999,946.1428571428571,2,1,1,1,0,0,1,1
48,No,Travel_Rarely,715,Research & Development,1,3,Life Sciences,1263,4,Male,76,2,5,Research Director,4,Single,18265,8733,6,No,12,3,3,0,25,3,4,1,0,0,0,0,0.9517072485569038,Medium,0,0,0.16666666666666666,12159.0,702.5,2,1,1,1,5,2,0,2
29,No,Travel_Rarely,694,Research & Development,1,3,Life Sciences,1264,4,Female,87,2,4,Research Director,4,Divorced,16124,3423,3,No,14,3,2,2,9,2,2,7,7,1,7,0,1.0400042351197303,Medium,0,0,1.4,13074.4,1612.4,2,1,1,0,5,0,0,2
34,No,Travel_Rarely,1320,Research & Development,20,3,Technical Degree,1265,3,Female,89,4,1,Research Scientist,3,Married,2585,21643,0,No,17,3,4,0,2,5,2,1,0,0,0,0,0.9275488255759782,High,0,0,0.5,3251.0,861.6666666666666,2,1,5,0,6,1,0,0
44,No,Travel_Rarely,1099,Sales,5,3,Marketing,1267,2,Male,88,3,5,Manager,2,Married,18213,8751,7,No,11,3,3,1,26,5,3,22,9,3,10,0,0.9489977617282721,Low,0,0,3.6666666666666665,13027.8,674.5555555555555,2,2,2,1,3,1,0,1
33,No,Travel_Rarely,536,Sales,10,5,Marketing,1268,4,Male,82,4,3,Sales Executive,3,Divorced,8380,21708,0,Yes,14,3,4,2,10,3,3,9,8,0,8,0,0.853599332012872,Medium,1,0,2.25,8428.0,761.8181818181819,2,2,2,1,7,0,1,2
19,No,Travel_Rarely,265,Research & Development,25,3,Life Sciences,1269,2,Female,57,4,1,Research Scientist,4,Single,2994,21221,1,Yes,12,3,4,0,1,2,3,1,0,0,1,0,1.0743060672241698,Medium,1,0,0.5,2996.3999999999996,1497.0,2,1,1,0,6,2,1,2
23,No,Travel_Rarely,373,Research & Development,1,2,Life Sciences,1270,4,Male,47,3,1,Research Scientist,3,Married,1223,16901,1,No,22,4,4,1,1,2,3,1,0,0,1,0,0.4388364462976485,High,0,0,0.5,3933.8,611.5,2,1,1,1,6,1,0,0
25,Yes,Travel_Frequently,599,Sales,24,1,Life Sciences,1273,3,Male,73,1,1,Sales Representative,4,Single,1118,8040,1,Yes,14,3,4,0,1,4,3,1,0,1,0,1,0.4011603818158389,Medium,1,0,0.5,2070.8,559.0,1,2,1,1,8,2,1,2
26,No,Travel_Rarely,583,Research & Development,4,2,Life Sciences,1275,3,Male,53,3,1,Research Scientist,4,Single,2875,9973,1,Yes,20,4,2,0,8,2,2,8,5,2,2,0,1.031606527478119,High,1,0,4.0,3725.0,319.44444444444446,2,1,1,1,6,2,1,0
45,Yes,Travel_Rarely,1449,Sales,2,3,Marketing,1277,1,Female,94,1,5,Manager,2,Single,18824,2493,2,Yes,16,3,1,0,26,2,3,24,10,1,11,1,0.9808342319646952,High,1,0,4.0,12894.4,697.1851851851852,2,2,2,0,3,2,1,0
55,No,Non-Travel,177,Research & Development,8,1,Medical,1278,4,Male,37,2,4,Healthcare Representative,2,Divorced,13577,25592,1,Yes,15,3,4,1,34,3,3,33,9,15,0,0,0.8757217501997382,High,1,0,6.6,10646.2,387.9142857142857,0,1,3,1,0,0,1,0
21,Yes,Travel_Frequently,251,Research & Development,10,2,Life Sciences,1279,1,Female,45,2,1,Laboratory Technician,3,Single,2625,25308,1,No,20,4,3,0,2,2,1,2,2,2,2,1,0.941901612045239,High,0,0,1.0,3575.0,875.0,1,1,1,0,2,2,0,0
46,No,Travel_Rarely,168,Sales,4,2,Marketing,1280,4,Female,33,2,5,Manager,2,Married,18789,9946,2,No,14,3,3,1,26,2,3,11,4,0,8,0,0.9790105389069623,Medium,0,0,1.8333333333333333,13673.4,695.8888888888889,2,2,2,0,3,1,0,2
34,No,Travel_Rarely,131,Sales,2,3,Marketing,1281,3,Female,86,3,2,Sales Executive,1,Single,4538,6039,0,Yes,12,3,4,0,4,3,3,3,2,0,2,0,0.8247494397961213,Medium,1,0,1.0,3922.7999999999997,907.6,2,2,2,0,7,2,1,2
51,No,Travel_Frequently,237,Sales,9,3,Life Sciences,1282,4,Male,83,3,5,Manager,2,Divorced,19847,19196,4,Yes,24,4,1,1,31,5,2,29,10,11,10,0,1.0341381747664316,High,1,0,4.833333333333333,15308.199999999999,620.21875,1,2,1,1,3,0,1,0
59,No,Travel_Rarely,1429,Research & Development,18,4,Medical,1283,4,Male,67,3,3,Manufacturing Director,4,Single,10512,20002,6,No,12,3,4,0,25,6,2,9,7,5,4,0,1.0707680403483664,Medium,0,0,2.25,7507.2,404.3076923076923,2,1,3,1,4,2,0,2
34,No,Travel_Frequently,135,Research & Development,19,3,Medical,1285,3,Female,46,3,2,Laboratory Technician,2,Divorced,4444,22534,4,No,13,3,3,2,15,2,4,11,8,5,10,0,0.8076656038902518,Medium,0,0,3.6666666666666665,5966.4,277.75,1,1,3,0,2,0,0,2
28,No,Travel_Frequently,791,Research & Development,1,4,Medical,1286,4,Male,44,3,1,Laboratory Technician,3,Single,2154,6842,0,Yes,11,3,3,0,5,2,2,4,2,0,2,0,0.7728975513696933,Low,1,1,2.0,2392.3999999999996,359.0,1,1,3,1,2,2,1,1
44,No,Travel_Rarely,1199,Research & Development,4,2,Life Sciences,1288,3,Male,92,4,5,Manager,1,Divorced,19190,17477,1,No,14,3,4,2,26,4,2,25,9,14,13,0,0.9999048507969879,Medium,0,0,4.166666666666667,14914.0,710.7407407407408,2,1,1,1,3,0,0,2
34,No,Travel_Frequently,648,Human Resources,11,3,Life Sciences,1289,3,Male,56,2,2,Human Resources,2,Married,4490,21833,4,No,11,3,4,2,14,5,4,10,9,1,8,0,0.8160257789080176,Low,0,0,3.3333333333333335,5794.0,299.3333333333333,1,0,1,1,1,1,0,1
35,No,Travel_Rarely,735,Research & Development,6,1,Life Sciences,1291,3,Male,66,3,1,Research Scientist,3,Married,3506,6020,0,Yes,14,3,4,0,4,3,3,3,2,2,2,0,1.2580217340307078,Medium,1,0,1.5,3503.6,701.2,2,1,1,1,6,1,1,2
42,No,Travel_Rarely,603,Research & Development,7,4,Medical,1292,2,Female,78,4,2,Research Scientist,2,Married,2372,5628,6,Yes,16,3,4,0,18,2,3,1,0,0,0,0,0.43109424222044945,High,1,0,0.3333333333333333,3023.2,124.84210526315789,2,1,3,0,6,1,1,0
43,No,Travel_Rarely,531,Sales,4,4,Marketing,1293,4,Female,56,2,3,Sales Executive,4,Single,10231,20364,3,No,14,3,4,0,23,3,4,21,7,15,17,0,1.042144960122159,Medium,0,0,5.25,7538.599999999999,426.2916666666667,2,2,2,0,7,2,0,2
36,No,Travel_Rarely,429,Research & Development,2,4,Life Sciences,1294,3,Female,53,3,2,Manufacturing Director,2,Single,5410,2323,9,Yes,11,3,4,0,18,2,3,16,14,5,12,0,0.9832292792633354,Low,1,1,5.333333333333333,4346.0,284.7368421052632,2,1,1,0,4,2,1,1
44,Yes,Travel_Rarely,621,Research & Development,15,3,Medical,1295,1,Female,73,3,3,Healthcare Representative,4,Married,7978,14075,1,No,11,3,4,1,10,2,3,10,7,0,5,1,0.8126510108351661,Low,0,0,2.5,6886.8,725.2727272727273,2,1,3,0,0,1,0,1
28,No,Travel_Frequently,193,Research & Development,2,3,Life Sciences,1296,4,Male,52,2,1,Laboratory Technician,4,Married,3867,14222,1,Yes,12,3,2,1,2,2,3,2,2,2,2,0,1.3875556319157865,Medium,1,0,1.0,4520.2,1289.0,1,1,1,1,2,1,1,2
51,No,Travel_Frequently,968,Research & Development,6,2,Medical,1297,2,Female,40,2,1,Laboratory Technician,3,Single,2838,4257,0,No,14,3,2,0,8,6,2,7,0,7,7,0,1.0183301999940526,Medium,0,0,3.5,3102.8,315.3333333333333,1,1,3,0,2,2,0,2
30,No,Non-Travel,879,Research & Development,9,2,Medical,1298,3,Female,72,3,2,Manufacturing Director,3,Single,4695,12858,7,Yes,18,3,3,0,10,3,3,8,4,1,7,0,0.8532830806176265,High,1,0,2.6666666666666665,4617.0,426.8181818181818,0,1,3,0,4,2,1,0
29,Yes,Travel_Rarely,806,Research & Development,7,3,Technical Degree,1299,2,Female,39,3,1,Laboratory Technician,3,Divorced,3339,17285,3,Yes,13,3,1,2,10,2,3,7,7,7,7,1,1.198098850521544,Medium,1,0,3.5,5303.4,303.54545454545456,2,1,5,0,2,0,1,2
28,No,Travel_Rarely,640,Research & Development,1,3,Technical Degree,1301,4,Male,84,3,1,Research Scientist,1,Single,2080,4732,2,No,11,3,2,0,5,2,2,3,2,1,2,0,0.7463448964015608,Low,0,0,1.5,2348.0,346.6666666666667,2,1,5,1,6,2,0,1
25,No,Travel_Rarely,266,Research & Development,1,3,Medical,1303,4,Female,40,3,1,Research Scientist,2,Single,2096,18830,1,No,18,3,4,0,2,3,2,2,2,2,1,0,0.7520860109892651,High,0,0,1.0,3057.6,698.6666666666666,2,1,3,0,6,2,0,0
32,No,Travel_Rarely,604,Sales,8,3,Medical,1304,3,Male,56,4,2,Sales Executive,4,Married,6209,11693,1,No,15,3,3,2,10,4,4,10,7,0,8,0,1.1284418844632254,High,0,0,3.3333333333333335,7225.4,564.4545454545455,2,2,3,1,7,1,0,0
45,No,Travel_Frequently,364,Research & Development,25,3,Medical,1306,2,Female,83,3,5,Manager,2,Single,18061,13035,3,No,22,4,3,0,22,4,3,0,0,0,0,0,0.9410777233061177,High,0,0,0.0,13036.6,785.2608695652174,1,1,3,0,3,2,0,0
39,No,Travel_Rarely,412,Research & Development,13,4,Medical,1307,3,Female,94,2,4,Manager,2,Divorced,17123,17334,6,Yes,13,3,4,2,21,4,3,19,9,15,2,0,1.1044401214311053,Medium,1,0,3.8,13573.8,778.3181818181819,2,1,3,0,3,0,1,2
58,No,Travel_Rarely,848,Research & Development,23,4,Life Sciences,1308,1,Male,88,3,1,Research Scientist,3,Divorced,2372,26076,1,No,12,3,4,2,2,3,3,2,2,2,2,0,0.8511202376271645,Medium,0,0,1.0,4623.2,790.6666666666666,2,1,1,1,6,0,0,2
32,Yes,Travel_Rarely,1089,Research & Development,7,2,Life Sciences,1309,4,Male,79,3,2,Laboratory Technician,3,Married,4883,22845,1,No,18,3,1,1,10,3,3,10,4,1,1,1,0.8874507524293653,High,0,0,3.3333333333333335,5729.799999999999,443.90909090909093,2,1,1,1,2,1,0,0
39,Yes,Travel_Rarely,360,Research & Development,23,3,Medical,1310,3,Male,93,3,1,Research Scientist,1,Single,3904,22154,0,No,13,3,1,0,6,2,3,5,2,0,3,1,1.4008319593998526,Medium,0,0,2.5,3642.4,557.7142857142857,2,1,3,1,6,2,0,2
30,No,Travel_Rarely,1138,Research & Development,6,3,Technical Degree,1311,1,Female,48,2,2,Laboratory Technician,4,Married,4627,23631,0,No,12,3,1,1,10,6,3,9,2,6,7,0,0.8409245610261465,Medium,0,0,3.0,4976.2,420.6363636363636,2,1,5,0,2,1,0,2
36,No,Travel_Rarely,325,Research & Development,10,4,Technical Degree,1312,4,Female,63,3,3,Healthcare Representative,3,Married,7094,5747,3,No,12,3,1,0,10,0,3,7,7,1,7,0,0.7226054488424002,Medium,0,0,1.75,5456.4,644.9090909090909,2,1,5,0,0,1,0,2
46,No,Travel_Rarely,991,Human Resources,1,2,Life Sciences,1314,4,Female,44,3,1,Human Resources,1,Single,3423,22957,6,No,12,3,3,0,10,3,4,7,6,5,7,0,1.2282397021069917,Medium,0,0,3.5,3253.7999999999997,311.1818181818182,2,0,1,0,1,2,0,2
28,No,Non-Travel,1476,Research & Development,1,3,Life Sciences,1315,3,Female,55,1,2,Laboratory Technician,4,Married,6674,16392,0,No,11,3,1,3,10,6,3,9,8,7,5,0,1.2129523493167282,Low,0,0,3.0,8104.4,606.7272727272727,0,1,1,0,2,1,0,1
50,No,Travel_Rarely,1322,Research & Development,28,3,Life Sciences,1317,4,Female,43,3,4,Research Director,1,Married,16880,22422,4,Yes,11,3,2,0,25,2,3,3,2,1,2,0,1.0887665274634735,Low,1,1,0.6,11228.0,649.2307692307693,2,1,1,0,5,1,1,1
40,Yes,Travel_Rarely,299,Sales,25,4,Marketing,1318,4,Male,57,2,3,Sales Executive,2,Single,9094,17235,2,Yes,12,3,3,0,9,2,3,5,4,1,0,1,0.9263284397762598,Medium,1,0,1.25,6656.4,909.4,2,2,2,1,7,2,1,2
52,Yes,Travel_Rarely,1030,Sales,5,3,Life Sciences,1319,2,Male,64,3,3,Sales Executive,2,Single,8446,21534,9,Yes,19,3,3,0,10,2,2,8,7,7,7,1,0.8603221907136893,High,1,0,2.0,6967.599999999999,767.8181818181819,2,2,1,1,7,2,1,0
30,No,Travel_Rarely,634,Research & Development,17,4,Medical,1321,2,Female,95,3,3,Manager,1,Married,11916,25927,1,Yes,23,4,4,2,9,2,3,9,1,0,8,0,1.2137815799839358,High,1,0,2.25,11449.599999999999,1191.6,2,1,3,0,3,1,1,0
39,No,Travel_Rarely,524,Research & Development,18,2,Life Sciences,1322,1,Male,32,3,2,Manufacturing Director,3,Single,4534,13352,0,No,11,3,1,0,9,6,3,8,7,1,7,0,0.8240224680554459,Low,0,0,2.6666666666666665,3820.4,453.4,2,1,1,1,4,2,0,1
31,No,Non-Travel,587,Sales,2,4,Life Sciences,1324,4,Female,57,3,3,Sales Executive,3,Divorced,9852,8935,1,Yes,19,3,1,1,10,5,2,10,8,9,6,0,1.0035394533401927,High,1,0,2.5,8811.2,895.6363636363636,0,2,1,0,7,0,1,0
41,No,Non-Travel,256,Sales,10,2,Medical,1329,3,Male,40,1,2,Sales Executive,2,Single,6151,22074,1,No,13,3,1,0,19,4,3,19,2,11,9,0,1.1179007942234336,Medium,0,0,6.333333333333333,4990.6,307.55,0,2,3,1,7,2,0,2
31,Yes,Travel_Frequently,1060,Sales,1,3,Life Sciences,1331,4,Female,54,3,1,Sales Representative,2,Single,2302,8319,1,Yes,11,3,1,0,3,2,4,3,2,2,2,1,0.8260028613059581,Low,1,1,1.5,2481.2,575.5,1,2,1,0,8,2,1,1
44,Yes,Travel_Rarely,935,Research & Development,3,3,Life Sciences,1333,1,Male,89,3,1,Laboratory Technician,1,Married,2362,14669,4,No,12,3,3,0,10,4,4,3,2,1,2,1,0.8475320410098494,Medium,0,0,1.5,2617.2,214.72727272727272,2,1,1,1,2,1,0,2
42,No,Non-Travel,495,Research & Development,2,1,Life Sciences,1334,3,Male,37,3,4,Manager,3,Married,17861,26582,0,Yes,13,3,4,0,21,3,2,20,8,2,10,0,1.1520414068142832,Medium,1,0,4.0,12016.6,811.8636363636364,0,1,1,1,3,1,1,2
55,No,Travel_Rarely,282,Research & Development,2,2,Medical,1336,4,Female,58,1,5,Manager,3,Married,19187,6992,4,No,14,3,4,1,23,5,3,19,9,9,11,0,0.9997485342491822,Medium,0,0,3.1666666666666665,13912.199999999999,799.4583333333334,2,1,3,0,3,1,0,2
56,No,Travel_Rarely,206,Human Resources,8,4,Life Sciences,1338,4,Male,99,3,5,Manager,2,Single,19717,4022,6,No,14,3,1,0,36,4,3,7,3,7,7,0,1.027364457694852,Medium,0,0,1.1666666666666667,13230.199999999999,532.8918918918919,2,0,1,1,3,2,0,2
40,No,Non-Travel,458,Research & Development,16,2,Life Sciences,1340,3,Male,74,3,1,Research Scientist,3,Divorced,3544,8532,9,No,16,3,2,1,6,0,3,4,2,0,0,0,1.2716568811765054,High,0,0,2.0,4726.4,506.2857142857143,0,1,1,1,6,0,0,0
34,No,Travel_Rarely,943,Research & Development,9,3,Life Sciences,1344,4,Male,86,3,3,Healthcare Representative,4,Divorced,8500,5494,0,No,11,3,4,1,10,0,2,9,7,1,6,0,0.8658227114689035,Low,0,0,2.25,7200.0,772.7272727272727,2,1,1,1,0,0,0,1
40,No,Travel_Rarely,523,Research & Development,2,3,Life Sciences,1346,3,Male,98,3,2,Research Scientist,4,Single,4661,22455,1,No,13,3,3,0,9,4,3,9,8,8,8,0,0.8471038208218865,Medium,0,0,3.0,4096.6,466.1,2,1,1,1,6,2,0,2
41,No,Travel_Frequently,1018,Sales,1,3,Marketing,1349,3,Female,66,3,2,Sales Executive,1,Divorced,4103,4297,0,No,17,3,4,1,10,2,3,9,3,1,7,0,0.745691262997683,High,0,0,3.0,5161.799999999999,373.0,1,2,2,0,7,0,0,0
35,No,Travel_Frequently,482,Research & Development,4,4,Life Sciences,1350,3,Male,87,3,2,Research Scientist,3,Single,4249,2690,1,Yes,11,3,2,0,9,3,3,9,6,1,1,0,0.7722257315323312,Low,1,1,3.0,3649.4,424.9,1,1,1,1,6,2,1,1
51,No,Travel_Rarely,770,Human Resources,5,3,Life Sciences,1352,3,Male,84,3,4,Manager,2,Divorced,14026,17588,1,Yes,11,3,2,1,33,2,3,33,9,0,10,0,0.904682423827173,Low,1,1,6.6,10515.6,412.52941176470586,2,0,1,1,3,0,1,1
38,No,Travel_Rarely,1009,Sales,2,2,Life Sciences,1355,2,Female,31,3,2,Sales Executive,1,Divorced,6893,19461,3,No,15,3,4,1,11,3,3,7,7,1,7,0,1.2527540521187006,High,0,0,2.3333333333333335,6635.8,574.4166666666666,2,2,1,0,7,0,0,0
34,No,Travel_Rarely,507,Sales,15,2,Medical,1356,3,Female,66,3,2,Sales Executive,1,Single,6125,23553,1,No,12,3,4,0,10,6,4,10,8,9,6,0,1.1131754779090441,Medium,0,0,3.3333333333333335,4875.0,556.8181818181819,2,2,3,0,7,2,0,2
25,No,Travel_Rarely,882,Research & Development,19,1,Medical,1358,4,Male,67,3,1,Laboratory Technician,4,Married,3669,9075,3,No,11,3,3,3,7,6,2,3,2,1,2,0,1.3165093388929454,Low,0,0,1.5,6301.4,458.625,2,1,3,1,2,1,0,1
58,Yes,Travel_Rarely,601,Research & Development,7,4,Medical,1360,3,Female,53,2,3,Manufacturing Director,1,Married,10008,12023,7,Yes,14,3,4,0,31,0,2,10,9,5,9,1,1.0194298466330336,Medium,1,0,2.5,7404.8,312.75,2,1,3,0,4,1,1,2
40,No,Travel_Rarely,329,Research & Development,1,4,Life Sciences,1361,2,Male,88,3,1,Laboratory Technician,2,Married,2387,6762,3,No,22,4,3,1,7,3,3,4,2,0,3,0,0.8565025325531374,High,0,0,2.0,4632.2,298.375,2,1,1,1,2,1,0,0
36,No,Travel_Frequently,607,Sales,7,3,Marketing,1362,1,Female,83,4,2,Sales Executive,1,Married,4639,2261,2,No,16,3,4,1,17,2,2,15,7,6,13,0,0.8431054762481723,High,0,0,5.0,5383.4,257.72222222222223,1,2,2,0,7,1,0,0
48,No,Travel_Rarely,855,Research & Development,4,3,Life Sciences,1363,4,Male,54,3,3,Manufacturing Director,4,Single,7898,18706,1,No,11,3,3,0,11,2,3,10,9,0,8,0,0.8045020911978118,Low,0,0,2.5,5838.8,658.1666666666666,2,1,1,1,4,2,0,1
27,No,Travel_Rarely,1291,Sales,11,3,Medical,1364,3,Female,98,4,1,Sales Representative,4,Married,2534,6527,8,No,14,3,2,1,5,4,3,1,0,0,0,0,0.9092490228276707,Medium,0,0,0.5,3920.3999999999996,422.3333333333333,2,2,3,0,8,1,0,2
51,No,Travel_Rarely,1405,Research & Development,11,2,Technical Degree,1367,4,Female,82,2,4,Manufacturing Director,2,Single,13142,24439,3,No,16,3,2,0,29,1,2,5,2,0,3,0,0.8476640819860763,High,0,0,1.0,9485.2,438.06666666666666,2,1,5,0,4,2,0,0
18,No,Non-Travel,1124,Research & Development,1,3,Life Sciences,1368,4,Female,97,3,1,Laboratory Technician,4,Single,1611,19305,1,No,15,3,3,0,0,5,4,0,0,0,0,0,0.578058475049478,High,0,0,0.0,2466.6,1611.0,0,1,1,0,2,2,0,0
35,No,Travel_Rarely,817,Research & Development,1,3,Medical,1369,4,Female,60,2,2,Laboratory Technician,4,Married,5363,10846,0,No,12,3,2,1,10,0,3,9,7,0,0,0,0.9746873613104006,Medium,0,0,3.0,5417.799999999999,487.54545454545456,2,1,3,0,2,1,0,2
27,No,Travel_Frequently,793,Sales,2,1,Life Sciences,1371,4,Male,43,1,2,Sales Executive,4,Single,5071,20392,3,No,20,4,2,0,8,3,3,6,2,0,0,0,0.9216184242411042,High,0,0,2.0,5042.6,563.4444444444445,1,2,1,1,7,2,0,0
55,Yes,Travel_Rarely,267,Sales,13,4,Marketing,1372,1,Male,85,4,4,Sales Executive,3,Single,13695,9277,6,Yes,17,3,3,0,24,2,2,19,7,3,8,1,0.8833327958301108,High,1,0,3.8,9917.0,547.8,2,2,2,1,7,2,1,0
56,No,Travel_Rarely,1369,Research & Development,23,3,Life Sciences,1373,4,Male,68,3,4,Manufacturing Director,2,Married,13402,18235,4,Yes,12,3,1,1,33,0,3,19,16,15,9,0,0.8644341825275754,Medium,1,0,3.8,10241.2,394.1764705882353,2,1,1,1,4,1,1,2
34,No,Non-Travel,999,Research & Development,26,1,Technical Degree,1374,1,Female,92,2,1,Research Scientist,3,Divorced,2029,15891,1,No,20,4,3,3,5,2,3,5,4,0,0,0,0.7280450936532533,High,0,0,2.5,6217.4,338.1666666666667,0,1,5,0,6,0,0,0
40,No,Travel_Rarely,1202,Research & Development,2,1,Medical,1375,2,Female,89,4,2,Healthcare Representative,3,Divorced,6377,13888,5,No,20,4,2,3,15,0,3,12,11,11,8,0,1.1589746975715878,High,0,0,4.0,8826.2,398.5625,2,1,3,0,0,0,0,0
34,No,Travel_Rarely,285,Research & Development,29,3,Medical,1377,2,Male,86,3,2,Laboratory Technician,3,Married,5429,17491,4,No,13,3,1,2,10,1,3,8,7,7,7,0,0.986682395031543,Medium,0,0,2.6666666666666665,6557.4,493.54545454545456,2,1,3,1,2,1,0,2
31,Yes,Travel_Frequently,703,Sales,2,3,Life Sciences,1379,3,Female,90,2,1,Sales Representative,4,Single,2785,11882,7,No,14,3,3,0,3,3,4,1,0,0,0,1,0.9993127579222821,Medium,0,0,0.5,3071.0,696.25,1,2,1,0,8,2,0,2
35,Yes,Travel_Frequently,662,Sales,18,4,Marketing,1380,4,Female,67,3,2,Sales Executive,3,Married,4614,23288,0,Yes,18,3,3,1,5,0,2,4,2,3,2,1,0.8385619028689518,High,1,0,1.3333333333333333,5568.4,769.0,1,2,2,0,7,1,1,0
38,No,Travel_Frequently,693,Research & Development,7,3,Life Sciences,1382,4,Male,57,4,1,Research Scientist,3,Divorced,2610,15748,1,No,11,3,4,3,4,2,3,4,2,0,3,0,0.9365193171192662,Low,0,0,2.0,5666.0,522.0,1,1,1,1,6,0,0,1
34,No,Travel_Rarely,404,Research & Development,2,4,Technical Degree,1383,3,Female,98,3,2,Healthcare Representative,4,Single,6687,6163,1,No,11,3,4,0,14,2,4,14,11,4,11,0,1.215315007473923,Low,0,0,4.666666666666667,5112.2,445.8,2,1,5,0,0,2,0,1
28,No,Travel_Rarely,736,Sales,26,3,Life Sciences,1387,3,Male,48,2,2,Sales Executive,1,Married,4724,24232,1,No,11,3,3,1,5,0,3,5,3,0,4,0,0.8585536257375224,Low,0,0,1.6666666666666667,4934.4,787.3333333333334,2,2,1,1,7,1,0,1
31,Yes,Travel_Rarely,330,Research & Development,22,4,Medical,1389,4,Male,98,3,2,Manufacturing Director,3,Married,6179,21057,1,Yes,15,3,4,2,10,3,2,10,2,6,7,1,1.1229895964081607,High,1,0,3.3333333333333335,7207.4,561.7272727272727,2,1,3,1,4,1,1,0
39,No,Travel_Rarely,1498,Sales,21,4,Life Sciences,1390,1,Male,44,2,2,Sales Executive,4,Married,6120,3567,3,Yes,12,3,4,2,8,2,4,5,4,1,4,0,1.1122667632332,Medium,1,0,1.6666666666666667,6872.0,680.0,2,2,1,1,7,1,1,2
51,No,Travel_Frequently,541,Sales,2,3,Marketing,1391,2,Male,52,3,3,Sales Executive,2,Married,10596,15395,2,No,11,3,2,0,14,5,3,4,2,3,2,0,1.0793244059675884,Low,0,0,1.0,7457.599999999999,706.4,1,2,2,1,7,1,0,1
41,No,Travel_Frequently,1200,Research & Development,22,3,Life Sciences,1392,4,Female,75,3,2,Research Scientist,4,Divorced,5467,13953,3,Yes,14,3,1,2,12,4,2,6,2,3,3,0,0.9935886265679583,Medium,1,0,2.0,6680.2,420.53846153846155,1,1,1,0,6,0,1,2
37,No,Travel_Rarely,1439,Research & Development,4,1,Life Sciences,1394,3,Male,54,3,1,Research Scientist,3,Married,2996,5182,7,Yes,15,3,4,0,8,2,3,6,4,1,3,0,1.0750237065476327,High,1,0,3.0,3297.6,332.8888888888889,2,1,1,1,6,1,1,0
33,No,Travel_Frequently,1111,Sales,5,1,Life Sciences,1395,2,Male,61,3,2,Sales Executive,4,Married,9998,19293,6,No,13,3,1,0,8,2,4,5,4,1,2,0,1.8170658658178978,Medium,0,0,1.6666666666666667,7298.8,1110.888888888889,1,2,1,1,7,1,0,2
32,No,Travel_Rarely,499,Sales,2,1,Marketing,1396,3,Male,36,3,2,Sales Executive,2,Married,4078,20497,0,Yes,13,3,1,3,4,3,2,3,2,1,2,0,0.7411476896184623,Medium,1,0,1.0,6746.799999999999,815.6,2,2,2,1,7,1,1,2
39,No,Non-Travel,1485,Research & Development,25,2,Life Sciences,1397,3,Male,71,3,3,Healthcare Representative,3,Married,10920,3449,3,No,21,4,2,1,13,2,3,6,4,0,5,0,1.1123275304988738,High,0,0,1.5,9652.0,780.0,0,1,1,1,0,1,0,0
25,No,Travel_Rarely,1372,Sales,18,1,Life Sciences,1399,1,Male,93,4,2,Sales Executive,3,Married,6232,12477,2,No,11,3,2,0,6,3,2,3,2,1,2,0,1.1326219719721082,Low,0,0,1.0,4839.2,890.2857142857143,2,2,1,1,7,1,0,1
52,No,Travel_Frequently,322,Research & Development,28,2,Medical,1401,4,Female,59,4,4,Manufacturing Director,3,Married,13247,9731,2,Yes,11,3,2,1,24,3,2,5,3,0,2,0,0.854436622589374,Low,1,1,1.0,10048.2,529.88,1,1,3,0,4,1,1,1
43,No,Travel_Rarely,930,Research & Development,6,3,Medical,1402,1,Female,73,2,2,Research Scientist,3,Single,4081,20003,1,Yes,14,3,1,0,20,3,1,20,7,1,8,0,0.7416929184239689,Medium,1,0,6.666666666666667,3848.6,194.33333333333334,2,1,3,0,6,2,1,2
27,No,Travel_Rarely,205,Sales,10,3,Marketing,1403,4,Female,98,2,2,Sales Executive,4,Married,5769,7100,1,Yes,11,3,4,0,6,3,3,6,2,4,4,0,1.048474992988943,Low,1,1,2.0,4561.4,824.1428571428571,2,2,2,0,7,1,1,1
27,Yes,Travel_Rarely,135,Research & Development,17,4,Life Sciences,1405,4,Female,51,3,1,Research Scientist,3,Single,2394,25681,1,Yes,13,3,4,0,8,2,3,8,2,7,7,1,0.859014270185258,Medium,1,0,4.0,2736.3999999999996,266.0,2,1,1,0,6,2,1,2
26,No,Travel_Rarely,683,Research & Development,2,1,Medical,1407,1,Male,36,2,1,Research Scientist,4,Single,3904,4050,0,No,12,3,4,0,5,2,3,4,3,1,1,0,1.4008319593998526,Medium,0,0,2.0,3542.4,650.6666666666666,2,1,3,1,6,2,0,2
42,No,Travel_Rarely,1147,Human Resources,10,3,Human Resources,1408,3,Female,31,3,4,Manager,1,Married,16799,16616,0,No,14,3,3,1,21,5,3,20,7,0,9,0,1.0835419961409296,Medium,0,0,4.0,12479.4,763.5909090909091,2,0,0,0,3,1,0,2
52,No,Travel_Rarely,258,Research & Development,8,4,Other,1409,3,Female,54,3,1,Laboratory Technician,1,Married,2950,17363,9,No,13,3,3,0,12,2,1,5,4,0,4,0,1.058518002107983,Medium,0,0,2.5,3070.0,226.92307692307693,2,1,4,0,2,1,0,2
37,No,Travel_Rarely,1462,Research & Development,11,3,Medical,1411,1,Female,94,3,1,Laboratory Technician,3,Single,3629,19106,4,No,18,3,1,0,8,6,3,3,2,0,2,0,1.3021565524236847,High,0,0,1.5,3977.4,403.22222222222223,2,1,3,0,2,2,0,0
35,No,Travel_Frequently,200,Research & Development,18,2,Life Sciences,1412,3,Male,60,3,3,Manufacturing Director,4,Single,9362,19944,2,No,11,3,3,0,10,2,3,2,2,2,2,0,0.953627320561397,Low,0,0,0.5,6717.2,851.0909090909091,1,1,1,1,4,2,0,1
25,No,Travel_Rarely,949,Research & Development,1,3,Technical Degree,1415,1,Male,81,3,1,Laboratory Technician,4,Married,3229,4910,4,No,11,3,2,1,7,2,2,3,2,0,2,0,1.1586286877310767,Low,0,0,1.5,4037.3999999999996,403.625,2,1,5,1,2,1,0,1
26,No,Travel_Rarely,652,Research & Development,7,3,Other,1417,3,Male,100,4,1,Laboratory Technician,1,Single,3578,23577,0,No,12,3,4,0,8,2,3,7,7,0,7,0,1.2838567496753772,Medium,0,0,3.5,3346.7999999999997,397.55555555555554,2,1,4,1,2,2,0,2
29,No,Travel_Rarely,332,Human Resources,17,3,Other,1419,2,Male,51,2,3,Human Resources,1,Single,7988,9769,1,No,13,3,1,0,10,3,2,10,9,0,9,0,0.8136696257898355,Medium,0,0,2.5,6092.8,726.1818181818181,2,0,4,1,1,2,0,2
49,Yes,Travel_Frequently,1475,Research & Development,28,2,Life Sciences,1420,1,Male,97,2,2,Laboratory Technician,1,Single,4284,22710,3,No,20,4,1,0,20,2,3,4,3,1,3,1,0.77858673426324,High,0,0,1.3333333333333333,4570.4,204.0,1,1,1,1,2,2,0,0
29,Yes,Travel_Frequently,337,Research & Development,14,1,Other,1421,3,Female,84,3,3,Healthcare Representative,4,Single,7553,22930,0,Yes,12,3,1,0,9,1,3,8,7,7,7,1,0.769359875261721,Medium,1,0,2.0,5731.8,755.3,1,1,4,0,0,2,1,2
54,No,Travel_Rarely,971,Research & Development,1,3,Medical,1422,4,Female,54,3,4,Research Director,4,Single,17328,5652,6,No,19,3,4,0,29,3,2,20,7,12,7,0,1.1176627007042104,High,0,0,4.0,12296.8,577.6,2,1,3,0,5,2,0,0
58,No,Travel_Rarely,1055,Research & Development,1,3,Medical,1423,4,Female,76,3,5,Research Director,1,Married,19701,22456,3,Yes,21,4,3,1,32,3,3,9,8,1,5,0,1.0265307694398884,High,1,0,1.5,14920.6,597.0,2,1,3,0,5,1,1,0
55,No,Travel_Rarely,1136,Research & Development,1,4,Medical,1424,2,Male,81,4,4,Research Director,4,Divorced,14732,12414,2,No,13,3,4,2,31,4,4,7,7,0,0,0,0.9502196968360126,Medium,0,0,1.4,12139.199999999999,460.375,2,1,3,1,5,0,0,2
36,No,Travel_Rarely,1174,Sales,3,4,Marketing,1425,1,Female,99,3,2,Sales Executive,2,Single,9278,20763,3,Yes,16,3,4,0,15,3,3,5,4,0,1,0,1.6862109524963447,High,1,0,1.6666666666666667,7166.8,579.875,2,2,2,0,7,2,1,0
31,Yes,Travel_Frequently,667,Sales,1,4,Life Sciences,1427,2,Female,50,1,1,Sales Representative,3,Single,1359,16154,1,No,12,3,2,0,1,3,3,1,0,0,0,1,0.4876359202931352,Medium,0,0,0.5,2015.4,679.5,1,2,1,0,8,2,0,2
30,No,Travel_Rarely,855,Sales,7,4,Marketing,1428,4,Female,73,3,2,Sales Executive,1,Divorced,4779,12761,7,No,14,3,2,2,8,3,3,3,2,0,2,0,0.8685494871718077,Medium,0,0,1.0,6267.4,531.0,2,2,2,0,7,0,0,2
31,No,Travel_Rarely,182,Research & Development,8,5,Life Sciences,1430,1,Female,93,3,4,Research Director,2,Single,16422,8847,3,No,11,3,3,0,9,3,4,3,2,1,0,0,1.059225350355756,Low,0,0,0.6,10953.199999999999,1642.2,2,1,1,0,5,2,0,1
34,No,Travel_Frequently,560,Research & Development,1,4,Other,1431,4,Male,91,3,1,Research Scientist,1,Divorced,2996,20284,5,No,14,3,3,2,10,2,3,4,3,1,3,0,1.0750237065476327,Medium,0,0,2.0,5197.6,272.3636363636364,1,1,4,1,6,0,0,2
31,Yes,Travel_Rarely,202,Research & Development,8,3,Life Sciences,1433,1,Female,34,2,1,Research Scientist,2,Single,1261,22262,1,No,12,3,3,0,1,3,4,1,0,0,0,1,0.45247159344344623,Medium,0,0,0.5,1956.6,630.5,2,1,1,0,6,2,0,2
27,No,Travel_Rarely,1377,Research & Development,11,1,Life Sciences,1434,2,Male,91,3,1,Laboratory Technician,1,Married,2099,7679,0,No,14,3,2,0,6,3,4,5,0,1,4,0,0.7531624699744597,Medium,0,0,2.5,2659.3999999999996,299.85714285714283,2,1,1,1,2,1,0,2
36,No,Travel_Rarely,172,Research & Development,4,4,Life Sciences,1435,1,Male,37,2,2,Laboratory Technician,4,Single,5810,22604,1,No,16,3,3,0,10,2,2,10,4,1,8,0,1.0559264533308648,High,0,0,3.3333333333333335,5086.0,528.1818181818181,2,1,1,1,2,2,0,0
36,No,Travel_Rarely,329,Sales,16,4,Marketing,1436,3,Female,98,2,2,Sales Executive,1,Married,5647,13494,4,No,13,3,1,2,11,3,2,3,2,0,2,0,1.0263023548983465,Medium,0,0,1.0,6688.2,470.5833333333333,2,2,2,0,7,1,0,2
47,No,Travel_Rarely,465,Research & Development,1,3,Technical Degree,1438,1,Male,74,3,1,Research Scientist,4,Married,3420,10205,7,No,12,3,3,1,17,2,2,6,5,1,2,0,1.2271632431217971,Medium,0,0,3.0,4252.0,190.0,2,1,5,1,6,1,0,2
25,Yes,Travel_Rarely,383,Sales,9,2,Life Sciences,1439,1,Male,68,2,1,Sales Representative,1,Married,4400,15182,3,No,12,3,1,0,6,2,3,3,2,2,2,1,1.5788065116186862,Medium,0,0,1.5,3840.0,628.5714285714286,2,2,1,1,8,1,0,2
37,No,Non-Travel,1413,Research & Development,5,2,Technical Degree,1440,3,Male,84,4,1,Laboratory Technician,3,Single,3500,25470,0,No,14,3,1,0,7,2,1,6,5,1,3,0,1.2558688160603186,Medium,0,0,3.0,3500.0,437.5,0,1,5,1,2,2,0,2
56,No,Travel_Rarely,1255,Research & Development,1,2,Life Sciences,1441,1,Female,90,3,1,Research Scientist,1,Married,2066,10494,2,No,22,4,4,1,5,3,4,3,2,1,0,0,0.7413214211373195,High,0,0,1.5,4439.6,344.3333333333333,2,1,1,0,6,1,0,0
47,No,Travel_Rarely,359,Research & Development,2,4,Medical,1443,1,Female,82,3,4,Research Director,3,Married,17169,26703,3,No,19,3,2,2,26,2,4,20,17,5,6,0,1.1074071392192166,High,0,0,4.0,14201.4,635.8888888888889,2,1,3,0,5,1,0,0
24,No,Travel_Rarely,1476,Sales,4,1,Medical,1445,4,Female,42,3,2,Sales Executive,3,Married,4162,15211,1,Yes,12,3,3,2,5,3,3,5,4,0,3,0,0.7564140961726435,Medium,1,0,1.6666666666666667,5697.2,693.6666666666666,2,2,3,0,7,1,1,2
32,No,Travel_Rarely,601,Sales,7,5,Marketing,1446,4,Male,97,3,2,Sales Executive,4,Married,9204,23343,4,No,12,3,3,1,7,3,2,4,3,0,3,0,1.6727619752938518,Medium,0,0,1.3333333333333333,7722.4,1150.5,2,2,2,1,7,1,0,2
34,No,Travel_Rarely,401,Research & Development,1,3,Life Sciences,1447,4,Female,86,2,1,Laboratory Technician,2,Married,3294,3708,5,No,17,3,1,1,7,2,2,5,4,0,2,0,1.1819519657436257,High,0,0,2.5,4676.4,411.75,2,1,1,0,2,1,0,0
41,No,Travel_Rarely,1283,Research & Development,5,5,Medical,1448,2,Male,90,4,1,Research Scientist,3,Married,2127,5561,2,Yes,12,3,1,0,7,5,2,4,2,0,3,0,0.7632094205029423,Medium,1,0,2.0,2476.2,265.875,2,1,3,1,6,1,1,2
40,No,Non-Travel,663,Research & Development,9,4,Other,1449,3,Male,81,3,2,Laboratory Technician,3,Divorced,3975,23099,3,No,11,3,3,2,11,2,4,8,7,0,7,0,0.7224281672960735,Low,0,0,2.6666666666666665,5485.0,331.25,0,1,4,1,2,0,0,1
31,No,Travel_Rarely,326,Sales,8,2,Life Sciences,1453,1,Male,31,3,3,Sales Executive,4,Divorced,10793,8386,1,No,18,3,1,1,13,5,3,13,7,9,9,0,1.0993911205745737,High,0,0,3.25,9275.8,770.9285714285714,2,2,1,1,7,0,0,0
46,Yes,Travel_Rarely,377,Sales,9,3,Marketing,1457,1,Male,52,3,3,Sales Executive,4,Divorced,10096,15986,4,No,11,3,1,1,28,1,4,7,7,4,3,1,1.0283936582341235,Low,0,0,1.75,8157.599999999999,348.13793103448273,2,2,2,1,7,0,0,1
39,Yes,Non-Travel,592,Research & Development,2,3,Life Sciences,1458,1,Female,54,2,1,Laboratory Technician,1,Single,3646,17181,2,Yes,23,4,2,0,11,2,4,1,0,0,0,1,1.3082564866731206,High,1,0,0.5,4487.6,303.8333333333333,0,1,1,0,2,2,1,0
31,Yes,Travel_Frequently,1445,Research & Development,1,5,Life Sciences,1459,3,Female,100,4,3,Manufacturing Director,2,Single,7446,8931,1,No,11,3,1,0,10,2,3,10,8,4,7,1,0.7584606952467595,Low,0,0,2.5,5567.599999999999,676.9090909090909,1,1,1,0,4,2,0,1
45,No,Travel_Rarely,1038,Research & Development,20,3,Medical,1460,2,Male,95,1,3,Healthcare Representative,1,Divorced,10851,19863,2,Yes,18,3,2,1,24,2,3,7,7,0,7,0,1.1052990873116555,High,1,0,1.75,9310.599999999999,434.04,2,1,3,1,0,0,1,0
31,No,Travel_Rarely,1398,Human Resources,8,2,Medical,1461,4,Female,96,4,1,Human Resources,2,Single,2109,24609,9,No,18,3,4,0,8,3,3,3,2,0,2,0,0.7567506665917749,High,0,0,1.5,3065.3999999999996,234.33333333333334,2,0,3,0,1,2,0,0
31,Yes,Travel_Frequently,523,Research & Development,2,3,Life Sciences,1464,2,Male,94,3,1,Laboratory Technician,4,Married,3722,21081,6,Yes,13,3,3,1,7,2,1,2,2,2,2,1,1.335526780964716,Medium,1,0,1.0,4533.2,465.25,1,1,1,1,2,1,1,2
45,No,Travel_Rarely,1448,Research & Development,29,3,Technical Degree,1465,2,Male,55,3,3,Manufacturing Director,4,Married,9380,14720,4,Yes,18,3,4,2,10,4,4,3,1,1,2,0,0.9554608274798018,High,1,0,0.75,9428.0,852.7272727272727,2,1,5,1,4,1,1,0
48,No,Travel_Rarely,1221,Sales,7,3,Marketing,1466,3,Male,96,3,2,Sales Executive,1,Divorced,5486,24795,4,No,11,3,1,3,15,3,3,2,2,2,2,0,0.9970417423361659,Low,0,0,0.6666666666666666,7391.6,342.875,2,2,2,1,7,0,0,1
34,Yes,Travel_Rarely,1107,Human Resources,9,4,Technical Degree,1467,1,Female,52,3,1,Human Resources,3,Married,2742,3072,1,No,15,3,4,0,2,0,3,2,2,2,2,1,0.9838835124678268,High,0,0,1.0,3145.2,914.0,2,0,5,0,1,1,0,0
40,No,Non-Travel,218,Research & Development,8,1,Medical,1468,4,Male,55,2,3,Research Director,2,Divorced,13757,25178,2,No,11,3,3,1,16,5,3,9,8,4,8,0,1.4013085931385536,Low,0,0,2.25,10354.199999999999,809.2352941176471,0,1,3,1,5,0,0,1
28,No,Travel_Rarely,866,Sales,5,3,Medical,1469,4,Male,84,3,2,Sales Executive,1,Single,8463,23490,0,No,18,3,4,0,6,4,3,5,4,1,3,0,1.5380904603337535,High,0,0,1.6666666666666667,6877.8,1209.0,2,2,3,1,7,2,0,0
44,No,Non-Travel,981,Research & Development,5,3,Life Sciences,1471,3,Male,90,2,1,Laboratory Technician,3,Single,3162,7973,3,No,14,3,4,0,7,5,3,5,2,0,3,0,1.134587770395065,Medium,0,0,2.5,3297.2,395.25,0,1,1,1,2,2,0,2
53,No,Travel_Rarely,447,Research & Development,2,3,Medical,1472,4,Male,39,4,4,Research Director,2,Single,16598,19764,4,No,12,3,2,0,35,2,2,9,8,8,8,0,1.0705774184146168,Medium,0,0,1.8,11158.8,461.05555555555554,2,1,3,1,5,2,0,2
49,No,Travel_Rarely,1495,Research & Development,5,4,Technical Degree,1473,1,Male,96,3,2,Healthcare Representative,3,Married,6651,21534,2,No,14,3,2,1,20,0,2,3,2,1,2,0,1.2087722618078454,Medium,0,0,1.0,6390.6,316.7142857142857,2,1,5,1,0,1,0,2
40,No,Travel_Rarely,896,Research & Development,2,3,Medical,1474,3,Male,68,3,1,Research Scientist,3,Divorced,2345,8045,2,No,14,3,3,1,8,3,4,3,1,1,2,0,0.8414321067604135,Medium,0,0,1.5,3807.0,260.55555555555554,2,1,3,1,6,0,0,2
44,No,Travel_Rarely,1467,Research & Development,20,3,Life Sciences,1475,4,Male,49,3,1,Research Scientist,2,Single,3420,21158,1,No,13,3,3,0,6,3,2,5,2,1,3,0,1.2271632431217971,Medium,0,0,2.5,3352.0,488.57142857142856,2,1,1,1,6,2,0,2
33,No,Travel_Frequently,430,Sales,7,3,Medical,1477,4,Male,54,3,2,Sales Executive,1,Married,4373,17456,0,No,14,3,1,2,5,2,3,4,3,0,3,0,0.7947618554932653,Medium,0,0,1.3333333333333333,6023.799999999999,728.8333333333334,1,2,3,1,7,1,0,2
34,No,Travel_Rarely,1326,Sales,3,3,Other,1478,4,Male,81,1,2,Sales Executive,1,Single,4759,15891,3,No,18,3,4,0,15,2,3,13,9,3,12,0,0.8649146284684313,High,0,0,4.333333333333333,4655.4,297.4375,2,2,4,1,7,2,0,0
30,No,Travel_Rarely,1358,Sales,16,1,Life Sciences,1479,4,Male,96,3,2,Sales Executive,3,Married,5301,2939,8,No,15,3,3,2,4,2,2,2,1,2,2,0,0.9634192993299335,High,0,0,0.6666666666666666,6680.6,1060.2,2,2,1,1,7,1,0,0
42,No,Travel_Frequently,748,Research & Development,9,2,Medical,1480,1,Female,74,3,1,Laboratory Technician,4,Single,3673,16458,1,No,13,3,3,0,12,3,3,12,9,5,8,0,1.3179446175398715,Medium,0,0,6.0,3503.7999999999997,282.53846153846155,1,1,3,0,2,2,0,2
44,No,Travel_Frequently,383,Sales,1,5,Marketing,1481,1,Female,79,3,2,Sales Executive,3,Married,4768,9282,7,No,12,3,3,1,11,4,2,1,0,0,0,0,0.8665503148849506,Medium,0,0,0.3333333333333333,5060.799999999999,397.3333333333333,1,2,2,0,7,1,0,2
30,No,Non-Travel,990,Research & Development,7,3,Technical Degree,1482,3,Male,64,3,1,Research Scientist,3,Divorced,1274,7152,1,No,13,3,2,2,1,2,2,1,0,0,0,0,0.457136249045956,Medium,0,0,0.5,4064.4,637.0,0,1,5,1,6,0,0,2
57,No,Travel_Rarely,405,Research & Development,1,2,Life Sciences,1483,2,Male,93,4,2,Research Scientist,3,Married,4900,2721,0,No,24,4,1,1,13,2,2,12,9,2,8,0,0.8905403823272353,High,0,0,4.0,6340.0,350.0,2,1,1,1,6,1,0,0
49,No,Travel_Rarely,1490,Research & Development,7,4,Life Sciences,1484,3,Male,35,3,3,Healthcare Representative,2,Divorced,10466,20948,3,No,14,3,2,2,29,3,3,8,7,0,7,0,1.0660824115568877,Medium,0,0,2.0,9679.599999999999,348.8666666666667,2,1,1,1,0,0,0,2
34,No,Travel_Frequently,829,Research & Development,15,3,Medical,1485,2,Male,71,3,4,Research Director,1,Divorced,17007,11929,7,No,14,3,4,2,16,3,2,14,8,6,9,0,1.096958076574129,Medium,0,0,2.8,13604.199999999999,1000.4117647058823,1,1,3,1,5,0,0,2
28,Yes,Travel_Frequently,1496,Sales,1,3,Technical Degree,1486,1,Male,92,3,1,Sales Representative,3,Married,2909,15747,3,No,15,3,4,1,5,3,4,3,2,1,2,1,1.0438063959769905,High,0,0,1.5,4245.4,484.8333333333333,1,2,5,1,8,1,0,0
29,Yes,Travel_Frequently,115,Sales,13,3,Technical Degree,1487,1,Female,51,3,2,Sales Executive,2,Single,5765,17485,5,No,11,3,1,0,7,4,1,5,3,0,0,1,1.0477480212482677,Low,0,0,1.6666666666666667,4559.0,720.625,1,2,5,0,7,2,0,1
34,Yes,Travel_Rarely,790,Sales,24,4,Medical,1489,1,Female,40,2,2,Sales Executive,2,Single,4599,7815,0,Yes,23,4,3,0,16,2,4,15,9,10,10,1,0.8358357588414195,High,1,0,5.0,5059.4,270.52941176470586,2,2,3,0,7,2,1,0
35,No,Travel_Rarely,660,Sales,7,1,Life Sciences,1492,4,Male,76,3,1,Sales Representative,3,Married,2404,16192,1,No,13,3,1,1,1,3,3,1,0,0,0,0,0.8626024668025731,Medium,0,0,0.5,3742.3999999999996,1202.0,2,2,1,1,8,1,0,2
24,Yes,Travel_Frequently,381,Research & Development,9,3,Medical,1494,2,Male,89,3,1,Laboratory Technician,1,Single,3172,16998,2,Yes,11,3,3,0,4,2,2,0,0,0,0,1,1.13817596701238,Low,1,1,0.0,3003.2,634.4,1,1,3,1,2,2,1,1
24,No,Non-Travel,830,Sales,13,2,Life Sciences,1495,4,Female,78,3,1,Sales Representative,2,Married,2033,7103,1,No,13,3,3,1,1,2,3,1,0,0,0,0,0.7294803723001794,Medium,0,0,0.5,3519.8,1016.5,0,2,1,0,8,1,0,2
44,No,Travel_Frequently,1193,Research & Development,2,1,Medical,1496,2,Male,86,3,3,Manufacturing Director,3,Single,10209,19719,5,Yes,18,3,2,0,16,2,2,2,2,2,2,0,1.0399040072218866,High,1,0,0.5,7925.4,600.5294117647059,1,1,3,1,4,2,1,0
29,No,Travel_Rarely,1246,Sales,19,3,Life Sciences,1497,3,Male,77,2,2,Sales Executive,3,Divorced,8620,23757,1,No,14,3,3,2,10,3,3,10,7,0,4,0,1.5666241011552589,Medium,0,0,3.3333333333333335,8572.0,783.6363636363636,2,2,1,1,7,0,0,2
30,No,Travel_Rarely,330,Human Resources,1,3,Life Sciences,1499,3,Male,46,3,1,Human Resources,3,Divorced,2064,15428,0,No,21,4,1,1,6,3,4,5,3,1,3,0,0.7406037818138564,High,0,0,2.5,4338.4,294.85714285714283,2,0,1,1,1,0,0,0
55,No,Travel_Rarely,1229,Research & Development,4,4,Life Sciences,1501,4,Male,30,3,2,Healthcare Representative,3,Married,4035,16143,0,Yes,16,3,2,0,4,2,3,3,2,1,2,0,0.7333327434062029,High,1,0,1.0,4021.0,807.0,2,1,1,1,0,1,1,0
33,No,Travel_Rarely,1099,Research & Development,4,4,Medical,1502,1,Female,82,2,1,Laboratory Technician,2,Married,3838,8192,8,No,11,3,4,0,8,5,3,5,4,0,2,0,1.3771498617255722,Low,0,0,2.5,3402.7999999999997,426.44444444444446,2,1,3,0,2,1,0,1
47,No,Travel_Rarely,571,Sales,14,3,Medical,1503,3,Female,78,3,2,Sales Executive,3,Married,4591,24200,3,Yes,17,3,3,1,11,4,2,5,4,1,2,0,0.8343818153600688,High,1,0,1.6666666666666667,5454.6,382.5833333333333,2,2,3,0,7,1,1,0
28,Yes,Travel_Frequently,289,Research & Development,2,2,Medical,1504,3,Male,38,2,1,Laboratory Technician,1,Single,2561,5355,7,No,11,3,3,0,8,2,2,0,0,0,0,1,0.9189371536944217,Low,0,0,0.0,2636.6,284.55555555555554,1,1,3,1,2,2,0,1
28,No,Travel_Rarely,1423,Research & Development,1,3,Life Sciences,1506,1,Male,72,2,1,Research Scientist,3,Divorced,1563,12530,1,No,14,3,4,1,1,2,1,1,0,0,0,0,0.5608351312863652,Medium,0,0,0.5,3337.8,781.5,2,1,1,1,6,0,0,2
28,No,Travel_Frequently,467,Sales,7,3,Life Sciences,1507,3,Male,55,3,2,Sales Executive,1,Single,4898,11827,0,No,14,3,4,0,5,5,3,4,2,1,3,0,0.8901768964568977,Medium,0,0,1.3333333333333333,4338.799999999999,816.3333333333334,1,2,1,1,7,2,0,2
49,No,Travel_Rarely,271,Research & Development,3,2,Medical,1509,3,Female,43,2,2,Laboratory Technician,1,Married,4789,23070,4,No,25,4,1,1,10,3,3,3,2,1,2,0,0.870366916523496,High,0,0,1.0,6373.4,435.3636363636364,2,1,3,0,2,1,0,0
29,No,Travel_Frequently,410,Research & Development,2,1,Life Sciences,1513,4,Female,97,3,1,Laboratory Technician,2,Married,3180,4668,0,No,13,3,3,3,4,3,3,3,2,0,2,0,1.1410465243062324,Medium,0,0,1.5,6208.0,636.0,1,1,1,0,2,1,0,2
28,No,Travel_Rarely,1083,Research & Development,29,1,Life Sciences,1514,3,Male,96,1,2,Manufacturing Director,2,Married,6549,3173,1,No,14,3,2,2,8,2,2,8,6,1,7,0,1.1902344824206252,Medium,0,0,2.6666666666666665,7329.4,727.6666666666666,2,1,1,1,4,1,0,2
33,No,Travel_Rarely,516,Research & Development,8,5,Life Sciences,1515,4,Male,69,3,2,Healthcare Representative,3,Single,6388,22049,2,Yes,17,3,1,0,14,6,3,0,0,0,0,0,1.1609738698584446,High,1,0,0.0,5532.799999999999,425.8666666666667,2,1,1,1,0,2,1,0
32,No,Travel_Rarely,495,Research & Development,10,3,Medical,1516,3,Male,64,3,3,Manager,4,Single,11244,21072,2,No,25,4,2,0,10,5,4,5,2,0,0,0,1.145330655030159,High,0,0,1.25,9246.4,1022.1818181818181,2,1,3,1,3,2,0,0
54,No,Travel_Frequently,1050,Research & Development,11,4,Medical,1520,2,Female,87,3,4,Manager,4,Divorced,16032,24456,3,No,20,4,1,1,26,2,3,14,9,1,12,0,1.0340701995435075,High,0,0,2.8,12619.199999999999,593.7777777777778,1,1,3,0,3,0,0,0
29,Yes,Travel_Rarely,224,Research & Development,1,4,Technical Degree,1522,1,Male,100,2,1,Research Scientist,1,Single,2362,7568,6,No,13,3,3,0,11,2,1,9,7,0,7,1,0.8475320410098494,Medium,0,0,4.5,2717.2,196.83333333333334,2,1,5,1,6,2,0,2
44,No,Travel_Rarely,136,Research & Development,28,3,Life Sciences,1523,4,Male,32,3,4,Research Director,1,Married,16328,22074,3,No,13,3,3,1,24,1,4,20,6,14,17,0,1.0531623140061372,Medium,0,0,4.0,12096.8,653.12,2,1,1,1,5,1,0,2
39,No,Travel_Rarely,1089,Research & Development,6,3,Life Sciences,1525,2,Female,32,3,3,Manufacturing Director,2,Single,8376,9150,4,No,18,3,4,0,9,3,3,2,0,2,2,0,0.8531918860310043,High,0,0,0.5,6825.599999999999,837.6,2,1,1,0,4,2,0,0
46,No,Travel_Rarely,228,Sales,3,3,Life Sciences,1527,3,Female,51,3,4,Manager,2,Married,16606,11380,8,No,12,3,4,1,23,2,4,13,12,5,1,0,1.0710934215082015,Medium,0,0,2.6,12163.6,691.9166666666666,2,2,1,0,3,1,0,2
35,No,Travel_Rarely,1029,Research & Development,16,3,Life Sciences,1529,4,Female,91,2,3,Healthcare Representative,2,Single,8606,21195,1,No,19,3,4,0,11,3,1,11,8,3,3,0,0.876620029988398,High,0,0,2.75,7063.599999999999,717.1666666666666,2,1,1,0,0,2,0,0
23,No,Travel_Rarely,507,Research & Development,20,1,Life Sciences,1533,1,Male,97,3,2,Laboratory Technician,3,Single,2272,24812,0,No,14,3,2,0,5,2,3,4,3,1,2,0,0.4129199487035671,Medium,0,0,1.3333333333333333,2763.2,378.6666666666667,2,1,1,1,2,2,0,2
40,Yes,Travel_Rarely,676,Research & Development,9,4,Life Sciences,1534,4,Male,86,3,1,Laboratory Technician,1,Single,2018,21831,3,No,14,3,2,0,15,3,1,5,4,1,0,1,0.7240980773742066,Medium,0,0,2.5,2610.8,126.125,2,1,1,1,2,2,0,2
34,No,Travel_Rarely,971,Sales,1,3,Technical Degree,1535,4,Male,64,2,3,Sales Executive,3,Married,7083,12288,1,Yes,14,3,4,0,10,3,3,10,9,8,6,0,0.721484972392264,Medium,1,0,2.5,5649.8,643.9090909090909,2,2,5,1,7,1,1,2
31,Yes,Travel_Frequently,561,Research & Development,3,3,Life Sciences,1537,4,Female,33,3,1,Research Scientist,3,Single,4084,4156,1,No,12,3,1,0,7,2,1,7,2,7,7,1,1.465419498511526,Medium,0,0,3.5,3650.4,510.5,1,1,1,0,6,2,0,2
50,No,Travel_Frequently,333,Research & Development,22,5,Medical,1539,3,Male,88,1,4,Research Director,4,Single,14411,24450,1,Yes,13,3,4,0,32,2,3,32,6,13,9,0,0.9295150727059311,Medium,1,0,6.4,9946.6,436.6969696969697,1,1,3,1,5,2,1,2
34,No,Travel_Rarely,1440,Sales,7,2,Technical Degree,1541,2,Male,55,3,1,Sales Representative,3,Married,2308,4944,0,Yes,25,4,2,1,12,4,3,11,10,5,7,0,0.8281557792763473,High,1,0,5.5,4884.8,177.53846153846155,2,2,5,1,8,1,1,0
42,No,Travel_Rarely,1210,Research & Development,2,3,Medical,1542,3,Male,68,2,1,Laboratory Technician,2,Married,4841,24052,4,No,14,3,2,1,4,3,3,1,0,0,0,0,1.7370459824422864,Medium,0,0,0.5,5304.6,968.2,2,1,3,1,2,1,0,2
37,No,Travel_Rarely,674,Research & Development,13,3,Medical,1543,1,Male,47,3,2,Research Scientist,4,Married,4285,3031,1,No,17,3,1,0,10,2,3,10,8,3,7,0,0.7787684771984088,High,0,0,3.3333333333333335,4271.0,389.54545454545456,2,1,3,1,6,1,0,0
29,No,Travel_Rarely,441,Research & Development,8,1,Other,1544,3,Female,39,1,2,Healthcare Representative,1,Married,9715,7288,3,No,13,3,3,1,9,3,3,7,7,0,7,0,1.7656326151651207,Medium,0,0,2.3333333333333335,8129.0,971.5,2,1,4,0,0,1,0,2
33,No,Travel_Rarely,575,Research & Development,25,3,Life Sciences,1545,4,Male,44,2,2,Manufacturing Director,2,Single,4320,24152,1,No,13,3,4,0,5,2,3,5,3,0,2,0,0.7851294799293177,Medium,0,0,1.6666666666666667,3892.0,720.0,2,1,1,1,4,2,0,2
45,No,Travel_Rarely,950,Research & Development,28,3,Technical Degree,1546,4,Male,97,3,1,Research Scientist,4,Married,2132,4585,4,No,20,4,4,1,8,3,3,5,4,0,3,0,0.7650035188115998,High,0,0,2.5,4279.2,236.88888888888889,2,1,5,1,6,1,0,0
42,No,Travel_Frequently,288,Research & Development,2,3,Life Sciences,1547,4,Male,40,3,3,Healthcare Representative,4,Married,10124,18611,2,Yes,14,3,3,1,24,3,1,20,8,13,9,0,1.0312457801071975,Medium,1,0,5.0,8474.4,404.96,1,1,1,1,0,1,1,2
40,No,Travel_Rarely,1342,Sales,9,2,Medical,1548,1,Male,47,3,2,Sales Executive,1,Married,5473,19345,0,No,12,3,4,0,9,5,4,8,4,7,1,0,0.9946790841789712,Medium,0,0,2.6666666666666665,4483.799999999999,547.3,2,2,3,1,7,1,0,2
33,No,Travel_Rarely,589,Research & Development,28,4,Life Sciences,1549,2,Male,79,3,2,Laboratory Technician,3,Married,5207,22949,1,Yes,12,3,2,1,15,3,3,15,14,5,7,0,0.9463354634240642,Medium,1,0,5.0,5324.2,325.4375,2,1,1,1,2,1,1,2
40,No,Travel_Rarely,898,Human Resources,6,2,Medical,1550,3,Male,38,3,4,Manager,4,Single,16437,17381,1,Yes,21,4,4,0,21,2,3,21,7,7,7,0,1.0601928561562273,High,1,0,4.2,11962.199999999999,747.1363636363636,2,0,3,1,3,2,1,0
24,No,Travel_Rarely,350,Research & Development,21,2,Technical Degree,1551,3,Male,57,2,1,Laboratory Technician,1,Divorced,2296,10036,0,No,14,3,2,3,2,3,3,1,1,0,0,0,0.823849943335569,Medium,0,0,0.5,5777.6,765.3333333333334,2,1,5,1,2,0,0,2
40,No,Non-Travel,1142,Research & Development,8,2,Life Sciences,1552,4,Male,72,3,2,Healthcare Representative,4,Divorced,4069,8841,3,Yes,18,3,3,0,8,2,3,2,2,2,2,0,0.739512003201943,High,1,0,0.6666666666666666,4241.4,452.1111111111111,0,1,1,1,0,0,1,0
45,No,Travel_Rarely,538,Research & Development,1,4,Technical Degree,1553,1,Male,66,3,3,Healthcare Representative,2,Divorced,7441,20933,1,No,12,3,1,3,10,4,3,10,8,7,7,0,0.7579513877694248,Medium,0,0,2.5,8664.599999999999,676.4545454545455,2,1,5,1,0,0,0,2
35,No,Travel_Rarely,1402,Sales,28,4,Life Sciences,1554,2,Female,98,2,1,Sales Representative,3,Married,2430,26204,0,No,23,4,1,2,6,5,3,5,3,4,2,0,0.8719317780075927,High,0,0,2.5,5758.0,347.14285714285717,2,2,1,0,8,1,0,0
32,No,Travel_Rarely,824,Research & Development,5,2,Life Sciences,1555,4,Female,67,2,2,Research Scientist,2,Married,5878,15624,3,No,12,3,1,1,12,2,3,7,1,2,5,0,1.0682849729223447,Medium,0,0,2.3333333333333335,5726.799999999999,452.15384615384613,2,1,1,0,6,1,0,2
36,No,Travel_Rarely,1157,Sales,2,4,Life Sciences,1556,3,Male,70,3,1,Sales Representative,4,Single,2644,17001,3,Yes,21,4,4,0,7,3,2,3,2,1,2,0,0.9487191856181378,High,1,0,1.5,3686.3999999999996,330.5,2,2,1,1,8,2,1,0
48,No,Travel_Rarely,492,Sales,16,4,Life Sciences,1557,3,Female,96,3,2,Sales Executive,3,Divorced,6439,13693,8,No,14,3,3,1,18,2,3,8,7,7,7,0,1.1702427595520548,Medium,0,0,2.6666666666666665,6263.4,338.89473684210526,2,2,1,0,7,0,0,2
29,No,Travel_Rarely,598,Research & Development,9,3,Life Sciences,1558,3,Male,91,4,1,Research Scientist,3,Married,2451,22376,6,No,18,3,1,2,5,2,2,1,0,0,0,0,0.8794669909039545,High,0,0,0.5,5270.6,408.5,2,1,1,1,6,1,0,0
33,No,Travel_Rarely,1242,Sales,8,4,Life Sciences,1560,1,Male,46,3,2,Sales Executive,1,Married,6392,10589,2,No,13,3,4,1,8,6,1,2,2,2,2,0,1.1617008415991201,Medium,0,0,0.6666666666666666,6135.2,710.2222222222222,2,2,1,1,7,1,0,2
30,Yes,Travel_Rarely,740,Sales,1,3,Life Sciences,1562,2,Male,64,2,2,Sales Executive,1,Married,9714,5323,1,No,11,3,4,1,10,4,3,10,8,6,7,1,1.7654508722299518,Low,0,0,3.3333333333333335,7928.4,883.0909090909091,2,2,1,1,7,1,0,1
38,No,Travel_Frequently,888,Human Resources,10,4,Human Resources,1563,3,Male,71,3,2,Human Resources,3,Married,6077,14814,3,No,11,3,3,0,10,2,3,6,3,1,2,0,1.1044518170209405,Low,0,0,2.0,4746.2,552.4545454545455,1,0,0,1,1,1,0,1
35,No,Travel_Rarely,992,Research & Development,1,3,Medical,1564,4,Male,68,2,1,Laboratory Technician,1,Single,2450,21731,1,No,19,3,2,0,3,3,3,3,0,1,2,0,0.8791081712422231,High,0,0,1.5,3370.0,612.5,2,1,3,1,2,2,0,0
30,No,Travel_Rarely,1288,Sales,29,4,Technical Degree,1568,3,Male,33,3,3,Sales Executive,2,Married,9250,17799,3,No,12,3,2,1,9,3,3,4,2,1,3,0,0.9422188330691009,Medium,0,0,1.0,7750.0,925.0,2,2,5,1,7,1,0,2
35,Yes,Travel_Rarely,104,Research & Development,2,3,Life Sciences,1569,1,Female,69,3,1,Laboratory Technician,1,Divorced,2074,26619,1,Yes,12,3,4,1,1,2,3,1,0,0,0,1,0.7441919784311717,Medium,1,0,0.5,3444.3999999999996,1037.0,2,1,1,0,2,0,1,2
53,Yes,Travel_Rarely,607,Research & Development,2,5,Technical Degree,1572,3,Female,78,2,3,Manufacturing Director,4,Married,10169,14618,0,No,16,3,2,1,34,4,3,33,7,1,9,1,1.0358295474032093,High,0,0,8.25,8701.4,290.54285714285714,2,1,5,0,4,1,0,0
38,Yes,Travel_Rarely,903,Research & Development,2,3,Medical,1573,3,Male,81,3,2,Manufacturing Director,2,Married,4855,7653,4,No,11,3,1,2,7,2,3,5,2,1,4,1,0.8823619502446383,Low,0,0,1.6666666666666667,6013.0,606.875,2,1,3,1,4,1,0,1
32,No,Non-Travel,1200,Research & Development,1,4,Technical Degree,1574,4,Male,62,3,2,Research Scientist,1,Married,4087,25174,4,No,14,3,2,1,9,3,2,6,5,1,2,0,0.7427833760349818,Medium,0,0,2.0,4852.2,408.7,0,1,5,1,6,1,0,2
48,No,Travel_Rarely,1108,Research & Development,15,4,Other,1576,3,Female,65,3,1,Research Scientist,1,Married,2367,16530,8,No,12,3,4,1,10,3,2,8,2,7,6,0,0.849326139318507,Medium,0,0,4.0,3620.2,215.1818181818182,2,1,4,0,6,1,0,2
34,No,Travel_Rarely,479,Research & Development,7,4,Medical,1577,1,Male,35,3,1,Research Scientist,4,Single,2972,22061,1,No,13,3,3,0,1,4,1,1,0,0,0,0,1.0664120346660764,Medium,0,0,0.5,3083.2,1486.0,2,1,3,1,6,2,0,2
55,No,Travel_Rarely,685,Sales,26,5,Marketing,1578,3,Male,60,2,5,Manager,4,Married,19586,23037,1,No,21,4,3,1,36,3,3,36,6,2,13,0,1.0205386351073376,High,0,0,6.0,14851.6,529.3513513513514,2,2,2,1,3,1,0,0
34,No,Travel_Rarely,1351,Research & Development,1,4,Life Sciences,1580,2,Male,45,3,2,Research Scientist,4,Married,5484,13008,9,No,17,3,2,1,9,3,2,2,2,2,1,0,0.9966782564658283,High,0,0,0.6666666666666666,5990.4,548.4,2,1,1,1,6,1,0,0
26,No,Travel_Rarely,474,Research & Development,3,3,Life Sciences,1581,1,Female,89,3,1,Research Scientist,4,Married,2061,11133,1,No,21,4,1,0,1,5,3,1,0,0,0,0,0.739527322828662,High,0,0,0.5,3336.6,1030.5,2,1,1,0,6,1,0,0
38,No,Travel_Rarely,1245,Sales,14,3,Life Sciences,1582,3,Male,80,3,2,Sales Executive,2,Married,9924,12355,0,No,11,3,4,1,10,3,3,9,8,7,7,0,1.8036168886154047,Low,0,0,3.0,8054.4,902.1818181818181,2,2,1,1,7,1,0,1
38,No,Travel_Rarely,437,Sales,16,3,Life Sciences,1583,2,Female,90,3,2,Sales Executive,2,Single,4198,16379,2,No,12,3,2,0,8,5,4,3,2,1,2,0,0.7629568418387213,Medium,0,0,1.0,3718.7999999999997,466.44444444444446,2,2,1,0,7,2,0,2
36,No,Travel_Rarely,884,Sales,1,4,Life Sciences,1585,2,Female,73,3,2,Sales Executive,3,Single,6815,21447,6,No,13,3,1,0,15,5,3,1,0,0,0,0,1.2385781031755323,Medium,0,0,0.3333333333333333,5389.0,425.9375,2,2,1,0,7,2,0,2
29,No,Travel_Rarely,1370,Research & Development,3,1,Medical,1586,2,Male,87,3,1,Laboratory Technician,1,Single,4723,16213,1,Yes,18,3,4,0,10,3,3,10,9,1,5,0,1.694705262357967,High,1,0,5.0,4633.799999999999,429.3636363636364,2,1,3,1,2,2,1,0
35,No,Travel_Rarely,670,Research & Development,10,4,Medical,1587,1,Female,51,3,2,Healthcare Representative,3,Single,6142,4223,3,Yes,16,3,3,0,10,4,3,5,2,0,4,0,1.1162651078069141,High,1,0,1.6666666666666667,5285.2,558.3636363636364,2,1,3,0,0,2,1,0
39,No,Travel_Rarely,1462,Sales,6,3,Medical,1588,4,Male,38,4,3,Sales Executive,3,Married,8237,4658,2,No,11,3,1,1,11,3,3,7,6,7,6,0,0.8390331381611009,Low,0,0,1.75,7042.2,686.4166666666666,2,2,3,1,7,1,0,1
29,No,Travel_Frequently,995,Research & Development,2,1,Life Sciences,1590,1,Male,87,3,2,Healthcare Representative,4,Divorced,8853,24483,1,No,19,3,4,1,6,0,4,6,4,1,3,0,1.6089702050495946,High,0,0,2.0,8211.8,1264.7142857142858,1,1,1,1,0,0,0,0
50,No,Travel_Rarely,264,Sales,9,3,Marketing,1591,3,Male,59,3,5,Manager,3,Married,19331,19519,4,Yes,16,3,3,1,27,2,3,1,0,0,0,0,1.0072517285438547,High,1,0,0.16666666666666666,14198.6,690.3928571428571,2,2,2,1,3,1,1,0
23,No,Travel_Rarely,977,Research & Development,10,3,Technical Degree,1592,4,Male,45,4,1,Research Scientist,3,Married,2073,12826,2,No,16,3,4,1,4,2,3,2,2,2,2,0,0.7438331587694401,High,0,0,1.0,3843.8,414.6,2,1,5,1,6,1,0,0
36,No,Travel_Frequently,1302,Research & Development,6,4,Life Sciences,1594,1,Male,80,4,2,Laboratory Technician,1,Married,5562,19711,3,Yes,13,3,4,1,9,3,3,3,2,0,2,0,1.0108542054089964,Medium,1,0,1.0,5637.2,556.2,1,1,1,1,2,1,1,2
42,No,Travel_Rarely,1059,Research & Development,9,2,Other,1595,4,Male,93,2,5,Manager,4,Single,19613,26362,8,No,22,4,4,0,24,2,3,1,0,0,1,0,1.0219454840375886,High,0,0,0.16666666666666666,13967.8,784.52,2,1,4,1,3,2,0,0
35,No,Travel_Rarely,750,Research & Development,28,3,Life Sciences,1596,2,Male,46,4,2,Laboratory Technician,3,Married,3407,25348,1,No,17,3,4,2,10,3,2,10,9,6,8,0,0.6191981801201818,High,0,0,3.3333333333333335,5744.2,309.72727272727275,2,1,1,1,2,1,0,0
34,No,Travel_Frequently,653,Research & Development,10,4,Technical Degree,1597,4,Male,92,2,2,Healthcare Representative,3,Married,5063,15332,1,No,14,3,2,1,8,3,2,8,2,7,7,0,0.9201644807597535,Medium,0,0,2.6666666666666665,5437.799999999999,562.5555555555555,1,1,5,1,0,1,0,2
40,No,Travel_Rarely,118,Sales,14,2,Life Sciences,1598,4,Female,84,3,2,Sales Executive,1,Married,4639,11262,1,No,15,3,3,1,5,2,3,5,4,1,2,0,0.8431054762481723,High,0,0,1.6666666666666667,5283.4,773.1666666666666,2,2,1,0,7,1,0,0
43,No,Travel_Rarely,990,Research & Development,27,3,Technical Degree,1599,4,Male,87,4,1,Laboratory Technician,2,Divorced,4876,5855,5,No,12,3,3,1,8,0,3,6,4,0,2,0,1.7496046706028896,Medium,0,0,3.0,5125.6,541.7777777777778,2,1,5,1,2,0,0,2
35,No,Travel_Rarely,1349,Research & Development,7,2,Life Sciences,1601,3,Male,63,2,1,Laboratory Technician,4,Married,2690,7713,1,No,18,3,4,1,1,5,2,1,0,0,1,0,0.9652248900577878,High,0,0,0.5,4414.0,1345.0,2,1,1,1,2,1,0,0
46,No,Travel_Rarely,563,Sales,1,4,Life Sciences,1602,4,Male,56,4,4,Manager,1,Single,17567,3156,1,No,15,3,2,0,27,5,1,26,0,0,12,0,1.1330782931250498,High,0,0,5.2,12040.199999999999,627.3928571428571,2,2,1,1,3,2,0,0
28,Yes,Travel_Rarely,329,Research & Development,24,3,Medical,1604,3,Male,51,3,1,Laboratory Technician,2,Married,2408,7324,1,Yes,17,3,3,3,1,3,3,1,1,0,0,1,0.8640377454494992,High,1,0,0.5,6144.8,1204.0,2,1,3,1,2,1,1,0
22,No,Non-Travel,457,Research & Development,26,2,Other,1605,2,Female,85,2,1,Research Scientist,3,Married,2814,10293,1,Yes,14,3,2,0,4,2,2,4,2,1,3,0,1.0097185281124963,Medium,1,0,2.0,3088.3999999999996,562.8,0,1,4,0,6,1,1,2
50,No,Travel_Frequently,1234,Research & Development,20,5,Medical,1606,2,Male,41,3,4,Healthcare Representative,3,Married,11245,20689,2,Yes,15,3,3,1,32,3,3,30,8,12,13,0,0.7253068484198317,High,1,0,6.0,9247.0,340.75757575757575,1,1,3,1,0,1,1,0
32,No,Travel_Rarely,634,Research & Development,5,4,Other,1607,2,Female,35,4,1,Research Scientist,4,Married,3312,18783,3,No,17,3,4,2,6,3,3,3,2,0,2,0,1.188410719654793,High,0,0,1.5,5687.2,473.14285714285717,2,1,4,0,6,1,0,0
44,No,Travel_Rarely,1313,Research & Development,7,3,Medical,1608,2,Female,31,3,5,Research Director,4,Divorced,19049,3549,0,Yes,14,3,4,1,23,4,2,22,7,1,10,0,0.9925579730501211,Medium,1,0,3.6666666666666665,13829.4,793.7083333333334,2,1,3,0,5,0,1,2
30,No,Travel_Rarely,241,Research & Development,7,3,Medical,1609,2,Male,48,2,1,Research Scientist,2,Married,2141,5348,1,No,12,3,2,1,6,3,2,6,4,1,1,0,0.7682328957671835,Medium,0,0,3.0,3484.6,305.85714285714283,2,1,3,1,6,1,0,2
45,No,Travel_Rarely,1015,Research & Development,5,5,Medical,1611,3,Female,50,1,2,Laboratory Technician,1,Single,5769,23447,1,Yes,14,3,1,0,10,3,3,10,7,1,4,0,1.048474992988943,Medium,1,0,3.3333333333333335,4861.4,524.4545454545455,2,1,3,0,2,2,1,2
45,No,Non-Travel,336,Sales,26,3,Marketing,1612,1,Male,52,2,2,Sales Executive,1,Married,4385,24162,1,No,15,3,1,1,10,2,3,10,7,4,5,0,0.7969427707152912,High,0,0,3.3333333333333335,5131.0,398.6363636363636,0,2,2,1,7,1,0,0
31,No,Travel_Frequently,715,Sales,2,4,Other,1613,4,Male,54,3,2,Sales Executive,1,Single,5332,21602,7,No,13,3,4,0,10,3,3,5,2,0,3,0,0.969053330320167,Medium,0,0,1.6666666666666667,4499.2,484.72727272727275,1,2,4,1,7,2,0,2
36,No,Travel_Rarely,559,Research & Development,12,4,Life Sciences,1614,3,Female,76,3,2,Manufacturing Director,3,Married,4663,12421,9,Yes,12,3,2,2,7,2,3,3,2,1,1,0,0.8474673066922241,Medium,1,0,1.0,5997.799999999999,582.875,2,1,1,0,4,1,1,2
34,No,Travel_Frequently,426,Research & Development,10,4,Life Sciences,1615,3,Male,42,4,2,Manufacturing Director,4,Divorced,4724,17000,1,No,13,3,1,1,9,3,3,9,7,7,2,0,0.8585536257375224,Medium,0,0,3.0,5134.4,472.4,1,1,1,1,4,0,0,2
49,No,Travel_Rarely,722,Research & Development,25,4,Life Sciences,1617,3,Female,84,3,1,Laboratory Technician,1,Married,3211,22102,1,No,14,3,4,1,10,3,2,9,6,1,4,0,1.1521699338199094,Medium,0,0,4.5,4326.6,291.90909090909093,2,1,1,0,2,1,0,2
39,No,Travel_Rarely,1387,Research & Development,10,5,Medical,1618,2,Male,76,3,2,Manufacturing Director,1,Married,5377,3835,2,No,13,3,4,3,10,3,3,7,7,7,7,0,0.9772317624027641,Medium,0,0,2.3333333333333335,7526.2,488.8181818181818,2,1,3,1,4,1,0,2
27,No,Travel_Rarely,1302,Research & Development,19,3,Other,1619,4,Male,67,2,1,Laboratory Technician,1,Divorced,4066,16290,1,No,11,3,1,2,7,3,3,7,7,0,7,0,1.4589607446003587,Low,0,0,3.5,5539.6,508.25,2,1,4,1,2,0,0,1
35,No,Travel_Rarely,819,Research & Development,18,5,Life Sciences,1621,2,Male,48,4,2,Research Scientist,1,Married,5208,26312,1,No,11,3,4,0,16,2,3,16,15,1,10,0,0.946517206359233,Low,0,0,5.333333333333333,4224.799999999999,306.3529411764706,2,1,1,1,6,1,0,1
28,No,Travel_Rarely,580,Research & Development,27,3,Medical,1622,2,Female,39,1,2,Manufacturing Director,1,Divorced,4877,20460,0,No,21,4,2,1,6,5,2,5,3,0,0,0,0.8863602948183524,High,0,0,1.6666666666666667,6026.2,696.7142857142857,2,1,3,0,4,0,0,0
21,No,Travel_Rarely,546,Research & Development,5,1,Medical,1623,3,Male,97,3,1,Research Scientist,4,Single,3117,26009,1,No,18,3,3,0,3,2,3,2,2,2,2,0,1.1184408856171466,High,0,0,1.0,3670.2,779.25,2,1,3,1,6,2,0,0
18,Yes,Travel_Frequently,544,Sales,3,2,Medical,1624,2,Female,70,3,1,Sales Representative,4,Single,1569,18420,1,Yes,12,3,3,0,0,2,4,0,0,0,0,1,0.5629880492567543,Medium,1,0,0.0,2141.4,1569.0,1,2,3,0,8,2,1,2
47,No,Travel_Rarely,1176,Human Resources,26,4,Life Sciences,1625,4,Female,98,3,5,Manager,3,Married,19658,5220,3,No,11,3,3,1,27,2,3,5,2,1,0,0,1.0242902322546736,Low,0,0,0.8333333333333334,13894.8,702.0714285714286,2,0,1,0,3,1,0,1
39,No,Travel_Rarely,170,Research & Development,3,2,Medical,1627,3,Male,76,2,2,Laboratory Technician,3,Divorced,3069,10302,0,No,15,3,4,1,11,3,3,10,8,0,7,0,0.5577690680331194,High,0,0,3.3333333333333335,4341.4,255.75,2,1,3,1,2,0,0,0
40,No,Travel_Rarely,884,Research & Development,15,3,Life Sciences,1628,1,Female,80,2,3,Manufacturing Director,3,Married,10435,25800,1,No,13,3,4,2,18,2,3,18,15,14,12,0,1.0629247051974127,Medium,0,0,4.5,9561.0,549.2105263157895,2,1,1,0,4,1,0,2
35,No,Non-Travel,208,Research & Development,8,4,Life Sciences,1630,3,Female,52,3,2,Healthcare Representative,3,Married,4148,12250,1,No,12,3,4,1,15,5,3,14,11,2,9,0,0.75386969508028,Medium,0,0,4.666666666666667,4688.799999999999,259.25,0,1,1,0,0,1,0,2
37,No,Travel_Rarely,671,Research & Development,19,3,Life Sciences,1631,3,Male,85,3,2,Manufacturing Director,3,Married,5768,26493,3,No,17,3,1,3,9,2,2,4,3,0,2,0,1.048293250053774,High,0,0,1.3333333333333333,8160.799999999999,576.8,2,1,1,1,4,1,0,0
39,No,Travel_Frequently,711,Research & Development,4,3,Medical,1633,1,Female,81,3,2,Manufacturing Director,3,Single,5042,3140,0,No,13,3,4,0,10,2,1,9,2,3,8,0,0.9163478791212083,Medium,0,0,3.0,4325.2,458.3636363636364,1,1,3,0,4,2,0,2
45,No,Travel_Rarely,1329,Research & Development,2,2,Other,1635,4,Female,59,2,2,Manufacturing Director,4,Divorced,5770,5388,1,No,19,3,1,2,10,3,3,10,7,3,9,0,1.048656735924112,High,0,0,3.3333333333333335,7362.0,524.5454545454545,2,1,4,0,4,0,0,0
38,No,Travel_Rarely,397,Research & Development,2,2,Medical,1638,4,Female,54,2,3,Manufacturing Director,3,Married,7756,14199,3,Yes,19,3,4,1,10,6,4,5,4,0,2,0,0.7900377588415077,High,1,0,1.25,7553.599999999999,705.0909090909091,2,1,3,0,4,1,1,0
35,Yes,Travel_Rarely,737,Sales,10,3,Medical,1639,4,Male,55,2,3,Sales Executive,1,Married,10306,21530,9,No,17,3,3,0,15,3,3,13,12,6,0,1,1.0497845722821788,High,0,0,3.25,7883.599999999999,644.125,2,2,3,1,7,1,0,0
37,No,Travel_Rarely,1470,Research & Development,10,3,Medical,1640,2,Female,71,3,1,Research Scientist,2,Married,3936,9953,1,No,11,3,1,1,8,2,1,8,4,7,7,0,1.4123141885752613,Low,0,0,4.0,4461.6,437.3333333333333,2,1,3,0,6,1,0,1
40,No,Travel_Rarely,448,Research & Development,16,3,Life Sciences,1641,3,Female,84,3,3,Manufacturing Director,4,Single,7945,19948,6,Yes,15,3,4,0,18,2,2,4,2,3,3,0,0.8092895814847575,High,1,0,1.0,6267.0,418.1578947368421,2,1,1,0,4,2,1,0
44,No,Travel_Frequently,602,Human Resources,1,5,Human Resources,1642,1,Male,37,3,2,Human Resources,4,Married,5743,10503,4,Yes,11,3,3,0,14,3,3,10,7,0,2,0,1.0437496766745535,Low,1,1,3.3333333333333335,4545.799999999999,382.8666666666667,1,0,0,1,1,1,1,1
48,No,Travel_Frequently,365,Research & Development,4,5,Medical,1644,3,Male,89,2,4,Manager,4,Married,15202,5602,2,No,25,4,2,1,23,3,3,2,2,2,2,0,0.9805348785841069,High,0,0,0.4,12621.199999999999,633.4166666666666,1,1,3,1,3,1,0,0
35,Yes,Travel_Rarely,763,Sales,15,2,Medical,1645,1,Male,59,1,2,Sales Executive,4,Divorced,5440,22098,6,Yes,14,3,4,2,7,2,2,2,2,2,2,1,0.9886815673184001,Medium,1,0,0.6666666666666666,6664.0,680.0,2,2,3,1,7,0,1,2
24,No,Travel_Frequently,567,Research & Development,2,1,Technical Degree,1646,1,Female,32,3,1,Research Scientist,4,Single,3760,17218,1,Yes,13,3,3,0,6,2,3,6,3,1,3,0,1.3491619281105138,Medium,1,0,3.0,3556.0,537.1428571428571,1,1,5,0,6,2,1,2
27,No,Travel_Rarely,486,Research & Development,8,3,Medical,1647,2,Female,86,4,1,Research Scientist,3,Married,3517,22490,7,No,17,3,1,0,5,0,3,3,2,0,2,0,1.2619687503097545,High,0,0,1.5,3810.2,586.1666666666666,2,1,3,0,6,1,0,0
27,No,Travel_Frequently,591,Research & Development,2,3,Medical,1648,4,Male,87,3,1,Research Scientist,4,Single,2580,6297,2,No,13,3,3,0,6,0,2,4,2,1,2,0,0.9257547272673206,Medium,0,0,2.0,2848.0,368.57142857142856,1,1,3,1,6,2,0,2
40,Yes,Travel_Rarely,1329,Research & Development,7,3,Life Sciences,1649,1,Male,73,3,1,Laboratory Technician,1,Single,2166,3339,3,Yes,14,3,2,0,10,3,1,4,2,0,3,1,0.7772033873104714,Medium,1,0,2.0,2699.6,196.9090909090909,2,1,1,1,2,2,1,2
29,No,Travel_Rarely,469,Sales,10,3,Medical,1650,3,Male,42,2,2,Sales Executive,3,Single,5869,23413,9,No,11,3,3,0,8,2,3,5,2,1,4,0,1.0666492865058252,Low,0,0,1.6666666666666667,4621.4,652.1111111111111,2,2,3,1,7,2,0,1
36,No,Travel_Rarely,711,Research & Development,5,4,Life Sciences,1651,2,Female,42,3,3,Healthcare Representative,1,Married,8008,22792,4,No,12,3,3,2,9,6,3,3,2,0,2,0,0.815706855699174,Medium,0,0,0.75,8004.8,800.8,2,1,1,0,0,1,0,2
25,No,Travel_Frequently,772,Research & Development,2,1,Life Sciences,1653,4,Male,77,4,2,Manufacturing Director,3,Divorced,5206,4973,1,No,17,3,3,2,7,6,3,7,7,0,7,0,0.9461537204888953,High,0,0,2.3333333333333335,6823.6,650.75,1,1,1,1,4,0,0,0
39,No,Travel_Rarely,492,Research & Development,12,3,Medical,1654,4,Male,66,3,2,Manufacturing Director,2,Married,5295,7693,4,No,21,4,3,0,7,3,3,5,4,1,0,0,0.9623288417189206,High,0,0,1.6666666666666667,5277.0,661.875,2,1,3,1,4,1,0,0
49,No,Travel_Rarely,301,Research & Development,22,4,Other,1655,1,Female,72,3,4,Research Director,2,Married,16413,3498,3,No,16,3,2,2,27,2,3,4,2,1,2,0,1.0586448468754734,High,0,0,0.8,13447.8,586.1785714285714,2,1,4,0,5,1,0,0
50,No,Travel_Rarely,813,Research & Development,17,5,Life Sciences,1656,4,Female,50,2,3,Research Director,1,Divorced,13269,21981,5,No,15,3,3,3,19,3,3,14,11,1,11,0,1.3516001833506919,High,0,0,3.5,12461.4,663.45,2,1,1,0,5,0,0,0
20,No,Travel_Rarely,1141,Sales,2,3,Medical,1657,3,Female,31,3,1,Sales Representative,3,Single,2783,13251,1,No,19,3,1,0,2,3,3,2,2,2,2,0,0.9985951185988191,High,0,0,1.0,3569.8,927.6666666666666,2,2,3,0,8,2,0,0
34,No,Travel_Rarely,1130,Research & Development,3,3,Life Sciences,1658,4,Female,66,3,2,Research Scientist,2,Divorced,5433,19332,1,No,12,3,3,1,11,2,3,11,8,7,9,0,0.9874093667722182,Medium,0,0,3.6666666666666665,5459.799999999999,452.75,2,1,1,0,6,0,0,2
36,No,Travel_Rarely,311,Research & Development,7,3,Life Sciences,1659,1,Male,77,3,1,Laboratory Technician,2,Single,2013,10950,2,No,11,3,3,0,15,4,3,4,3,1,3,0,0.722303979065549,Low,0,0,2.0,2307.8,125.8125,2,1,1,1,2,2,0,1
49,No,Travel_Rarely,465,Research & Development,6,1,Life Sciences,1661,3,Female,41,2,4,Healthcare Representative,3,Married,13966,11652,2,Yes,19,3,2,1,30,3,3,15,11,2,12,0,0.9008124006252886,High,1,0,3.0,11279.6,450.51612903225805,2,1,1,0,0,1,1,0
36,No,Non-Travel,894,Research & Development,1,4,Medical,1662,4,Female,33,2,2,Manufacturing Director,3,Married,4374,15411,0,No,15,3,3,0,4,6,3,3,2,1,2,0,0.7949435984284341,High,0,0,1.0,4124.4,874.8,0,1,3,0,4,1,0,0
36,No,Travel_Rarely,1040,Research & Development,3,2,Life Sciences,1664,4,Male,79,4,2,Healthcare Representative,1,Divorced,6842,26308,6,No,20,4,1,1,13,3,3,5,4,0,4,0,1.2434851624250907,High,0,0,1.6666666666666667,7105.2,488.7142857142857,2,1,1,1,0,0,0,0
54,No,Travel_Rarely,584,Research & Development,22,5,Medical,1665,2,Female,91,3,4,Manager,3,Married,17426,18685,3,No,25,4,3,1,36,6,3,10,8,4,7,0,1.1239837386006215,High,0,0,2.0,13955.6,470.97297297297297,2,1,3,0,3,1,0,0
43,No,Travel_Rarely,1291,Research & Development,15,2,Life Sciences,1666,3,Male,65,2,4,Research Director,3,Married,17603,3525,1,No,24,4,1,1,14,3,3,14,10,6,11,0,1.1354003070461804,High,0,0,2.8,13961.8,1173.5333333333333,2,1,1,1,5,1,0,0
35,Yes,Travel_Frequently,880,Sales,12,4,Other,1667,4,Male,36,3,2,Sales Executive,4,Single,4581,10414,3,Yes,24,4,1,0,13,2,4,11,9,6,7,1,0.8325643860083806,High,1,0,3.6666666666666665,5148.6,327.2142857142857,1,2,4,1,7,2,1,0
38,No,Travel_Frequently,1189,Research & Development,1,3,Life Sciences,1668,4,Male,90,3,2,Research Scientist,4,Married,4735,9867,7,No,15,3,4,2,19,4,4,13,11,2,9,0,0.8605527980243795,High,0,0,4.333333333333333,6341.0,236.75,1,1,1,1,6,1,0,0
29,No,Travel_Rarely,991,Sales,5,3,Medical,1669,1,Male,43,2,2,Sales Executive,2,Divorced,4187,3356,1,Yes,13,3,2,1,10,3,2,10,0,0,9,0,0.7609576695518642,Medium,1,0,3.3333333333333335,4812.2,380.6363636363636,2,2,3,1,7,0,1,2
33,No,Travel_Rarely,392,Sales,2,4,Medical,1670,4,Male,93,3,2,Sales Executive,4,Divorced,5505,3921,1,No,14,3,3,2,6,5,3,6,2,0,4,0,1.0004948581043736,Medium,0,0,2.0,6703.0,786.4285714285714,2,2,3,1,7,0,0,2
32,No,Travel_Rarely,977,Research & Development,2,3,Medical,1671,4,Male,45,3,2,Research Scientist,2,Divorced,5470,25518,0,No,13,3,3,2,10,4,2,9,5,1,6,0,0.9941338553734648,Medium,0,0,3.0,6582.0,497.27272727272725,2,1,3,1,6,0,0,2
31,No,Travel_Rarely,1112,Sales,5,4,Life Sciences,1673,1,Female,67,3,2,Sales Executive,4,Married,5476,22589,1,No,11,3,1,2,10,2,3,10,0,0,2,0,0.9952243129844777,Low,0,0,3.3333333333333335,6385.6,497.8181818181818,2,2,1,0,7,1,0,1
49,No,Travel_Rarely,464,Research & Development,16,3,Medical,1674,4,Female,74,3,1,Laboratory Technician,1,Divorced,2587,24941,4,Yes,16,3,2,1,17,2,2,2,2,2,2,0,0.9282664648994412,High,1,0,1.0,4152.2,143.72222222222223,2,1,3,0,2,0,1,0
38,No,Travel_Frequently,148,Research & Development,2,3,Medical,1675,4,Female,42,2,1,Laboratory Technician,2,Single,2440,23826,1,No,22,4,2,0,4,3,3,4,3,3,3,0,0.8755199746249078,High,0,0,2.0,3664.0,488.0,1,1,3,0,2,2,0,0
47,No,Travel_Rarely,1225,Sales,2,4,Life Sciences,1676,2,Female,47,4,4,Manager,2,Divorced,15972,21086,6,No,14,3,3,3,29,2,3,3,2,1,2,0,1.030200176341623,Medium,0,0,0.6,13983.199999999999,532.4,2,2,1,0,3,0,0,2
49,No,Travel_Rarely,809,Research & Development,1,3,Life Sciences,1677,3,Male,36,3,4,Manager,3,Single,15379,22384,4,No,14,3,1,0,23,2,3,8,7,0,0,0,0.9919514470296659,Medium,0,0,1.6,10627.4,640.7916666666666,2,1,1,1,3,2,0,2
41,No,Travel_Rarely,1206,Sales,23,2,Life Sciences,1678,4,Male,80,3,3,Sales Executive,3,Single,7082,11591,3,Yes,16,3,4,0,21,2,3,2,0,0,2,0,0.721383110896797,High,1,0,0.5,5849.2,321.90909090909093,2,2,1,1,7,2,1,0
20,No,Travel_Rarely,727,Sales,9,1,Life Sciences,1680,4,Male,54,3,1,Sales Representative,1,Single,2728,21082,1,No,11,3,1,0,2,3,3,2,2,0,2,0,0.9788600372035855,Low,0,0,1.0,2736.8,909.3333333333334,2,2,1,1,8,2,0,1
33,No,Non-Travel,530,Sales,16,3,Life Sciences,1681,3,Female,36,3,2,Sales Executive,4,Divorced,5368,16130,1,Yes,25,4,3,1,7,2,3,6,5,1,2,0,0.9755960759862448,High,1,0,2.0,6720.799999999999,671.0,0,2,1,0,7,0,1,0
36,No,Travel_Rarely,1351,Research & Development,26,4,Life Sciences,1682,1,Male,80,3,2,Healthcare Representative,3,Married,5347,7419,6,No,14,3,2,2,10,2,2,3,2,0,2,0,0.9717794743476994,Medium,0,0,1.0,6608.2,486.09090909090907,2,1,1,1,0,1,0,2
44,No,Travel_Rarely,528,Human Resources,1,3,Life Sciences,1683,3,Female,44,3,1,Human Resources,4,Divorced,3195,4167,4,Yes,18,3,1,3,8,2,3,2,2,2,2,0,1.1464288192322052,High,1,0,1.0,6717.0,355.0,2,0,1,0,1,0,1,0
23,Yes,Travel_Rarely,1320,Research & Development,8,1,Medical,1684,4,Male,93,2,1,Laboratory Technician,3,Single,3989,20586,1,Yes,11,3,1,0,5,2,3,5,4,1,2,1,1.4313316306470318,Low,1,1,2.5,3493.4,664.8333333333334,2,1,3,1,2,2,1,1
38,No,Travel_Rarely,1495,Research & Development,4,2,Medical,1687,4,Female,87,3,1,Laboratory Technician,3,Married,3306,26176,7,No,19,3,4,1,7,5,2,0,0,0,0,0,1.1862578016844039,High,0,0,0.0,4883.6,413.25,2,1,3,0,2,1,0,0
53,No,Travel_Rarely,1395,Research & Development,24,4,Medical,1689,2,Male,48,4,3,Healthcare Representative,4,Married,7005,3458,3,No,15,3,3,0,11,2,3,4,3,1,2,0,0.7135397757458434,High,0,0,1.0,5703.0,583.75,2,1,3,1,0,1,0,0
48,Yes,Travel_Frequently,708,Sales,7,2,Medical,1691,4,Female,95,3,1,Sales Representative,3,Married,2655,11740,2,Yes,11,3,3,2,19,3,3,9,7,7,7,1,0.9526662018971845,Low,1,1,4.5,4693.0,132.75,1,2,3,0,8,1,1,1
32,Yes,Travel_Rarely,1259,Research & Development,2,4,Life Sciences,1692,4,Male,95,3,1,Laboratory Technician,2,Single,1393,24852,1,No,12,3,1,0,1,2,3,1,0,0,0,1,0.4998357887920068,Medium,0,0,0.5,2035.8,696.5,2,1,1,1,2,2,0,2
26,No,Non-Travel,786,Research & Development,7,3,Medical,1693,4,Male,76,3,1,Laboratory Technician,4,Single,2570,11925,1,No,20,4,3,0,7,5,3,7,7,5,7,0,0.9221665306500054,High,0,0,3.5,3542.0,321.25,0,1,3,1,2,2,0,0
55,No,Travel_Rarely,1441,Research & Development,22,3,Technical Degree,1694,1,Male,94,2,1,Research Scientist,2,Divorced,3537,23737,5,No,12,3,4,1,8,1,3,4,2,1,2,0,1.2691451435443848,Medium,0,0,2.0,4322.2,393.0,2,1,5,1,6,0,0,2
34,No,Travel_Rarely,1157,Research & Development,5,2,Medical,1696,2,Male,57,2,2,Laboratory Technician,4,Married,3986,11912,1,No,14,3,3,1,15,3,4,15,10,4,13,0,0.7244273395829306,Medium,0,0,5.0,4791.6,249.125,2,1,3,1,2,1,0,2
60,No,Travel_Rarely,370,Research & Development,1,4,Medical,1697,3,Male,92,1,3,Healthcare Representative,4,Divorced,10883,20467,3,No,20,4,3,1,19,2,4,1,0,0,0,0,1.1085586551665974,High,0,0,0.25,9529.8,544.15,2,1,3,1,0,0,0,0
33,No,Travel_Rarely,267,Research & Development,21,3,Medical,1698,2,Male,79,4,1,Laboratory Technician,2,Married,2028,13637,1,No,18,3,4,3,14,6,3,14,11,2,13,0,0.7276862739915217,High,0,0,7.0,6016.8,135.2,2,1,3,1,2,1,0,0
37,No,Travel_Frequently,1278,Sales,1,4,Medical,1700,3,Male,31,1,2,Sales Executive,4,Divorced,9525,7677,1,No,14,3,3,2,6,2,2,6,3,1,3,0,1.7311014574830441,Medium,0,0,2.0,9115.0,1360.7142857142858,1,2,3,1,7,0,0,2
34,No,Travel_Rarely,678,Research & Development,19,3,Life Sciences,1701,2,Female,35,2,1,Research Scientist,4,Married,2929,20338,1,No,12,3,2,0,10,3,3,10,9,8,7,0,1.050982789211621,Medium,0,0,5.0,2957.3999999999996,266.27272727272725,2,1,1,0,6,1,0,2
23,Yes,Travel_Rarely,427,Sales,7,3,Life Sciences,1702,3,Male,99,3,1,Sales Representative,4,Divorced,2275,25103,1,Yes,21,4,2,1,3,2,3,3,2,0,2,1,0.8163147304392071,High,1,0,1.5,4465.0,568.75,2,2,1,1,8,0,1,0
44,No,Travel_Rarely,921,Research & Development,2,3,Life Sciences,1703,3,Female,96,4,3,Healthcare Representative,4,Married,7879,14810,1,Yes,19,3,2,1,9,2,3,8,7,6,7,0,0.80256672278394,High,1,0,2.0,7627.4,787.9,2,1,1,0,0,1,1,0
35,No,Travel_Frequently,146,Research & Development,2,4,Medical,1704,1,Male,79,2,1,Research Scientist,4,Single,4930,13970,0,Yes,14,3,3,0,6,2,4,5,4,1,4,0,1.7689809323363916,Medium,1,0,2.5,4358.0,704.2857142857143,1,1,3,1,6,2,1,2
43,No,Travel_Rarely,1179,Sales,2,3,Medical,1706,4,Male,73,3,2,Sales Executive,4,Married,7847,6069,1,Yes,17,3,1,1,10,3,3,10,9,8,8,0,1.4261368122697582,High,1,0,3.3333333333333335,7408.2,713.3636363636364,2,2,3,1,7,1,1,0
24,No,Travel_Rarely,581,Research & Development,9,3,Medical,1707,3,Male,62,4,1,Research Scientist,3,Married,4401,17616,1,No,16,3,4,1,5,1,3,5,3,0,4,0,1.579165331280418,High,0,0,2.5,5240.6,733.5,2,1,3,1,6,1,0,0
41,No,Travel_Rarely,918,Sales,6,3,Marketing,1708,4,Male,35,3,3,Sales Executive,3,Single,9241,15869,1,No,12,3,2,0,10,3,3,10,8,8,7,0,0.9413020796098985,Medium,0,0,2.5,6744.599999999999,840.0909090909091,2,2,2,1,7,2,0,2
29,No,Travel_Rarely,1082,Research & Development,9,4,Medical,1709,4,Female,43,3,1,Laboratory Technician,3,Married,2974,25412,9,No,17,3,3,1,9,2,3,5,3,1,2,0,1.0671296739895393,High,0,0,2.5,4484.4,297.4,2,1,3,0,2,1,0,0
36,No,Travel_Rarely,530,Sales,2,4,Life Sciences,1710,3,Female,51,3,2,Sales Representative,4,Single,4502,7439,3,No,15,3,3,0,17,2,2,13,7,6,7,0,0.8182066941300435,High,0,0,4.333333333333333,4201.2,250.11111111111111,2,2,1,0,8,2,0,0
45,No,Non-Travel,1238,Research & Development,1,1,Life Sciences,1712,3,Male,74,2,3,Healthcare Representative,3,Married,10748,3395,3,No,23,4,4,1,25,3,2,23,15,14,4,0,1.0948073532785618,High,0,0,5.75,9748.8,413.38461538461536,0,1,1,1,0,1,0,0
24,Yes,Travel_Rarely,240,Human Resources,22,1,Human Resources,1714,4,Male,58,1,1,Human Resources,3,Married,1555,11585,1,No,11,3,3,1,1,2,3,1,0,0,0,1,0.557964573992513,Low,0,0,0.5,3033.0,777.5,2,0,0,1,1,1,0,1
47,Yes,Travel_Frequently,1093,Sales,9,3,Life Sciences,1716,3,Male,82,1,4,Sales Executive,3,Married,12936,24164,7,No,11,3,3,0,25,3,1,23,5,14,10,1,0.8343770023262733,Low,0,0,4.6,8861.599999999999,497.53846153846155,1,2,1,1,7,1,0,1
26,No,Travel_Rarely,390,Research & Development,17,4,Medical,1718,4,Male,62,1,1,Laboratory Technician,3,Married,2305,6217,1,No,15,3,3,3,3,3,4,3,2,0,2,0,0.8270793202911527,High,0,0,1.5,5883.0,576.25,2,1,3,1,2,1,0,0
45,No,Travel_Rarely,1005,Research & Development,28,2,Technical Degree,1719,4,Female,48,2,4,Research Director,2,Single,16704,17119,1,No,11,3,3,0,21,2,3,21,6,8,6,0,1.0774144594046127,Low,0,0,4.2,11122.4,759.2727272727273,2,1,5,0,5,2,0,1
32,No,Travel_Frequently,585,Research & Development,10,3,Life Sciences,1720,1,Male,56,3,1,Research Scientist,3,Married,3433,17360,6,No,13,3,1,1,10,3,2,5,2,1,3,0,1.2318278987243068,Medium,0,0,2.5,4359.799999999999,312.09090909090907,1,1,1,1,6,1,0,2
31,No,Travel_Rarely,741,Research & Development,2,4,Life Sciences,1721,2,Male,69,3,1,Laboratory Technician,3,Married,3477,18103,1,No,14,3,4,1,6,2,4,5,2,0,3,0,1.2476159638404938,Medium,0,0,2.5,4486.2,496.7142857142857,2,1,1,1,2,1,0,2
41,No,Non-Travel,552,Human Resources,4,3,Human Resources,1722,3,Male,60,1,2,Human Resources,2,Married,6430,20794,6,No,19,3,2,1,10,4,3,3,2,1,2,0,1.1686070731355354,High,0,0,1.0,6758.0,584.5454545454545,0,0,0,1,1,1,0,0
40,No,Travel_Rarely,369,Research & Development,8,2,Life Sciences,1724,2,Female,92,3,2,Manufacturing Director,1,Married,6516,5041,2,Yes,16,3,2,1,18,3,3,1,0,0,0,0,1.1842369655600542,High,1,0,0.3333333333333333,6509.6,342.94736842105266,2,1,1,0,4,1,1,0
24,No,Travel_Rarely,506,Research & Development,29,1,Medical,1725,2,Male,91,3,1,Laboratory Technician,1,Divorced,3907,3622,1,No,13,3,2,3,6,2,4,6,2,1,2,0,1.4019084183850472,Medium,0,0,3.0,6644.2,558.1428571428571,2,1,3,1,2,0,0,2
46,No,Travel_Rarely,717,Research & Development,13,4,Life Sciences,1727,3,Male,34,3,2,Healthcare Representative,2,Single,5562,9697,6,No,14,3,4,0,19,3,3,10,7,0,9,0,1.0108542054089964,Medium,0,0,3.3333333333333335,4737.2,278.1,2,1,1,1,0,2,0,2
35,No,Travel_Rarely,1370,Research & Development,27,4,Life Sciences,1728,4,Male,49,3,2,Manufacturing Director,3,Married,6883,5151,2,No,16,3,2,1,17,3,3,7,7,0,7,0,1.2509366227670125,High,0,0,2.3333333333333335,6729.8,382.3888888888889,2,1,1,1,4,1,0,0
30,No,Travel_Rarely,793,Research & Development,16,1,Life Sciences,1729,2,Male,33,3,1,Research Scientist,4,Married,2862,3811,1,No,12,3,2,1,10,2,2,10,0,0,8,0,1.0269418718756091,Medium,0,0,5.0,3917.2,260.1818181818182,2,1,1,1,6,1,0,2
47,No,Non-Travel,543,Sales,2,4,Marketing,1731,3,Male,87,3,2,Sales Executive,2,Married,4978,3536,7,No,11,3,4,1,4,3,1,1,0,0,0,0,0.9047163312704035,Low,0,0,0.3333333333333333,5086.799999999999,995.6,0,2,2,1,7,1,0,1
46,No,Travel_Rarely,1277,Sales,2,3,Life Sciences,1732,3,Male,74,3,3,Sales Executive,4,Divorced,10368,5596,4,Yes,12,3,2,1,13,5,2,10,6,0,3,0,1.0560999850011283,Medium,1,0,2.5,8420.8,740.5714285714286,2,2,1,1,7,0,1,2
36,Yes,Travel_Rarely,1456,Sales,13,5,Marketing,1733,2,Male,96,2,2,Sales Executive,1,Divorced,6134,8658,5,Yes,13,3,2,3,16,3,3,2,2,2,2,1,1.1148111643255636,Medium,1,0,0.6666666666666666,7980.4,360.8235294117647,2,2,2,1,7,0,1,2
32,Yes,Travel_Rarely,964,Sales,1,2,Life Sciences,1734,1,Male,34,1,2,Sales Executive,2,Single,6735,12147,6,No,15,3,2,0,10,2,3,0,0,0,0,1,1.2240386683620266,High,0,0,0.0,5541.0,612.2727272727273,2,2,1,1,7,2,0,0
23,No,Travel_Rarely,160,Research & Development,4,1,Medical,1735,3,Female,51,3,1,Laboratory Technician,2,Single,3295,12862,1,No,13,3,3,0,3,3,1,3,2,1,2,0,1.1823107854053572,Medium,0,0,1.5,3277.0,823.75,2,1,3,0,2,2,0,2
31,No,Travel_Frequently,163,Research & Development,24,1,Technical Degree,1736,4,Female,30,3,2,Manufacturing Director,4,Single,5238,6670,2,No,20,4,4,0,9,3,2,5,4,1,4,0,0.9519694944142977,High,0,0,1.6666666666666667,5142.799999999999,523.8,1,1,5,0,4,2,0,0
39,No,Non-Travel,792,Research & Development,1,3,Life Sciences,1737,4,Male,77,3,2,Laboratory Technician,4,Married,6472,8989,1,Yes,15,3,4,1,9,2,3,9,8,5,8,0,1.1762402764126259,High,1,0,3.0,6383.2,647.2,0,1,1,1,2,1,1,0
32,No,Travel_Rarely,371,Sales,19,3,Life Sciences,1739,4,Male,80,1,3,Sales Executive,3,Married,9610,3840,3,No,13,3,3,1,10,2,1,4,3,0,2,0,0.9788889714371957,Medium,0,0,1.0,8066.0,873.6363636363636,2,2,1,1,7,1,0,2
40,No,Travel_Rarely,611,Sales,7,4,Medical,1740,2,Male,88,3,5,Manager,2,Single,19833,4349,1,No,14,3,2,0,21,3,2,21,8,12,8,0,1.0334086975433383,Medium,0,0,3.5,13299.8,901.5,2,2,3,1,3,2,0,2
45,No,Travel_Rarely,176,Human Resources,4,3,Life Sciences,1744,3,Female,56,1,3,Human Resources,3,Married,9756,6595,4,No,21,4,3,2,9,2,4,5,0,0,3,0,0.9937607497753673,High,0,0,1.25,9953.599999999999,975.6,2,0,1,0,1,1,0,0
30,No,Travel_Frequently,1312,Research & Development,2,4,Technical Degree,1745,4,Female,78,2,1,Research Scientist,1,Single,4968,26427,0,No,16,3,4,0,10,2,3,9,7,0,7,0,1.7826160794821895,High,0,0,4.5,4580.799999999999,451.6363636363636,1,1,5,0,6,2,0,0
24,No,Travel_Frequently,897,Human Resources,10,3,Medical,1746,1,Male,59,3,1,Human Resources,4,Married,2145,2097,0,No,14,3,4,1,3,2,3,2,2,2,1,0,0.7696681744141096,Medium,0,0,1.0,3687.0,536.25,1,0,3,1,1,1,0,2
30,Yes,Travel_Frequently,600,Human Resources,8,3,Human Resources,1747,3,Female,66,2,1,Human Resources,4,Divorced,2180,9732,6,No,11,3,3,1,6,0,2,4,2,1,2,1,0.7822268625747127,Low,0,0,2.0,3408.0,311.42857142857144,1,0,0,0,1,0,0,1
31,No,Travel_Rarely,1003,Sales,5,3,Technical Degree,1749,1,Male,51,3,2,Sales Executive,3,Married,8346,20943,1,No,19,3,3,1,6,3,3,5,2,0,2,0,1.5168265369190013,High,0,0,1.6666666666666667,7907.599999999999,1192.2857142857142,2,2,5,1,7,1,0,0
27,No,Travel_Rarely,1054,Research & Development,8,3,Medical,1751,3,Female,67,3,1,Research Scientist,4,Single,3445,6152,1,No,11,3,3,0,6,5,2,6,2,1,4,0,1.2361337346650851,Low,0,0,3.0,3167.0,492.14285714285717,2,1,3,0,6,2,0,1
29,Yes,Travel_Rarely,428,Sales,9,3,Marketing,1752,2,Female,52,1,1,Sales Representative,2,Single,2760,14630,1,No,13,3,3,0,2,3,3,2,2,2,2,1,0.9903422663789941,Medium,0,0,1.0,2956.0,920.0,2,2,2,0,8,2,0,2
29,No,Travel_Frequently,461,Research & Development,1,3,Life Sciences,1753,4,Male,70,4,2,Healthcare Representative,3,Single,6294,23060,8,Yes,12,3,4,0,10,5,4,3,2,0,2,0,1.1438900339525753,Medium,1,0,1.0,4976.4,572.1818181818181,1,1,1,1,0,2,1,2
30,No,Travel_Rarely,979,Sales,15,2,Marketing,1754,3,Male,94,2,3,Sales Executive,1,Divorced,7140,3088,2,No,11,3,1,1,12,2,3,7,7,1,7,0,0.7272910776338789,Low,0,0,1.75,6384.0,549.2307692307693,2,2,2,1,7,0,0,1
34,No,Travel_Rarely,181,Research & Development,2,4,Medical,1755,4,Male,97,4,1,Research Scientist,4,Married,2932,5586,0,Yes,14,3,1,3,6,3,3,5,0,1,2,0,1.0520592481968156,Medium,1,0,2.5,6159.2,418.85714285714283,2,1,3,1,6,1,1,2
33,No,Non-Travel,1283,Sales,2,3,Marketing,1756,4,Female,62,3,2,Sales Executive,2,Single,5147,10697,8,No,15,3,4,0,13,2,2,11,7,1,7,0,0.9354308873139348,High,0,0,3.6666666666666665,4588.2,367.64285714285717,0,2,2,0,7,2,0,0
49,No,Travel_Rarely,1313,Sales,11,4,Marketing,1757,4,Female,80,3,2,Sales Executive,4,Single,4507,8191,3,No,12,3,3,0,8,1,4,5,1,0,4,0,0.8191154088058876,Medium,0,0,1.6666666666666667,3904.2,500.77777777777777,2,2,2,0,7,2,0,2
33,Yes,Travel_Rarely,211,Sales,16,3,Life Sciences,1758,1,Female,74,3,3,Sales Executive,1,Single,8564,10092,2,Yes,20,4,3,0,11,2,2,0,0,0,0,1,0.872341847178787,High,1,0,0.0,7138.4,713.6666666666666,2,2,1,0,7,2,1,0
38,No,Travel_Frequently,594,Research & Development,2,2,Medical,1760,3,Female,75,2,1,Laboratory Technician,2,Married,2468,15963,4,No,14,3,2,1,9,4,2,6,1,0,5,0,0.8855669251533904,Medium,0,0,3.0,3880.8,246.8,1,1,3,0,2,1,0,2
31,Yes,Travel_Rarely,1079,Sales,16,4,Marketing,1761,1,Male,70,3,3,Sales Executive,3,Married,8161,19002,2,No,13,3,1,3,10,2,3,1,0,0,0,1,0.8312916645056143,Medium,0,0,0.25,9196.599999999999,741.9090909090909,2,2,2,1,7,1,0,2
29,No,Travel_Rarely,590,Research & Development,4,3,Technical Degree,1762,4,Female,91,2,1,Research Scientist,1,Divorced,2109,10007,1,No,13,3,3,1,1,2,3,1,0,0,0,0,0.7567506665917749,Medium,0,0,0.5,3565.3999999999996,1054.5,2,1,5,0,6,0,0,2
30,No,Travel_Rarely,305,Research & Development,16,3,Life Sciences,1763,3,Male,58,4,2,Healthcare Representative,3,Married,5294,9128,3,No,16,3,3,1,10,3,3,7,0,1,7,0,0.9621470987837518,High,0,0,2.3333333333333335,5776.4,481.27272727272725,2,1,1,1,0,1,0,0
32,No,Non-Travel,953,Research & Development,5,4,Technical Degree,1764,2,Male,65,3,1,Research Scientist,2,Single,2718,17674,2,No,14,3,2,0,12,3,3,7,7,0,7,0,0.9752718405862704,Medium,0,0,3.5,3030.8,209.07692307692307,0,1,5,1,6,2,0,2
38,No,Travel_Rarely,833,Research & Development,18,3,Medical,1766,2,Male,60,1,2,Healthcare Representative,4,Married,5811,24539,3,Yes,16,3,3,1,15,2,3,1,0,1,0,0,1.0561081962660335,High,1,0,0.3333333333333333,6086.6,363.1875,2,1,3,1,0,1,1,0
43,Yes,Travel_Frequently,807,Research & Development,17,3,Technical Degree,1767,3,Male,38,2,1,Research Scientist,3,Married,2437,15587,9,Yes,16,3,4,1,6,4,3,1,0,0,0,1,0.8744435156397133,High,1,0,0.5,4062.2,348.14285714285717,1,1,5,1,6,1,1,0
42,No,Travel_Rarely,855,Research & Development,12,3,Medical,1768,2,Male,57,3,1,Laboratory Technician,2,Divorced,2766,8952,8,No,22,4,2,3,7,6,2,5,3,0,4,0,0.9924951843493832,High,0,0,2.5,6859.6,345.75,2,1,3,1,2,0,0,0
55,No,Travel_Rarely,478,Research & Development,2,3,Medical,1770,3,Male,60,2,5,Research Director,1,Married,19038,19805,8,No,12,3,2,3,34,2,3,1,0,0,0,0,0.9919848123748336,Medium,0,0,0.16666666666666666,15622.8,543.9428571428572,2,1,3,1,5,1,0,2
33,No,Non-Travel,775,Research & Development,4,3,Technical Degree,1771,4,Male,90,3,2,Research Scientist,2,Divorced,3055,6194,5,No,15,3,4,2,11,2,2,9,8,1,7,0,0.5552246669407559,High,0,0,3.0,5333.0,254.58333333333334,0,1,5,1,6,0,0,0
41,No,Travel_Rarely,548,Research & Development,9,4,Life Sciences,1772,3,Male,94,3,1,Laboratory Technician,1,Divorced,2289,20520,1,No,20,4,2,2,5,2,3,5,3,0,4,0,0.8213382057034484,High,0,0,2.5,5373.4,381.5,2,1,1,1,2,0,0,0
34,No,Non-Travel,1375,Sales,10,3,Life Sciences,1774,4,Male,87,3,2,Sales Executive,3,Divorced,4001,12313,1,Yes,14,3,3,1,15,3,3,15,14,0,7,0,0.727153483610463,Medium,1,0,5.0,4800.6,250.0625,0,2,1,1,7,0,1,2
53,No,Non-Travel,661,Research & Development,1,4,Medical,1775,1,Female,60,2,4,Manufacturing Director,3,Married,12965,22308,4,Yes,20,4,4,3,27,2,2,3,2,0,2,0,0.8362475135405174,High,1,0,0.6,12779.0,463.0357142857143,0,1,3,0,4,1,1,0
43,No,Travel_Rarely,244,Human Resources,2,3,Life Sciences,1778,2,Male,97,3,1,Human Resources,4,Single,3539,5033,0,No,13,3,2,0,10,5,3,9,7,1,8,0,1.269862782867848,Medium,0,0,4.5,3423.4,321.72727272727275,2,0,1,1,1,2,0,2
34,No,Travel_Rarely,511,Sales,3,2,Life Sciences,1779,4,Female,32,1,2,Sales Executive,4,Single,6029,25353,5,No,12,3,1,0,6,3,3,2,2,2,2,0,1.0957281561328371,Medium,0,0,0.6666666666666666,4817.4,861.2857142857143,2,2,1,0,7,2,0,2
21,Yes,Travel_Rarely,337,Sales,7,1,Marketing,1780,2,Male,31,3,1,Sales Representative,2,Single,2679,4567,1,No,13,3,2,0,1,3,3,1,0,1,0,1,0.9612778737787411,Medium,0,0,0.5,2907.3999999999996,1339.5,2,2,2,1,8,2,0,2
38,No,Travel_Rarely,1153,Research & Development,6,2,Other,1782,4,Female,40,2,1,Laboratory Technician,3,Married,3702,16376,1,No,11,3,2,1,5,3,3,5,4,0,4,0,1.3283503877300855,Low,0,0,2.5,4321.2,617.0,2,1,4,0,2,1,0,1
22,Yes,Travel_Rarely,1294,Research & Development,8,1,Medical,1783,3,Female,79,3,1,Laboratory Technician,1,Married,2398,15999,1,Yes,17,3,3,0,1,6,3,1,0,0,0,1,0.860449548832184,High,1,0,0.5,3138.8,1199.0,2,1,3,0,2,1,1,0
31,No,Travel_Rarely,196,Sales,29,4,Marketing,1784,1,Female,91,2,2,Sales Executive,4,Married,5468,13402,1,No,14,3,1,2,13,3,3,12,7,5,7,0,0.9937703695031271,Medium,0,0,4.0,6680.799999999999,390.57142857142856,2,2,2,0,7,1,0,2
51,No,Travel_Rarely,942,Research & Development,3,3,Technical Degree,1786,1,Female,53,3,3,Manager,3,Married,13116,22984,2,No,11,3,4,0,15,2,3,2,2,2,2,0,1.3360153745442516,Low,0,0,0.5,8969.599999999999,819.75,2,1,5,0,3,1,0,1
37,No,Travel_Rarely,589,Sales,9,2,Marketing,1787,2,Male,46,2,2,Sales Executive,2,Married,4189,8800,1,No,14,3,1,2,5,2,3,5,2,0,3,0,0.7613211554222018,Medium,0,0,1.6666666666666667,5913.4,698.1666666666666,2,2,2,1,7,1,0,2
46,No,Travel_Rarely,734,Research & Development,2,4,Medical,1789,3,Male,46,3,5,Research Director,4,Divorced,19328,14218,7,Yes,17,3,3,1,24,3,3,2,1,2,2,0,1.0070954119960491,High,1,0,0.3333333333333333,14296.8,773.12,2,1,3,1,5,0,1,0
36,No,Travel_Rarely,1383,Research & Development,10,3,Life Sciences,1790,4,Male,90,3,3,Healthcare Representative,1,Married,8321,25949,7,Yes,13,3,4,1,15,1,3,12,8,5,7,0,0.847589503780323,Medium,1,0,3.0,7292.599999999999,520.0625,2,1,1,1,0,1,1,2
44,Yes,Travel_Frequently,429,Research & Development,1,2,Medical,1792,3,Male,99,3,1,Research Scientist,2,Divorced,2342,11092,1,Yes,12,3,3,3,6,2,2,5,3,2,3,1,0.840355647775219,Medium,1,0,2.5,5605.2,334.57142857142856,1,1,3,1,6,0,1,2
37,No,Travel_Rarely,1239,Human Resources,8,2,Other,1794,3,Male,89,3,2,Human Resources,2,Divorced,4071,12832,2,No,13,3,3,0,19,4,2,10,0,4,7,0,0.7398754890722806,Medium,0,0,3.3333333333333335,3742.6,203.55,2,0,4,1,1,0,0,2
35,Yes,Travel_Rarely,303,Sales,27,3,Life Sciences,1797,3,Male,84,3,2,Sales Executive,4,Single,5813,13492,1,Yes,18,3,4,0,10,2,3,10,7,7,7,1,1.056471682136371,High,1,0,3.3333333333333335,5287.799999999999,528.4545454545455,2,2,1,1,7,2,1,0
33,No,Travel_Rarely,867,Research & Development,8,4,Life Sciences,1798,4,Male,90,4,1,Research Scientist,1,Married,3143,6076,6,No,19,3,2,1,14,1,3,10,8,7,6,0,1.127770196822166,High,0,0,5.0,4785.8,209.53333333333333,2,1,1,1,6,1,0,0
28,No,Travel_Rarely,1181,Research & Development,1,3,Life Sciences,1799,3,Male,82,3,1,Research Scientist,4,Married,2044,5531,1,No,11,3,3,1,5,6,4,5,3,0,3,0,0.7334273885792261,Low,0,0,2.5,3326.3999999999996,340.6666666666667,2,1,1,1,6,1,0,1
39,No,Travel_Rarely,1253,Research & Development,10,1,Medical,1800,3,Male,65,3,3,Research Director,3,Single,13464,7914,7,No,21,4,3,0,9,3,3,4,3,2,2,0,1.3714631749667432,High,0,0,1.0,10178.4,1346.4,2,1,3,1,5,2,0,0
46,No,Non-Travel,849,Sales,26,2,Life Sciences,1801,2,Male,98,2,2,Sales Executive,2,Single,7991,25166,8,No,15,3,3,0,6,3,3,2,2,2,2,0,1.4523077949340688,High,0,0,0.6666666666666666,6294.599999999999,1141.5714285714287,0,2,1,1,7,2,0,0
40,No,Travel_Rarely,616,Research & Development,2,2,Life Sciences,1802,3,Female,99,3,1,Laboratory Technician,1,Married,3377,25605,4,No,17,3,4,1,7,5,2,4,3,0,2,0,1.2117339976673418,High,0,0,2.0,4726.2,422.125,2,1,1,0,2,1,0,0
42,No,Travel_Rarely,1128,Research & Development,13,3,Medical,1803,2,Male,95,4,2,Healthcare Representative,1,Married,5538,5696,5,No,18,3,3,2,10,2,2,0,0,0,0,0,1.0064923749649448,High,0,0,0.0,7122.799999999999,503.45454545454544,2,1,3,1,0,1,0,0
35,No,Non-Travel,1180,Research & Development,2,2,Medical,1804,2,Male,90,3,2,Manufacturing Director,4,Divorced,5762,24442,2,No,14,3,3,1,15,6,3,7,7,1,7,0,1.0472027924427612,Medium,0,0,2.3333333333333335,5857.2,360.125,0,1,3,1,4,0,0,2
38,No,Non-Travel,1336,Human Resources,2,3,Human Resources,1805,1,Male,100,3,1,Human Resources,2,Divorced,2592,7129,5,No,13,3,4,3,13,3,3,11,10,3,8,0,0.9300605632080988,Medium,0,0,5.5,5855.2,185.14285714285714,0,0,0,1,1,0,0,2
34,Yes,Travel_Frequently,234,Research & Development,9,4,Life Sciences,1807,4,Male,93,3,2,Laboratory Technician,1,Married,5346,6208,4,No,17,3,3,1,11,3,2,7,1,0,7,1,0.9715977314125306,High,0,0,2.3333333333333335,5907.6,445.5,1,1,1,1,2,1,0,0
37,Yes,Travel_Rarely,370,Research & Development,10,4,Medical,1809,4,Male,58,3,2,Manufacturing Director,1,Single,4213,4992,1,No,15,3,2,0,10,4,1,10,3,0,8,1,0.7656829858662536,High,0,0,3.3333333333333335,4027.7999999999997,383.0,2,1,3,1,4,2,0,0
39,No,Travel_Frequently,766,Sales,20,3,Life Sciences,1812,3,Male,83,3,2,Sales Executive,4,Divorced,4127,19188,2,No,18,3,4,1,7,6,3,2,1,2,2,0,0.7500530934417348,High,0,0,0.6666666666666666,5276.2,515.875,1,2,1,1,7,0,0,0
43,No,Non-Travel,343,Research & Development,9,3,Life Sciences,1813,1,Male,52,3,1,Research Scientist,3,Single,2438,24978,4,No,13,3,3,0,7,2,2,3,2,1,2,0,0.8748023353014448,Medium,0,0,1.5,2762.8,304.75,0,1,1,1,6,2,0,2
41,No,Travel_Rarely,447,Research & Development,5,3,Life Sciences,1814,2,Male,85,4,2,Healthcare Representative,2,Single,6870,15530,3,No,12,3,1,0,11,3,1,3,2,1,2,0,1.2485739646098177,Medium,0,0,1.0,5322.0,572.5,2,1,1,1,0,2,0,2
41,No,Travel_Rarely,796,Sales,4,1,Marketing,1815,3,Female,81,3,3,Sales Executive,3,Divorced,10447,26458,0,Yes,13,3,4,1,23,3,4,22,14,13,5,0,1.0641470431430158,Medium,1,0,5.5,8568.2,435.2916666666667,2,2,2,0,7,0,1,2
30,No,Travel_Rarely,1092,Research & Development,10,3,Medical,1816,1,Female,64,3,3,Manufacturing Director,3,Single,9667,2739,9,No,14,3,2,0,9,3,3,7,7,0,2,0,0.9846950766788106,Medium,0,0,1.75,7200.2,966.7,2,1,3,0,4,2,0,2
26,Yes,Travel_Rarely,920,Human Resources,20,2,Medical,1818,4,Female,69,3,1,Human Resources,2,Married,2148,6889,0,Yes,11,3,3,0,6,3,3,5,1,1,4,1,0.7707446333993041,Low,1,1,2.5,2388.8,306.85714285714283,2,0,3,0,1,1,1,1
46,Yes,Travel_Rarely,261,Research & Development,21,2,Medical,1821,4,Female,66,3,2,Healthcare Representative,2,Married,8926,10842,4,No,22,4,4,1,13,2,4,9,7,3,7,1,1.6222374393169188,High,0,0,3.0,8555.599999999999,637.5714285714286,2,1,3,0,0,1,0,0
40,No,Travel_Rarely,1194,Research & Development,1,3,Life Sciences,1822,3,Female,52,3,2,Healthcare Representative,4,Divorced,6513,9060,4,No,17,3,4,1,12,3,3,5,3,0,3,0,1.1836917367545476,High,0,0,1.6666666666666667,6607.799999999999,501.0,2,1,1,0,0,0,0,0
34,No,Travel_Rarely,810,Sales,8,2,Technical Degree,1823,2,Male,92,4,2,Sales Executive,3,Married,6799,22128,1,No,21,4,3,2,10,5,3,10,8,4,8,0,1.2356702162128312,High,0,0,3.3333333333333335,8179.4,618.0909090909091,2,2,5,1,7,1,0,0
58,No,Non-Travel,350,Sales,2,3,Medical,1824,2,Male,52,3,4,Manager,2,Divorced,16291,22577,4,No,22,4,4,1,37,0,2,16,9,14,14,0,1.0507757996983085,High,0,0,3.2,12974.6,428.7105263157895,0,2,3,1,3,0,0,0
35,No,Travel_Rarely,185,Research & Development,23,4,Medical,1826,2,Male,91,1,1,Laboratory Technician,3,Married,2705,9696,0,No,16,3,2,1,6,2,4,5,4,0,3,0,0.9706071849837605,High,0,0,2.5,4223.0,386.42857142857144,2,1,3,1,2,1,0,0
47,No,Travel_Rarely,1001,Research & Development,4,3,Life Sciences,1827,3,Female,92,2,3,Manufacturing Director,2,Divorced,10333,19271,8,Yes,12,3,3,1,28,4,3,22,11,14,10,0,1.0525348326597859,Medium,1,0,5.5,8399.8,356.3103448275862,2,1,1,0,4,0,1,2
40,No,Travel_Rarely,750,Research & Development,12,3,Life Sciences,1829,2,Female,47,3,2,Healthcare Representative,1,Divorced,4448,10748,2,No,12,3,2,1,15,3,3,7,4,7,7,0,0.808392575630927,Medium,0,0,2.3333333333333335,4868.799999999999,278.0,2,1,1,0,0,0,0,2
54,No,Travel_Rarely,431,Research & Development,7,4,Medical,1830,4,Female,68,3,2,Research Scientist,4,Married,6854,15696,4,No,15,3,2,1,14,2,2,7,1,1,7,0,1.2456660776471165,High,0,0,2.3333333333333335,6612.4,456.93333333333334,2,1,3,0,6,1,0,0
31,No,Travel_Frequently,1125,Sales,7,4,Marketing,1833,1,Female,68,3,3,Sales Executive,1,Married,9637,8277,2,No,14,3,4,2,9,3,3,3,2,2,2,0,0.9816392318148027,Medium,0,0,0.75,9182.2,963.7,1,2,2,0,7,1,0,2
28,No,Travel_Rarely,1217,Research & Development,1,3,Medical,1834,3,Female,67,3,1,Research Scientist,1,Married,3591,12719,1,No,25,4,3,1,3,3,3,3,2,1,2,0,1.2885214052778868,High,0,0,1.5,5654.6,897.75,2,1,3,0,6,1,0,0
38,No,Travel_Rarely,723,Sales,2,4,Marketing,1835,2,Female,77,1,2,Sales Representative,4,Married,5405,4244,2,Yes,20,4,1,2,20,4,2,4,2,0,3,0,0.9823205645874912,High,1,0,1.3333333333333333,7243.0,257.3809523809524,2,2,2,0,8,1,1,0
26,No,Travel_Rarely,572,Sales,10,3,Medical,1836,3,Male,46,3,2,Sales Executive,4,Single,4684,9125,1,No,13,3,1,0,5,4,3,5,3,1,2,0,0.8512839083307694,Medium,0,0,1.6666666666666667,4110.4,780.6666666666666,2,2,3,1,7,2,0,2
58,No,Travel_Frequently,1216,Research & Development,15,4,Life Sciences,1837,1,Male,87,3,4,Research Director,3,Married,15787,21624,2,Yes,14,3,2,0,23,3,3,2,2,2,2,0,1.0182676048024797,Medium,1,0,0.4,10872.199999999999,657.7916666666666,1,1,1,1,5,1,1,2
18,No,Non-Travel,1431,Research & Development,14,3,Medical,1839,2,Female,33,3,1,Research Scientist,3,Single,1514,8018,1,No,16,3,3,0,0,4,1,0,0,0,0,0,0.5432529678615207,High,0,0,0.0,2508.4,1514.0,0,1,3,0,6,2,0,0
31,Yes,Travel_Rarely,359,Human Resources,18,5,Human Resources,1842,4,Male,89,4,1,Human Resources,1,Married,2956,21495,0,No,17,3,3,0,2,4,3,1,0,0,0,1,1.060670920078372,High,0,0,0.5,3473.6,985.3333333333334,2,0,0,1,1,1,0,0
29,Yes,Travel_Rarely,350,Human Resources,13,3,Human Resources,1844,1,Male,56,2,1,Human Resources,1,Divorced,2335,3157,4,Yes,15,3,4,3,4,3,3,2,2,2,0,1,0.8378439101430983,High,1,0,1.0,5901.0,467.0,2,0,0,1,1,0,1,0
45,No,Non-Travel,589,Sales,2,4,Life Sciences,1845,3,Female,67,3,2,Sales Executive,3,Married,5154,19665,4,No,22,4,2,2,10,3,4,8,7,5,7,0,0.9367030878601165,High,0,0,2.6666666666666665,7292.4,468.54545454545456,0,2,1,0,7,1,0,0
36,No,Travel_Rarely,430,Research & Development,2,4,Other,1847,4,Female,73,3,2,Research Scientist,2,Married,6962,19573,4,Yes,22,4,4,1,15,2,3,1,0,0,0,0,1.2652943146453495,High,1,0,0.3333333333333333,7377.2,435.125,2,1,4,0,6,1,1,0
43,No,Travel_Frequently,1422,Sales,2,4,Life Sciences,1849,1,Male,92,3,2,Sales Executive,4,Married,5675,19246,1,No,20,4,3,1,7,5,3,7,7,7,7,0,1.0313911570830736,High,0,0,2.3333333333333335,6405.0,709.375,1,2,1,1,7,1,0,0
27,No,Travel_Frequently,1297,Research & Development,5,2,Life Sciences,1850,4,Female,53,3,1,Laboratory Technician,4,Single,2379,19826,0,Yes,14,3,3,0,6,3,2,5,4,0,2,0,0.8536319752592851,Medium,1,0,2.5,2827.3999999999996,339.85714285714283,1,1,1,0,2,2,1,2
29,No,Travel_Frequently,574,Research & Development,20,1,Medical,1852,4,Male,40,3,1,Laboratory Technician,4,Married,3812,7003,1,No,13,3,2,0,11,3,4,11,8,3,10,0,1.3678205505205527,Medium,0,0,5.5,3587.2,317.6666666666667,1,1,3,1,2,1,0,2
32,No,Travel_Frequently,1318,Sales,10,4,Marketing,1853,4,Male,79,3,2,Sales Executive,4,Single,4648,26075,8,No,13,3,3,0,4,2,4,0,0,0,0,0,0.8447411626646918,Medium,0,0,0.0,4088.7999999999997,929.6,1,2,2,1,7,2,0,2
42,No,Non-Travel,355,Research & Development,10,4,Technical Degree,1854,3,Male,38,3,1,Research Scientist,3,Married,2936,6161,3,No,22,4,2,2,10,1,2,6,3,3,3,0,1.0534945268437417,High,0,0,3.0,5961.6,266.90909090909093,0,1,5,1,6,1,0,0
47,No,Travel_Rarely,207,Research & Development,9,4,Life Sciences,1856,2,Female,64,3,1,Laboratory Technician,3,Single,2105,5411,4,No,12,3,3,0,7,2,3,2,2,2,0,0,0.7553153879448488,Medium,0,0,1.0,2463.0,263.125,2,1,1,0,2,2,0,2
46,No,Travel_Rarely,706,Research & Development,2,2,Life Sciences,1857,4,Male,82,3,3,Manufacturing Director,4,Divorced,8578,19989,3,No,14,3,3,1,12,4,2,9,8,4,7,0,0.873767908115324,Medium,0,0,2.25,7546.8,659.8461538461538,2,1,1,1,4,0,0,2
28,No,Non-Travel,280,Human Resources,1,2,Life Sciences,1858,3,Male,43,3,1,Human Resources,4,Divorced,2706,10494,1,No,15,3,2,1,3,2,3,3,2,2,2,0,0.9709660046454921,High,0,0,1.5,4123.6,676.5,0,0,1,1,1,0,0,0
29,No,Travel_Rarely,726,Research & Development,29,1,Life Sciences,1859,4,Male,93,1,2,Healthcare Representative,3,Divorced,6384,21143,8,No,17,3,4,2,11,3,3,7,0,1,6,0,1.1602468981177694,High,0,0,2.3333333333333335,7530.4,532.0,2,1,1,1,0,0,0,0
42,No,Travel_Rarely,1142,Research & Development,8,3,Life Sciences,1860,4,Male,81,3,1,Laboratory Technician,3,Single,3968,13624,4,No,13,3,4,0,8,3,3,0,0,0,0,0,1.42379641775067,Medium,0,0,0.0,3680.7999999999997,440.8888888888889,2,1,1,1,2,2,0,2
32,Yes,Travel_Rarely,414,Sales,2,4,Marketing,1862,3,Male,82,2,2,Sales Executive,2,Single,9907,26186,7,Yes,12,3,3,0,7,3,2,2,2,2,2,1,1.8005272587175347,Medium,1,0,0.6666666666666666,7144.2,1238.375,2,2,2,1,7,2,1,2
46,No,Travel_Rarely,1319,Sales,3,3,Technical Degree,1863,1,Female,45,4,4,Sales Executive,1,Divorced,13225,7739,2,No,12,3,4,1,25,5,3,19,17,2,8,0,0.8530176140820165,Medium,0,0,3.8,10135.0,508.65384615384613,2,2,5,0,7,0,0,2
27,No,Travel_Rarely,728,Sales,23,1,Medical,1864,2,Female,36,2,2,Sales Representative,3,Married,3540,7018,1,No,21,4,4,1,9,5,3,9,8,5,8,0,0.6433699904976353,High,0,0,3.0,5224.0,354.0,2,2,3,0,8,1,0,0
29,No,Travel_Rarely,352,Human Resources,6,1,Medical,1865,4,Male,87,2,1,Human Resources,2,Married,2804,15434,1,No,11,3,4,0,1,3,3,1,0,0,0,0,1.006130331495181,Low,0,0,0.5,2782.3999999999996,1402.0,2,0,3,1,1,1,0,1
43,No,Travel_Rarely,823,Research & Development,6,3,Medical,1866,1,Female,81,2,5,Manager,3,Married,19392,22539,7,No,13,3,4,0,21,2,3,16,12,6,14,0,1.0104301650159035,Medium,0,0,2.6666666666666665,12935.199999999999,881.4545454545455,2,1,3,0,3,1,0,2
48,No,Travel_Rarely,1224,Research & Development,10,3,Life Sciences,1867,4,Male,91,2,5,Research Director,2,Married,19665,13583,4,No,12,3,4,0,29,3,3,22,10,12,9,0,1.0246549708662203,Medium,0,0,3.6666666666666665,12999.0,655.5,2,1,1,1,5,1,0,2
29,Yes,Travel_Frequently,459,Research & Development,24,2,Life Sciences,1868,4,Male,73,2,1,Research Scientist,4,Single,2439,14753,1,Yes,24,4,2,0,1,3,2,1,0,1,0,1,0.8751611549631764,High,1,0,0.5,3863.3999999999996,1219.5,1,1,1,1,6,2,1,0
46,Yes,Travel_Rarely,1254,Sales,10,3,Life Sciences,1869,3,Female,64,3,3,Sales Executive,2,Married,7314,14011,5,No,21,4,3,3,14,2,3,8,7,0,7,1,0.7450149778451247,High,0,0,2.0,9488.4,487.6,2,2,1,0,7,1,0,0
27,No,Travel_Frequently,1131,Research & Development,15,3,Life Sciences,1870,4,Female,77,2,1,Research Scientist,1,Married,4774,23844,0,No,19,3,4,1,8,2,2,7,6,7,3,0,1.7130050651062747,High,0,0,3.5,5764.4,530.4444444444445,1,1,1,0,6,1,0,0
39,No,Travel_Rarely,835,Research & Development,19,4,Other,1871,4,Male,41,3,2,Research Scientist,4,Divorced,3902,5141,8,No,14,3,2,3,7,2,3,2,2,2,2,0,0.7091609330287494,Medium,0,0,0.6666666666666666,6741.2,487.75,2,1,4,1,6,0,0,2
55,No,Travel_Rarely,836,Research & Development,2,4,Technical Degree,1873,2,Male,98,2,1,Research Scientist,4,Married,2662,7975,8,No,20,4,2,1,19,2,4,5,2,0,4,0,0.9551779395293052,High,0,0,2.5,4597.2,133.1,2,1,5,1,6,1,0,0
28,No,Travel_Rarely,1172,Sales,3,3,Medical,1875,2,Female,78,3,1,Sales Representative,2,Married,2856,3692,1,No,19,3,4,1,1,3,3,1,0,0,0,0,1.02478895390522,High,0,0,0.5,4613.6,1428.0,2,2,3,0,8,1,0,0
30,Yes,Travel_Rarely,945,Sales,9,3,Medical,1876,2,Male,89,3,1,Sales Representative,4,Single,1081,16019,1,No,13,3,3,0,1,3,2,1,0,0,0,1,0.3878840543317727,Medium,0,0,0.5,1948.6,540.5,2,2,3,1,8,2,0,2
22,Yes,Travel_Rarely,391,Research & Development,7,1,Life Sciences,1878,4,Male,75,3,1,Research Scientist,2,Single,2472,26092,1,Yes,23,4,1,0,1,2,3,1,0,0,0,1,0.8870022038003165,High,1,0,0.5,3783.2,1236.0,2,1,1,1,6,2,1,0
36,No,Travel_Rarely,1266,Sales,10,4,Technical Degree,1880,2,Female,63,2,2,Sales Executive,3,Married,5673,6060,1,Yes,13,3,1,1,10,4,3,10,9,1,7,0,1.031027671212736,Medium,1,0,3.3333333333333335,5703.799999999999,515.7272727272727,2,2,5,0,7,1,1,2
31,No,Travel_Rarely,311,Research & Development,20,3,Life Sciences,1881,2,Male,89,3,2,Laboratory Technician,3,Divorced,4197,18624,1,No,11,3,1,1,10,2,3,10,8,0,2,0,0.7627750989035523,Low,0,0,3.3333333333333335,4618.2,381.54545454545456,2,1,1,1,2,0,0,1
34,No,Travel_Rarely,1480,Sales,4,3,Life Sciences,1882,3,Male,64,3,3,Sales Executive,4,Married,9713,24444,2,Yes,13,3,4,3,9,3,3,5,3,1,0,0,0.9893807054702893,Medium,1,0,1.25,10127.8,971.3,2,2,1,1,7,1,1,2
29,No,Travel_Rarely,592,Research & Development,7,3,Life Sciences,1883,4,Male,59,3,1,Laboratory Technician,1,Single,2062,19384,3,No,14,3,2,0,11,2,3,3,2,1,2,0,0.7398861424903934,Medium,0,0,1.5,2637.2,171.83333333333334,2,1,1,1,2,2,0,2
37,No,Travel_Rarely,783,Research & Development,7,4,Medical,1885,4,Male,78,3,2,Research Scientist,1,Married,4284,13588,5,Yes,22,4,3,1,16,2,3,5,3,0,4,0,0.77858673426324,High,1,0,1.6666666666666667,5770.4,252.0,2,1,3,1,6,1,1,0
35,No,Travel_Rarely,219,Research & Development,16,2,Other,1886,4,Female,44,2,2,Manufacturing Director,2,Married,4788,25388,0,Yes,11,3,4,0,4,2,3,3,2,0,2,0,0.870185173588327,Low,1,1,1.0,3972.7999999999997,957.6,2,1,4,0,4,1,1,1
45,No,Travel_Rarely,556,Research & Development,25,2,Life Sciences,1888,2,Female,93,2,2,Manufacturing Director,4,Married,5906,23888,0,No,13,3,4,2,10,2,2,9,8,3,8,0,1.0733737751070718,Medium,0,0,3.0,6843.6,536.9090909090909,2,1,1,0,4,1,0,2
36,No,Travel_Frequently,1213,Human Resources,2,1,Human Resources,1890,2,Male,94,2,2,Human Resources,4,Single,3886,4223,1,No,21,4,4,0,10,2,2,10,1,0,8,0,0.7062530460660482,High,0,0,3.3333333333333335,4431.6,353.27272727272725,1,0,0,1,1,2,0,0
40,No,Travel_Rarely,1137,Research & Development,1,4,Life Sciences,1892,1,Male,98,3,4,Manager,1,Divorced,16823,18991,2,No,11,3,1,1,22,3,3,19,7,11,16,0,1.0850900054216834,Low,0,0,3.8,12193.8,731.4347826086956,2,1,1,1,3,0,0,1
26,No,Travel_Rarely,482,Research & Development,1,2,Life Sciences,1893,2,Female,90,2,1,Research Scientist,3,Married,2933,14908,1,Yes,13,3,3,1,1,3,2,1,0,1,0,0,1.052418067858547,Medium,1,0,0.5,4059.8,1466.5,2,1,1,0,6,1,1,2
27,No,Travel_Rarely,511,Sales,2,2,Medical,1898,1,Female,89,4,2,Sales Executive,3,Single,6500,26997,0,No,14,3,2,0,9,5,2,8,7,0,7,0,1.181329078597353,Medium,0,0,2.6666666666666665,5300.0,650.0,2,2,3,0,7,2,0,2
48,No,Travel_Frequently,117,Research & Development,22,3,Medical,1900,4,Female,58,3,4,Manager,4,Divorced,17174,2437,3,No,11,3,2,1,24,3,3,22,17,4,7,0,1.1077296411527071,Low,0,0,4.4,12404.4,686.96,1,1,3,0,3,0,0,1
44,No,Travel_Rarely,170,Research & Development,1,4,Life Sciences,1903,2,Male,78,4,2,Healthcare Representative,1,Married,5033,9364,2,No,15,3,4,1,10,5,3,2,0,2,2,0,0.9147121927046888,High,0,0,0.6666666666666666,5519.799999999999,457.54545454545456,2,1,1,1,0,1,0,0
34,Yes,Non-Travel,967,Research & Development,16,4,Technical Degree,1905,4,Male,85,1,1,Research Scientist,1,Married,2307,14460,1,Yes,23,4,2,1,5,2,3,5,2,3,0,1,0.8277969596146157,High,1,0,2.5,4684.2,384.5,0,1,5,1,6,1,1,0
56,Yes,Travel_Rarely,1162,Research & Development,24,2,Life Sciences,1907,1,Male,97,3,1,Laboratory Technician,4,Single,2587,10261,1,No,16,3,4,0,5,3,3,4,2,1,0,1,0.9282664648994412,High,0,0,2.0,3152.2,431.1666666666667,2,1,1,1,2,2,0,0
36,No,Travel_Rarely,335,Sales,17,2,Marketing,1908,3,Male,33,2,2,Sales Executive,2,Married,5507,16822,2,No,16,3,3,2,12,1,1,4,2,1,3,0,1.0008583439747112,High,0,0,1.3333333333333333,6904.2,423.61538461538464,2,2,2,1,7,1,0,0
41,No,Travel_Rarely,337,Sales,8,3,Marketing,1909,3,Female,54,3,2,Sales Executive,2,Married,4393,26841,5,No,21,4,3,1,14,3,3,5,4,1,4,0,0.7983967141966418,High,0,0,1.6666666666666667,5735.799999999999,292.8666666666667,2,2,2,0,7,1,0,0
42,No,Travel_Rarely,1396,Research & Development,6,3,Medical,1911,3,Male,83,3,3,Research Director,1,Married,13348,14842,9,No,13,3,2,1,18,3,4,13,7,5,7,0,1.3596472414925793,Medium,0,0,3.25,10308.8,702.5263157894736,2,1,3,1,5,1,0,2
31,No,Travel_Rarely,1079,Sales,10,2,Medical,1912,3,Female,86,3,2,Sales Executive,4,Divorced,6583,20115,2,Yes,11,3,4,1,8,2,3,5,2,1,4,0,1.1964137422163654,Low,1,1,1.6666666666666667,6049.799999999999,731.4444444444445,2,2,3,0,7,0,1,1
34,No,Travel_Rarely,735,Sales,3,1,Medical,1915,4,Female,75,2,2,Sales Executive,4,Married,8103,16495,3,Yes,12,3,3,0,9,3,2,4,2,0,1,0,1.472663003672977,Medium,1,0,1.3333333333333333,6061.8,810.3,2,2,3,0,7,1,1,2
31,No,Travel_Rarely,471,Research & Development,4,3,Medical,1916,1,Female,62,4,1,Laboratory Technician,3,Divorced,3978,16031,8,No,12,3,2,1,4,0,2,2,2,2,2,0,1.4273846143679851,Medium,0,0,1.0,4586.799999999999,795.6,2,1,3,0,2,0,0,2
26,No,Travel_Frequently,1096,Research & Development,6,3,Other,1918,3,Male,61,4,1,Laboratory Technician,4,Married,2544,7102,0,No,18,3,1,1,8,3,3,7,7,7,7,0,0.9128372194449859,High,0,0,3.5,4326.4,282.6666666666667,1,1,4,1,2,1,0,0
45,No,Travel_Frequently,1297,Research & Development,1,4,Medical,1922,2,Male,44,3,2,Healthcare Representative,3,Single,5399,14511,4,No,12,3,3,0,12,3,3,4,2,0,3,0,0.9812301069764783,Medium,0,0,1.3333333333333333,4439.4,415.3076923076923,1,1,3,1,0,2,0,2
33,No,Travel_Rarely,217,Sales,10,4,Marketing,1924,2,Male,43,3,2,Sales Executive,3,Single,5487,10410,1,No,14,3,2,0,10,2,2,10,4,0,9,0,0.9972234852713348,Medium,0,0,3.3333333333333335,4692.2,498.8181818181818,2,2,2,1,7,2,0,2
28,No,Travel_Frequently,783,Sales,1,2,Life Sciences,1927,3,Male,42,2,2,Sales Executive,4,Married,6834,19255,1,Yes,12,3,3,1,7,2,3,7,7,0,7,0,1.2420312189437401,Medium,1,0,2.3333333333333335,6300.4,854.25,1,2,1,1,7,1,1,2
29,Yes,Travel_Frequently,746,Sales,24,3,Technical Degree,1928,3,Male,45,4,1,Sales Representative,1,Single,1091,10642,1,No,17,3,4,0,1,3,3,1,0,0,0,1,0.3914722509490879,High,0,0,0.5,2354.6,545.5,1,2,5,1,8,2,0,0
39,No,Non-Travel,1251,Sales,21,4,Life Sciences,1929,1,Female,32,1,2,Sales Executive,3,Married,5736,3987,6,No,19,3,3,1,10,1,3,3,2,1,2,0,1.0424774761283717,High,0,0,1.0,6341.6,521.4545454545455,0,2,1,0,7,1,0,0
27,No,Travel_Rarely,1354,Research & Development,2,4,Technical Degree,1931,2,Male,41,3,1,Research Scientist,2,Married,2226,6073,1,No,11,3,3,1,6,3,2,5,3,1,2,0,0.7987325670143627,Low,0,0,2.5,3435.6,318.0,2,1,5,1,6,1,0,1
34,No,Travel_Frequently,735,Research & Development,22,4,Other,1932,3,Male,86,2,2,Research Scientist,4,Married,5747,26496,1,Yes,15,3,2,0,16,3,3,15,10,6,11,0,1.0444766484152288,High,1,0,5.0,4948.2,338.05882352941177,1,1,4,1,6,1,1,0
28,Yes,Travel_Rarely,1475,Sales,13,2,Marketing,1933,4,Female,84,3,2,Sales Executive,3,Single,9854,23352,3,Yes,11,3,4,0,6,0,3,2,0,2,2,1,1.7908948831535871,Low,1,1,0.6666666666666666,7012.4,1407.7142857142858,2,2,2,0,7,2,1,1
47,No,Non-Travel,1169,Research & Development,14,4,Technical Degree,1934,3,Male,64,3,2,Research Scientist,2,Married,5467,2125,8,No,18,3,3,1,16,4,4,8,7,1,7,0,0.9935886265679583,High,0,0,2.6666666666666665,6080.2,321.5882352941176,0,1,5,1,6,1,0,0
56,No,Travel_Rarely,1443,Sales,11,5,Marketing,1935,4,Female,89,2,2,Sales Executive,1,Married,5380,20328,4,No,16,3,3,1,6,3,3,0,0,0,0,0,0.9777769912082707,High,0,0,0.0,5828.0,768.5714285714286,2,2,2,0,7,1,0,0
39,No,Travel_Rarely,867,Research & Development,9,2,Medical,1936,1,Male,87,3,2,Manufacturing Director,1,Married,5151,12315,1,No,25,4,4,1,10,3,3,10,0,7,9,0,0.93615785905461,High,0,0,3.3333333333333335,6590.6,468.27272727272725,2,1,3,1,4,1,0,0
38,No,Travel_Frequently,1394,Research & Development,8,3,Medical,1937,4,Female,58,2,2,Research Scientist,2,Divorced,2133,18115,1,Yes,16,3,3,1,20,3,3,20,11,0,7,0,0.3876576807151006,High,1,0,6.666666666666667,3879.8,101.57142857142857,1,1,3,0,6,0,1,0
58,No,Travel_Rarely,605,Sales,21,3,Life Sciences,1938,4,Female,72,3,4,Manager,4,Married,17875,11761,4,Yes,13,3,3,1,29,2,2,1,0,0,0,0,1.1529444122280563,Medium,1,0,0.2,13025.0,595.8333333333334,2,2,1,0,3,1,1,2
32,Yes,Travel_Frequently,238,Research & Development,5,2,Life Sciences,1939,1,Female,47,4,1,Research Scientist,3,Single,2432,15318,3,Yes,14,3,1,0,8,2,3,4,1,0,3,1,0.8726494173310557,Medium,1,0,2.0,2859.2,270.22222222222223,1,1,1,0,6,2,1,2
38,No,Travel_Rarely,1206,Research & Development,9,2,Life Sciences,1940,2,Male,71,3,1,Research Scientist,4,Divorced,4771,14293,2,No,19,3,4,2,10,0,4,5,2,0,3,0,1.71192860612108,High,0,0,2.5,6762.6,433.72727272727275,2,1,1,1,6,0,0,0
49,No,Travel_Frequently,1064,Research & Development,2,1,Life Sciences,1941,2,Male,42,3,5,Research Director,4,Married,19161,13738,3,No,15,3,4,0,28,3,3,5,4,4,3,0,0.9983937908348663,High,0,0,0.8333333333333334,12996.6,660.7241379310345,1,1,1,1,5,1,0,0
42,No,Travel_Rarely,419,Sales,12,4,Marketing,1943,2,Male,77,3,2,Sales Executive,4,Divorced,5087,2900,3,Yes,12,3,3,2,14,4,3,0,0,0,0,0,0.9245263112038054,Medium,1,0,0.0,6252.2,339.1333333333333,2,2,2,1,7,0,1,2
27,Yes,Travel_Frequently,1337,Human Resources,22,3,Human Resources,1944,1,Female,58,2,1,Human Resources,2,Married,2863,19555,1,No,12,3,1,0,1,2,3,1,0,0,0,1,1.0273006915373406,Medium,0,0,0.5,2917.8,1431.5,1,0,0,0,1,1,0,2
35,No,Travel_Rarely,682,Sales,18,4,Medical,1945,2,Male,71,3,2,Sales Executive,1,Married,5561,15975,0,No,16,3,4,1,6,2,1,5,3,0,4,0,1.0106724624738277,High,0,0,1.6666666666666667,5936.6,794.4285714285714,2,2,3,1,7,1,0,0
28,No,Non-Travel,1103,Research & Development,16,3,Medical,1947,3,Male,49,3,1,Research Scientist,3,Single,2144,2122,1,No,14,3,3,0,5,3,2,5,3,1,4,0,0.769309354752378,Medium,0,0,2.5,2686.3999999999996,357.3333333333333,0,1,3,1,6,2,0,2
31,No,Non-Travel,976,Research & Development,3,2,Medical,1948,3,Male,48,3,1,Research Scientist,1,Divorced,3065,3995,1,Yes,13,3,4,1,4,3,4,4,2,2,3,0,1.0997822632071077,Medium,1,0,2.0,4139.0,613.0,0,1,3,1,6,0,1,2
36,No,Non-Travel,1351,Research & Development,9,4,Life Sciences,1949,1,Male,66,4,1,Laboratory Technician,2,Married,2810,9238,1,No,22,4,2,0,5,3,3,5,4,0,2,0,1.00828324946557,High,0,0,2.5,3886.0,468.3333333333333,0,1,1,1,2,1,0,0
34,No,Travel_Rarely,937,Sales,1,3,Marketing,1950,1,Male,32,3,3,Sales Executive,4,Single,9888,6770,1,No,21,4,1,0,14,3,2,14,8,2,1,0,1.007206467177002,High,0,0,3.5,8032.8,659.2,2,2,2,1,7,2,0,0
34,No,Travel_Rarely,1239,Sales,13,4,Medical,1951,4,Male,39,3,3,Sales Executive,3,Divorced,8628,22914,1,No,18,3,3,1,9,2,2,8,7,1,1,0,0.8788609828886705,High,0,0,2.0,7976.8,862.8,2,2,3,1,7,0,0,0
26,No,Travel_Rarely,157,Research & Development,1,3,Medical,1952,3,Male,95,3,1,Laboratory Technician,1,Single,2867,20006,0,No,13,3,4,0,8,6,2,7,7,7,6,0,1.0287359701842667,Medium,0,0,3.5,3020.2,318.55555555555554,2,1,3,1,2,2,0,2
29,No,Travel_Rarely,136,Research & Development,1,3,Life Sciences,1954,1,Male,89,3,2,Healthcare Representative,1,Married,5373,6225,0,No,12,3,1,1,6,5,2,5,3,0,2,0,0.9765047906620888,Medium,0,0,1.6666666666666667,5423.799999999999,767.5714285714286,2,1,1,1,0,1,0,2
32,No,Non-Travel,1146,Research & Development,15,4,Medical,1955,3,Female,34,3,2,Healthcare Representative,4,Divorced,6667,16542,5,No,18,3,2,1,9,6,3,5,1,1,2,0,1.2116801487705464,High,0,0,1.6666666666666667,6800.2,666.7,0,1,3,0,0,0,0,0
31,No,Travel_Frequently,1125,Research & Development,1,3,Life Sciences,1956,4,Male,48,1,2,Research Scientist,1,Married,5003,5771,1,No,21,4,2,0,10,6,3,10,8,8,7,0,0.9092599046496241,High,0,0,3.3333333333333335,5101.799999999999,454.8181818181818,1,1,1,1,6,1,0,0
28,Yes,Travel_Rarely,1404,Research & Development,17,3,Technical Degree,1960,3,Male,32,2,1,Laboratory Technician,4,Divorced,2367,18779,5,No,12,3,1,1,6,2,2,4,1,0,3,1,0.849326139318507,Medium,0,0,2.0,3620.2,338.14285714285717,2,1,5,1,2,0,0,2
38,No,Travel_Rarely,1404,Sales,1,3,Life Sciences,1961,1,Male,59,2,1,Sales Representative,1,Single,2858,11473,4,No,14,3,1,0,20,3,2,1,0,0,0,0,1.025506593228683,Medium,0,0,0.5,3114.8,136.0952380952381,2,2,1,1,8,2,0,2
35,No,Travel_Rarely,1224,Sales,7,4,Life Sciences,1962,3,Female,55,3,2,Sales Executive,4,Married,5204,13586,1,Yes,11,3,4,0,10,2,3,10,8,0,9,0,0.9457902346185577,Low,1,1,3.3333333333333335,4222.4,473.09090909090907,2,2,1,0,7,1,1,1
27,No,Travel_Rarely,954,Sales,9,3,Marketing,1965,4,Male,44,3,2,Sales Executive,4,Single,4105,5099,1,No,14,3,1,0,7,5,3,7,7,0,7,0,0.7460547488680206,Medium,0,0,2.3333333333333335,3863.0,513.125,2,2,2,1,7,2,0,2
32,No,Travel_Rarely,1373,Research & Development,5,4,Life Sciences,1966,4,Male,56,2,2,Manufacturing Director,4,Single,9679,10138,8,No,24,4,2,0,8,1,3,1,0,0,0,0,1.759089869499043,High,0,0,0.3333333333333333,8207.4,1075.4444444444443,2,1,1,1,4,2,0,0
31,Yes,Travel_Frequently,754,Sales,26,4,Marketing,1967,1,Male,63,3,2,Sales Executive,4,Married,5617,21075,1,Yes,11,3,3,0,10,4,3,10,7,0,8,1,1.0208500668432818,Low,1,1,3.3333333333333335,4470.2,510.6363636363636,1,2,2,1,7,1,1,1
53,Yes,Travel_Rarely,1168,Sales,24,4,Life Sciences,1968,1,Male,66,3,3,Sales Executive,1,Single,10448,5843,6,Yes,13,3,2,0,15,2,2,2,2,2,2,1,1.0642489046384829,Medium,1,0,0.5,7568.8,653.0,2,2,1,1,7,2,1,2
54,No,Travel_Rarely,155,Research & Development,9,2,Life Sciences,1969,1,Female,67,3,2,Research Scientist,3,Married,2897,22474,3,No,11,3,3,2,9,6,2,4,3,2,3,0,0.5265092831840817,Low,0,0,1.3333333333333333,4838.2,289.7,2,1,1,0,6,1,0,1
33,No,Travel_Frequently,1303,Research & Development,7,2,Life Sciences,1970,4,Male,36,3,2,Healthcare Representative,3,Divorced,5968,18079,1,No,20,4,3,3,9,2,3,9,7,2,8,0,1.0846418370875388,High,0,0,3.0,8580.8,596.8,1,1,1,1,0,0,0,0
43,No,Travel_Rarely,574,Research & Development,11,3,Life Sciences,1971,1,Male,30,3,3,Healthcare Representative,3,Married,7510,16873,1,No,17,3,2,1,10,1,3,10,9,0,9,0,0.764979830956643,High,0,0,2.5,7206.0,682.7272727272727,2,1,1,1,0,1,0,0
38,No,Travel_Frequently,1444,Human Resources,1,4,Other,1972,4,Male,88,3,1,Human Resources,2,Married,2991,5224,0,Yes,11,3,2,1,7,2,3,6,2,1,2,0,1.0732296082389752,Low,1,1,3.0,3894.6,373.875,1,0,4,1,1,1,1,1
55,No,Travel_Rarely,189,Human Resources,26,4,Human Resources,1973,3,Male,71,4,5,Manager,2,Married,19636,25811,4,Yes,18,3,1,1,35,0,3,10,9,1,4,0,1.0231439109040987,High,1,0,1.6666666666666667,14581.6,545.4444444444445,2,0,0,1,3,1,1,0
31,No,Travel_Rarely,1276,Research & Development,2,1,Medical,1974,4,Female,59,1,1,Laboratory Technician,4,Divorced,1129,17536,1,Yes,11,3,3,3,1,4,3,1,0,0,0,0,0.40510739809488566,Low,1,1,0.5,4777.4,564.5,2,1,3,0,2,0,1,1
39,No,Travel_Rarely,119,Sales,15,4,Marketing,1975,2,Male,77,3,4,Sales Executive,1,Single,13341,25098,0,No,12,3,1,0,21,3,3,20,8,11,10,0,0.8604996589389929,Medium,0,0,4.0,9204.599999999999,606.4090909090909,2,2,2,1,7,2,0,2
42,No,Non-Travel,335,Research & Development,23,2,Life Sciences,1976,4,Male,37,2,2,Research Scientist,3,Single,4332,14811,1,No,12,3,4,0,20,2,3,20,9,3,7,0,0.7873103951513436,Medium,0,0,6.666666666666667,3799.2,206.28571428571428,0,1,1,1,6,2,0,2
31,No,Non-Travel,697,Research & Development,10,3,Medical,1979,3,Female,40,3,3,Research Director,3,Married,11031,26862,4,No,20,4,3,1,13,2,4,11,7,4,8,0,1.1236341564957029,High,0,0,2.75,9618.599999999999,787.9285714285714,0,1,3,0,5,1,0,0
54,No,Travel_Rarely,157,Research & Development,10,3,Medical,1980,3,Female,77,3,2,Manufacturing Director,1,Single,4440,25198,6,Yes,19,3,4,0,9,3,3,5,2,1,4,0,0.8069386321495765,High,1,0,1.6666666666666667,4564.0,444.0,2,1,3,0,4,2,1,0
24,No,Travel_Rarely,771,Research & Development,1,2,Life Sciences,1981,2,Male,45,2,2,Healthcare Representative,3,Single,4617,14120,1,No,12,3,2,0,4,2,2,4,3,1,2,0,0.8391071316744583,Medium,0,0,1.3333333333333333,3970.2,923.4,2,1,1,1,0,2,0,2
23,No,Travel_Rarely,571,Research & Development,12,2,Other,1982,4,Male,78,3,1,Laboratory Technician,4,Single,2647,13672,1,No,13,3,3,0,5,6,4,5,2,1,4,0,0.9497956446033324,Medium,0,0,2.5,2888.2,441.1666666666667,2,1,4,1,2,2,0,2
40,No,Travel_Frequently,692,Research & Development,11,3,Technical Degree,1985,4,Female,73,3,2,Laboratory Technician,3,Married,6323,26849,1,No,11,3,1,1,10,2,4,10,9,9,4,0,1.1491605790724713,Low,0,0,3.3333333333333335,5893.799999999999,574.8181818181819,1,1,5,0,2,1,0,1
40,No,Travel_Rarely,444,Sales,2,2,Marketing,1986,2,Female,92,3,2,Sales Executive,2,Married,5677,4258,3,No,14,3,3,1,15,4,3,11,8,5,10,0,1.0317546429534112,Medium,0,0,3.6666666666666665,5806.2,354.8125,2,2,2,0,7,1,0,2
25,No,Travel_Rarely,309,Human Resources,2,3,Human Resources,1987,3,Female,82,3,1,Human Resources,2,Married,2187,19655,4,No,14,3,3,0,6,3,3,2,0,1,2,0,0.7847386002068334,Medium,0,0,1.0,2712.2,312.42857142857144,2,0,0,0,1,1,0,2
30,No,Travel_Rarely,911,Research & Development,1,2,Medical,1989,4,Male,76,3,1,Laboratory Technician,2,Married,3748,4077,1,No,13,3,3,0,12,6,2,12,8,1,7,0,1.3448560921697355,Medium,0,0,6.0,3548.7999999999997,288.3076923076923,2,1,3,1,2,1,0,2
25,No,Travel_Rarely,977,Research & Development,2,1,Other,1992,4,Male,57,3,1,Laboratory Technician,3,Divorced,3977,7298,6,Yes,19,3,3,1,7,2,2,2,2,0,2,0,1.4270257947062535,High,1,0,1.0,5286.2,497.125,2,1,4,1,2,0,1,0
47,No,Travel_Rarely,1180,Research & Development,25,3,Medical,1993,1,Male,84,3,3,Healthcare Representative,3,Single,8633,13084,2,No,23,4,2,0,25,3,3,17,14,12,11,0,0.8793702903660052,High,0,0,4.25,7479.8,332.03846153846155,2,1,3,1,0,2,0,0
33,No,Non-Travel,1313,Research & Development,1,2,Medical,1994,2,Male,59,2,1,Laboratory Technician,3,Divorced,2008,20439,1,No,12,3,3,3,1,2,2,1,1,0,0,0,0.7205098807568914,Medium,0,0,0.5,5404.8,1004.0,0,1,3,1,2,0,0,2
38,No,Travel_Rarely,1321,Sales,1,4,Life Sciences,1995,4,Male,86,3,2,Sales Executive,2,Married,4440,7636,0,No,15,3,1,2,16,3,3,15,13,5,8,0,0.8069386321495765,High,0,0,5.0,6164.0,261.1764705882353,2,2,1,1,7,1,0,0
31,No,Travel_Rarely,1154,Sales,2,2,Life Sciences,1996,1,Male,54,3,1,Sales Representative,3,Married,3067,6393,0,No,19,3,3,1,3,1,3,2,2,1,2,0,1.1004999025305706,High,0,0,1.0,4740.2,766.75,2,2,1,1,8,1,0,0
38,No,Travel_Frequently,508,Research & Development,6,4,Life Sciences,1997,1,Male,72,2,2,Manufacturing Director,3,Married,5321,14284,2,No,11,3,4,1,10,1,3,8,3,7,7,0,0.9670541580333101,Low,0,0,2.6666666666666665,5292.6,483.72727272727275,1,1,1,1,4,1,0,1
42,No,Travel_Rarely,557,Research & Development,18,4,Life Sciences,1998,4,Male,35,3,2,Research Scientist,1,Divorced,5410,11189,6,Yes,17,3,3,1,9,3,2,4,3,1,2,0,0.9832292792633354,High,1,0,1.3333333333333333,5946.0,541.0,2,1,1,1,6,0,1,0
41,No,Travel_Rarely,642,Research & Development,1,3,Life Sciences,1999,4,Male,76,3,1,Research Scientist,4,Married,2782,21412,3,No,22,4,1,1,12,3,3,5,3,1,0,0,0.9982362989370875,High,0,0,2.5,4869.2,214.0,2,1,1,1,6,1,0,0
47,No,Non-Travel,1162,Research & Development,1,1,Medical,2000,3,Female,98,3,3,Research Director,2,Married,11957,17231,0,No,18,3,1,2,14,3,1,13,8,5,12,0,1.21795790129808,High,0,0,3.25,10974.2,797.1333333333333,0,1,3,0,5,1,0,0
35,No,Travel_Rarely,1490,Research & Development,11,4,Medical,2003,4,Male,43,3,1,Laboratory Technician,3,Married,2660,20232,7,Yes,11,3,3,1,5,3,3,2,2,2,2,0,0.9544603002058422,Low,1,1,1.0,3696.0,443.3333333333333,2,1,3,1,2,1,1,1
22,No,Travel_Rarely,581,Research & Development,1,2,Life Sciences,2007,4,Male,63,3,1,Research Scientist,3,Single,3375,17624,0,No,12,3,4,0,4,2,4,3,2,1,2,0,1.2110163583438787,Medium,0,0,1.5,3225.0,675.0,2,1,1,1,6,2,0,2
35,No,Travel_Rarely,1395,Research & Development,9,4,Medical,2008,2,Male,48,3,2,Research Scientist,3,Single,5098,18698,1,No,19,3,2,0,10,5,3,10,7,0,8,0,0.9265254834906624,High,0,0,3.3333333333333335,4958.799999999999,463.45454545454544,2,1,3,1,6,2,0,0
33,No,Travel_Rarely,501,Research & Development,15,2,Medical,2009,2,Female,95,3,2,Healthcare Representative,4,Married,4878,21653,0,Yes,13,3,1,1,10,6,3,9,7,8,1,0,0.8865420377535213,Medium,1,0,3.0,5226.799999999999,443.45454545454544,2,1,3,0,0,1,1,2
32,No,Travel_Rarely,267,Research & Development,29,4,Life Sciences,2010,3,Female,49,2,1,Laboratory Technician,2,Single,2837,15919,1,No,13,3,3,0,6,3,3,6,2,4,1,0,1.0179713803323212,Medium,0,0,3.0,3002.2,405.2857142857143,2,1,1,0,2,2,0,2
40,No,Travel_Rarely,543,Research & Development,1,4,Life Sciences,2012,1,Male,83,3,1,Laboratory Technician,4,Married,2406,4060,8,No,19,3,3,2,8,3,2,1,0,0,0,0,0.8633201061260362,High,0,0,0.5,5343.6,267.3333333333333,2,1,1,1,2,1,0,0
32,No,Travel_Rarely,234,Sales,1,4,Medical,2013,2,Male,68,2,1,Sales Representative,2,Married,2269,18024,0,No,14,3,2,1,3,2,3,2,2,2,2,0,0.814161812468818,Medium,0,0,1.0,3761.3999999999996,567.25,2,2,3,1,8,1,0,2
39,No,Travel_Rarely,116,Research & Development,24,1,Life Sciences,2014,1,Male,52,3,2,Research Scientist,4,Single,4108,5340,7,No,13,3,1,0,18,2,3,7,7,1,7,0,0.746599977673527,Medium,0,0,2.3333333333333335,3764.7999999999997,216.21052631578948,2,1,1,1,6,2,0,2
38,No,Travel_Rarely,201,Research & Development,10,3,Medical,2015,2,Female,99,1,3,Research Director,3,Married,13206,3376,3,No,12,3,1,1,20,3,3,18,16,1,11,0,1.3451829091362753,Medium,0,0,4.5,10123.599999999999,628.8571428571429,2,1,3,0,5,1,0,2
32,No,Travel_Rarely,801,Sales,1,4,Marketing,2016,3,Female,48,3,3,Sales Executive,4,Married,10422,24032,1,No,19,3,3,2,14,3,3,14,10,5,7,0,1.0616005057563427,High,0,0,3.5,10153.2,694.8,2,2,2,0,7,1,0,0
37,No,Travel_Rarely,161,Research & Development,10,3,Life Sciences,2017,3,Female,42,4,3,Research Director,4,Married,13744,15471,1,Yes,25,4,1,1,16,2,3,16,11,6,8,0,1.3999843936974836,High,1,0,4.0,11746.4,808.4705882352941,2,1,1,0,5,1,1,0
25,No,Travel_Rarely,1382,Sales,8,2,Other,2018,1,Female,85,3,2,Sales Executive,3,Divorced,4907,13684,0,Yes,22,4,2,1,6,3,2,5,3,0,4,0,0.8918125828734171,High,1,0,1.6666666666666667,6144.2,701.0,2,2,4,0,7,0,1,0
52,No,Non-Travel,585,Sales,29,4,Life Sciences,2019,1,Male,40,3,1,Sales Representative,4,Divorced,3482,19788,2,No,15,3,2,2,16,3,2,9,8,0,0,0,1.2494100621491513,High,0,0,4.5,5589.2,204.8235294117647,0,2,1,1,8,0,0,0
44,No,Travel_Rarely,1037,Research & Development,1,3,Medical,2020,2,Male,42,3,1,Research Scientist,4,Single,2436,13422,6,Yes,12,3,3,0,6,2,3,4,3,1,2,0,0.8740846959779818,Medium,1,0,2.0,2661.6,348.0,2,1,3,1,6,2,1,2
21,No,Travel_Rarely,501,Sales,5,1,Medical,2021,3,Male,58,3,1,Sales Representative,1,Single,2380,25479,1,Yes,11,3,4,0,2,6,3,2,2,1,2,0,0.8539907949210167,Low,1,1,1.0,2528.0,793.3333333333334,2,2,3,1,8,2,1,1
39,No,Non-Travel,105,Research & Development,9,3,Life Sciences,2022,4,Male,87,3,5,Manager,4,Single,19431,15302,2,No,13,3,3,0,21,3,2,6,0,1,3,0,1.0124622801373775,Medium,0,0,1.0,12958.6,883.2272727272727,0,1,1,1,3,2,0,2
23,Yes,Travel_Frequently,638,Sales,9,3,Marketing,2023,4,Male,33,3,1,Sales Representative,1,Married,1790,26956,1,No,19,3,1,1,1,3,2,1,0,1,0,1,0.6422871944994201,High,0,0,0.5,3974.0,895.0,1,2,2,1,8,1,0,0
36,No,Travel_Rarely,557,Sales,3,3,Medical,2024,1,Female,94,2,3,Sales Executive,4,Married,7644,12695,0,No,19,3,3,2,10,2,3,9,7,3,4,0,0.7786292713492116,High,0,0,2.25,8486.4,694.9090909090909,2,2,3,0,7,1,0,0
36,No,Travel_Frequently,688,Research & Development,4,2,Life Sciences,2025,4,Female,97,3,2,Manufacturing Director,2,Divorced,5131,9192,7,No,13,3,2,3,18,3,3,4,2,0,2,0,0.9325230003512336,Medium,0,0,1.3333333333333333,7378.6,270.05263157894734,1,1,1,0,4,0,0,2
56,No,Non-Travel,667,Research & Development,1,4,Life Sciences,2026,3,Male,57,3,2,Healthcare Representative,3,Divorced,6306,26236,1,No,21,4,1,1,13,2,2,13,12,1,9,0,1.1460709491746013,High,0,0,4.333333333333333,6883.6,450.42857142857144,0,1,1,1,0,0,0,0
29,Yes,Travel_Rarely,1092,Research & Development,1,4,Medical,2027,1,Male,36,3,1,Research Scientist,4,Married,4787,26124,9,Yes,14,3,2,3,4,3,4,2,2,2,2,1,1.7176697207087843,Medium,1,0,1.0,7272.2,957.4,2,1,3,1,6,1,1,2
42,No,Travel_Rarely,300,Research & Development,2,3,Life Sciences,2031,1,Male,56,3,5,Manager,3,Married,18880,17312,5,No,11,3,1,0,24,2,2,22,6,4,14,0,0.9837521408570679,Low,0,0,3.6666666666666665,12428.0,755.2,2,1,1,1,3,1,0,1
56,Yes,Travel_Rarely,310,Research & Development,7,2,Technical Degree,2032,4,Male,72,3,1,Laboratory Technician,3,Married,2339,3666,8,No,11,3,4,1,14,4,1,10,9,9,8,1,0.8392791887900244,Low,0,0,5.0,3503.3999999999996,155.93333333333334,2,1,5,1,2,1,0,1
41,No,Travel_Rarely,582,Research & Development,28,4,Life Sciences,2034,1,Female,60,2,4,Manufacturing Director,2,Married,13570,5640,0,No,23,4,3,1,21,3,3,20,7,0,10,0,0.8752702474928516,High,0,0,4.0,11442.0,616.8181818181819,2,1,1,0,4,1,0,0
34,No,Travel_Rarely,704,Sales,28,3,Marketing,2035,4,Female,95,2,2,Sales Executive,3,Married,6712,8978,1,No,21,4,4,2,8,2,3,8,7,1,7,0,1.2198585808531435,High,0,0,2.6666666666666665,8127.2,745.7777777777778,2,2,2,0,7,1,0,0
36,No,Non-Travel,301,Sales,15,4,Marketing,2036,4,Male,88,1,2,Sales Executive,4,Divorced,5406,10436,1,No,24,4,1,1,15,4,2,15,12,11,11,0,0.98250230752266,High,0,0,5.0,6643.6,337.875,0,2,2,1,7,0,0,0
41,No,Travel_Rarely,930,Sales,3,3,Life Sciences,2037,3,Male,57,2,2,Sales Executive,2,Divorced,8938,12227,2,No,11,3,3,1,14,5,3,5,4,0,4,0,1.6244183545389448,Low,0,0,1.6666666666666667,7462.8,595.8666666666667,2,2,1,1,7,0,0,1
32,No,Travel_Rarely,529,Research & Development,2,3,Technical Degree,2038,4,Male,78,3,1,Research Scientist,1,Single,2439,11288,1,No,14,3,4,0,4,4,3,4,2,1,2,0,0.8751611549631764,Medium,0,0,2.0,2863.3999999999996,487.8,2,1,5,1,6,2,0,2
35,No,Travel_Rarely,1146,Human Resources,26,4,Life Sciences,2040,3,Female,31,3,3,Human Resources,4,Single,8837,16642,1,Yes,16,3,3,0,9,2,3,9,0,1,7,0,0.9001500354412588,High,1,0,2.25,6902.2,883.7,2,0,1,0,1,2,1,0
38,No,Travel_Rarely,345,Sales,10,2,Life Sciences,2041,1,Female,100,3,2,Sales Executive,4,Married,5343,5982,1,No,11,3,3,1,10,1,3,10,7,1,9,0,0.9710525026070241,Low,0,0,3.3333333333333335,5305.799999999999,485.72727272727275,2,2,1,0,7,1,0,1
50,Yes,Travel_Frequently,878,Sales,1,4,Life Sciences,2044,2,Male,94,3,2,Sales Executive,3,Divorced,6728,14255,7,No,12,3,4,2,12,3,3,6,3,0,1,1,1.2227664678158447,Medium,0,0,2.0,7236.799999999999,517.5384615384615,1,2,1,1,7,0,0,2
36,No,Travel_Rarely,1120,Sales,11,4,Marketing,2045,2,Female,100,2,2,Sales Executive,4,Married,6652,14369,4,No,13,3,1,1,8,2,2,6,3,0,0,0,1.208954004743014,Medium,0,0,2.0,6291.2,739.1111111111111,2,2,2,0,7,1,0,2
45,No,Travel_Rarely,374,Sales,20,3,Life Sciences,2046,4,Female,50,3,2,Sales Executive,3,Single,4850,23333,8,No,15,3,3,0,8,3,3,5,3,0,1,0,0.8814532355687942,High,0,0,1.6666666666666667,4410.0,538.8888888888889,2,2,1,0,7,2,0,0
40,No,Travel_Rarely,1322,Research & Development,2,4,Life Sciences,2048,3,Male,52,2,1,Research Scientist,3,Single,2809,2725,2,No,14,3,4,0,8,2,3,2,2,2,2,0,1.0079244298038386,Medium,0,0,1.0,3085.3999999999996,312.1111111111111,2,1,1,1,6,2,0,2
35,No,Travel_Frequently,1199,Research & Development,18,4,Life Sciences,2049,3,Male,80,3,2,Healthcare Representative,3,Married,5689,24594,1,Yes,14,3,4,2,10,2,4,10,2,0,2,0,1.033935558175437,Medium,1,0,3.3333333333333335,6813.4,517.1818181818181,1,1,1,1,0,1,1,2
40,No,Travel_Rarely,1194,Research & Development,2,4,Medical,2051,3,Female,98,3,1,Research Scientist,3,Married,2001,12549,2,No,14,3,2,3,20,2,3,5,3,0,2,0,0.7179981431247707,Medium,0,0,2.5,5600.6,95.28571428571429,2,1,3,0,6,1,0,2
35,No,Travel_Rarely,287,Research & Development,1,4,Life Sciences,2052,3,Female,62,1,1,Research Scientist,4,Married,2977,8952,1,No,12,3,4,1,4,5,3,4,3,1,1,0,1.0682061329747339,Medium,0,0,2.0,3986.2,595.4,2,1,1,0,6,1,0,2
29,No,Travel_Rarely,1378,Research & Development,13,2,Other,2053,4,Male,46,2,2,Laboratory Technician,2,Married,4025,23679,4,Yes,13,3,1,1,10,2,3,4,3,0,3,0,0.7315153140545148,Medium,1,0,1.3333333333333333,4715.0,365.90909090909093,2,1,4,1,2,1,1,2
29,No,Travel_Rarely,468,Research & Development,28,4,Medical,2054,4,Female,73,2,1,Research Scientist,1,Single,3785,8489,1,No,14,3,2,0,5,3,1,5,4,0,4,0,1.3581324196538018,Medium,0,0,2.5,3671.0,630.8333333333334,2,1,3,0,6,2,0,2
50,Yes,Travel_Rarely,410,Sales,28,3,Marketing,2055,4,Male,39,2,3,Sales Executive,1,Divorced,10854,16586,4,Yes,13,3,2,1,20,3,3,3,2,2,0,1,1.1056046717980563,Medium,1,0,0.75,8812.4,516.8571428571429,2,2,2,1,7,0,1,2
39,No,Travel_Rarely,722,Sales,24,1,Marketing,2056,2,Female,60,2,4,Sales Executive,4,Married,12031,8828,0,No,11,3,1,1,21,2,2,20,9,9,6,0,0.7760041523645173,Low,0,0,4.0,9318.599999999999,546.8636363636364,2,2,2,0,7,1,0,1
31,No,Non-Travel,325,Research & Development,5,3,Medical,2057,2,Male,74,3,2,Manufacturing Director,1,Single,9936,3787,0,No,19,3,2,0,10,2,3,9,4,1,7,0,1.8057978038374307,High,0,0,3.0,7861.599999999999,903.2727272727273,0,1,3,1,4,2,0,0
26,No,Travel_Rarely,1167,Sales,5,3,Other,2060,4,Female,30,2,1,Sales Representative,3,Single,2966,21378,0,No,18,3,4,0,5,2,3,4,2,0,0,0,1.0642591166956872,High,0,0,2.0,3579.6,494.3333333333333,2,2,4,0,8,2,0,0
36,No,Travel_Frequently,884,Research & Development,23,2,Medical,2061,3,Male,41,4,2,Laboratory Technician,4,Married,2571,12290,4,No,17,3,3,1,17,3,3,5,2,0,3,0,0.4672610863190453,High,0,0,1.6666666666666667,4242.6,142.83333333333334,1,1,3,1,2,1,0,0
39,No,Travel_Rarely,613,Research & Development,6,1,Medical,2062,4,Male,42,2,3,Healthcare Representative,1,Married,9991,21457,4,No,15,3,1,1,9,5,3,7,7,1,7,0,1.017698201210096,High,0,0,1.75,8494.599999999999,999.1,2,1,3,1,0,1,0,0
27,No,Travel_Rarely,155,Research & Development,4,3,Life Sciences,2064,2,Male,87,4,2,Manufacturing Director,2,Married,6142,5174,1,Yes,20,4,2,1,6,0,3,6,2,0,3,0,1.1162651078069141,High,1,0,2.0,6685.2,877.4285714285714,2,1,1,1,4,1,1,0
49,No,Travel_Frequently,1023,Sales,2,3,Medical,2065,4,Male,63,2,2,Sales Executive,2,Married,5390,13243,2,No,14,3,4,0,17,3,2,9,6,0,8,0,0.9795944205599588,Medium,0,0,3.0,4634.0,299.44444444444446,1,2,3,1,7,1,0,2
34,No,Travel_Rarely,628,Research & Development,8,3,Medical,2068,2,Male,82,4,2,Laboratory Technician,3,Married,4404,10228,2,No,12,3,1,0,6,3,4,4,3,1,2,0,0.8003958864834988,Medium,0,0,1.3333333333333333,3842.4,629.1428571428571,2,1,3,1,2,1,0,2
